merchant_sku,store_name,official_name,brand,size,category_path,short_description,description,short_char_count,description_char_count,source_type,source_url,identity_status,content_status,decision,approval_status,review_notes
ARD-1015,عطر فلفت عود,Velvet Oud / فيلفيت عود,Lattafa,100 مل,العطور والمعطرات › العطور,عطر شرقي خشبي للجنسين بحجم 100 مل من لطافة، يجمع لمسات التوابل والجلد والعود والعنبر في طابع دافئ ومتوازن.,يفتتح فيلفيت عود بالهيل والبرغموت، ثم ينتقل إلى قلب من أوراق البنفسج والباتشولي. وتستقر تركيبته على الجلد والعود والعنبر والمسك وطحلب البلوط، لتقدم رائحة شرقية خشبية لمن يفضلون الطابع الدافئ.,106,191,Official manufacturer,https://lattafa.com/ar/product/%D9%81%D9%8A%D9%84%D9%81%D9%8A%D8%AA-%D8%B9%D9%88%D8%AF/,VERIFIED,FULL_OFFICIAL,APPROVED,APPROVED_FULL,المعلومات مأخوذة من صفحة لطافة الرسمية.
ARD-1042,عطر ليل ملكي,Lail Maleki,Lattafa,100 مل,العطور والمعطرات › العطور,عطر كهرماني للجنسين بحجم 100 مل من لطافة، بطابع فاكهي متبّل وزهري يستقر على قاعدة دافئة من خشب الصندل والعنبر.,تبدأ تركيبة ليل ملكي بالأناناس والألدهيدات والقرفة، ثم تنتقل إلى قلب زهري من الورد والياسمين، وتستقر على قاعدة من خشب الصندل والعنبر. توليفة تجمع الانتعاش الفاكهي والدفء المتبّل في عطر واحد.,110,190,Official manufacturer,https://lattafa.com/product/lail-maleki/,VERIFIED,FULL_OFFICIAL,APPROVED,APPROVED_FULL,استخدمت قائمة النوتات المنظمة في الصفحة الرسمية.
ARD-1065,عود مود الكسير,Oud Mood Elixir / عود مود إليكسير,Lattafa,100 مل,العطور والمعطرات › العطور,عطر شرقي بحجم 100 مل من لطافة، يبرز فيه العود والزعفران والتوابل مع قاعدة دافئة من الفانيليا والعنبر.,يفتتح عود مود إليكسير بجوزة الطيب والقرفة والزعفران، ثم يظهر في القلب خشب الصندل والعود والجلد. وتكتمل التركيبة بقاعدة دافئة من الفانيليا والعنبر، بطابع شرقي خشبي ومتبل.,101,169,Official manufacturer,https://lattafa.com/ar/product/%D8%B9%D9%88%D8%AF-%D9%85%D9%88%D8%AF-%D8%A5%D9%84%D9%8A%D9%83%D8%B3%D9%8A%D8%B1/,VERIFIED,FULL_OFFICIAL,APPROVED,APPROVED_FULL,توجد ملاحظة اختلاف في تصنيف الجنس بين نسخ الصفحة؛ لذلك لم يُذكر الجنس في الوصف.
ARD-1172,عطر فخر لطافة رجالي,Fakhar Lattafa Men,Lattafa,100 مل,العطور والمعطرات › العطور,عطر رجالي بحجم 100 مل من لطافة، بطابع منعش وخشبي يبدأ بالبرغموت واللمسات البحرية ويتدرج إلى البنفسج والعنبر والباتشولي.,يفتتح فخر لطافة الرجالي بالبرغموت والسوسن واللمسات البحرية، ثم ينتقل إلى قلب من البنفسج والعنبر. وتستقر تركيبته على طحلب البلوط والباتشولي، لتقدم طابعاً رجولياً منعشاً وخشبياً.,119,176,Official manufacturer,https://lattafa.com/product/fakhar-lattafa-men/,VERIFIED,FULL_OFFICIAL,APPROVED,APPROVED_FULL,الوصف مبني على قائمة النوتات الرسمية.
ARD-1173,عطر فخر لطافة نسائي,Fakhar Lattafa Women,Lattafa,100 مل,العطور والمعطرات › العطور,عطر نسائي بحجم 100 مل من لطافة، بتركيبة زهرية بيضاء تبدأ بزهر البرتقال وتجمع مسك الروم والياسمين على قاعدة من نجيل الهند والباتشولي.,تبدأ تركيبة فخر لطافة النسائي بزهر البرتقال، ثم تتفتح في القلب نفحات مسك الروم والياسمين. وتستقر على قاعدة من نجيل الهند والباتشولي، بطابع زهري أنثوي واضح.,132,155,Official manufacturer,https://lattafa.com/product/fakhar-lattafa-women/,VERIFIED,FULL_OFFICIAL,APPROVED,APPROVED_FULL,الوصف مبني على قائمة النوتات الرسمية.
ARD-3270,عطر اميرة العرب برايف روز 100 مل,Ameerat Al Arab Prive Rose,Asdaaf,100 مل,العطور والمعطرات › العطور,عطر نسائي زهري فاكهي بحجم 100 مل من أصداف، يجمع الفراولة والعنب والبرتقال مع باقة زهرية وقاعدة دافئة من العنبر وخشب الصندل.,تبدأ أميرة العرب برايف روز بالفراولة والعنب والبرتقال، ثم تنتقل إلى قلب زهري من الورد والمسك الأبيض والغاردينيا والياسمين والزنبق والإيلنغ. وتستقر على حبوب التونكا والعنبر وخشب الصندل.,123,184,Official manufacturer,https://lattafa.com/product/ameerat-al-arab-prive-rose/,VERIFIED,FULL_OFFICIAL,APPROVED,APPROVED_FULL,العلامة الرسمية Asdaaf التابعة لكتالوج لطافة.
ARD-1826,عطر ناو اسود,Rave Now,RAVE,100 مل,العطور والمعطرات › العطور,عطر رجالي بحجم 100 مل من RAVE، يبدأ بالفواكه والبرغموت ويتدرج إلى قلب زهري خشبي وقاعدة من المسك والفانيليا وطحلب البلوط.,يفتتح Rave Now بالأناناس والكشمش الأسود والبرغموت والتفاح، ثم ينتقل إلى قلب من الورد وخشب البتولا والياسمين المغربي والباتشولي. وتستقر تركيبته على المسك والفانيليا وطحلب البلوط والعنبر الرمادي.,120,193,Official manufacturer,https://lattafa.com/product/rave-now/,VERIFIED,FULL_OFFICIAL,APPROVED,APPROVED_FULL,مطابق للإصدار الأسود الظاهر باسم Rave Now.
ARD-2800,عطر ناو انتينس ازرق,Rave Now Intense,RAVE,100 مل,العطور والمعطرات › العطور,عطر رجالي بحجم 100 مل من RAVE ضمن إصدار Now Intense، بعبوة زرقاء وتصميم عصري من مجموعة Now.,,91,0,Official manufacturer,https://lattafa.com/product/rave-now-intense/,VERIFIED,SHORT_ONLY_OFFICIAL,APPROVED_SHORT_ONLY,APPROVED_SHORT_ONLY,الصفحة الرسمية تثبت الاسم والحجم والجنس، لكنها لا تنشر النوتات حالياً؛ يمنع اختراع وصف تفصيلي.
ARD-3723,عطر ناو ومن 100 مل,Rave Now Women,RAVE,100 مل,العطور والمعطرات › العطور,عطر نسائي بحجم 100 مل من RAVE، بطابع فاكهي حلو يبدأ بالفواكه الحمراء والبرتقال وينتهي بالفانيليا والمسك والطحلب.,تبدأ تركيبة Rave Now Women بالفواكه الحمراء والبرتقال، ثم تنتقل إلى قلب حلو وزهري من المارشميلو وزنبق الوادي والياسمين. وتستقر على قاعدة من الفانيليا والطحلب والمسك.,112,165,Official manufacturer,https://lattafa.com/product/rave-now-women/,VERIFIED,FULL_OFFICIAL,APPROVED,APPROVED_FULL,الإصدار النسائي الرسمي من مجموعة Rave Now.
