batch_id,source_row_number,merchant_sku,normalized_name,slug,category,brand,size,price_source_status,image_source,normalized_image_path,image_sha256,validation_status,rejection_reason
batch001,2,ARD-3812,لوشن سيف الفارس بابايا ليمون 500 مل,لوشن-سيف-الفارس-بابايا-ليمون-500-مل-ard-3812,body-bath-care,Saif Al Fares,500 مل,VALID,.tmp-product-import/ard-al-khaleej/bulk2200/normalized/ARD-3812.webp,ac7c356b-bcdf-4700-b31f-c6d2c5b53ca7/bulk2200/ARD-3812-EFBCE88F.webp,EFBCE88F2FC3CFEACF6FE5EB1D72837CE9D4C7F958B4ED32CB282656EA462377,READY,
batch001,3,ARD-3813,لوشن سيف الفارس كاكاو وصويا 500 مل,لوشن-سيف-الفارس-كاكاو-وصويا-500-مل-ard-3813,body-bath-care,Saif Al Fares,500 مل,VALID,.tmp-product-import/ard-al-khaleej/bulk2200/normalized/ARD-3813.webp,ac7c356b-bcdf-4700-b31f-c6d2c5b53ca7/bulk2200/ARD-3813-F475E139.webp,F475E13970A47E36528A34AC3922A185D2AE3C14C54B8E07E3FA59980EEDE155,READY,
batch001,4,ARD-3814,لوشن سيف الفارس ألوفيرا بلو بيري 500 مل,لوشن-سيف-الفارس-ألوفيرا-بلو-بيري-500-مل-ard-3814,body-bath-care,Saif Al Fares,500 مل,VALID,.tmp-product-import/ard-al-khaleej/bulk2200/normalized/ARD-3814.webp,ac7c356b-bcdf-4700-b31f-c6d2c5b53ca7/bulk2200/ARD-3814-01206D51.webp,01206D514937745EB640A09F440913E0C91ACD2C633A98AD1AD2FAF2E993BBCE,READY,
batch001,6,ARD-3816,لوشن سيف الفارس ماء ورد لوز 500 مل,لوشن-سيف-الفارس-ماء-ورد-لوز-500-مل-ard-3816,body-bath-care,Saif Al Fares,500 مل,VALID,.tmp-product-import/ard-al-khaleej/bulk2200/normalized/ARD-3816.webp,ac7c356b-bcdf-4700-b31f-c6d2c5b53ca7/bulk2200/ARD-3816-CF6E6098.webp,CF6E6098CEAB2A7DE93F1307BAFD5906F569BA4824D4189230997C5A887E3905,READY,
batch001,7,ARD-3819,شاور جل سنسيت بردايس,شاور-جل-سنسيت-بردايس-ard-3819,body-bath-care,Saif Al Fares,,VALID,.tmp-product-import/ard-al-khaleej/bulk2200/normalized/ARD-3819.webp,ac7c356b-bcdf-4700-b31f-c6d2c5b53ca7/bulk2200/ARD-3819-142E3B1F.webp,142E3B1F4C379868CC55E2E0AE41C8E4C7BF52499A89CF31E6CC31241F3BD2F0,READY,
batch001,8,ARD-3820,شاور جل رومانتك وايت تي,شاور-جل-رومانتك-وايت-تي-ard-3820,body-bath-care,Saif Al Fares,,VALID,.tmp-product-import/ard-al-khaleej/bulk2200/normalized/ARD-3820.webp,ac7c356b-bcdf-4700-b31f-c6d2c5b53ca7/bulk2200/ARD-3820-E960190E.webp,E960190E539BEBB5E0E5E63BD79415AED1FFBC0834B06B03EA366DD95F2020B6,READY,
batch001,9,ARD-3821,شاور جل برتي بلوسوم,شاور-جل-برتي-بلوسوم-ard-3821,body-bath-care,Saif Al Fares,,VALID,.tmp-product-import/ard-al-khaleej/bulk2200/normalized/ARD-3821.webp,ac7c356b-bcdf-4700-b31f-c6d2c5b53ca7/bulk2200/ARD-3821-D47DDE9A.webp,D47DDE9AE66C803E0C48977F3B2DB94EFE284E74D8EF710CB53C58DB785C9184,READY,
batch001,10,ARD-3822,شاور جل كاونتري كرين تي,شاور-جل-كاونتري-كرين-تي-ard-3822,body-bath-care,Saif Al Fares,,VALID,.tmp-product-import/ard-al-khaleej/bulk2200/normalized/ARD-3822.webp,ac7c356b-bcdf-4700-b31f-c6d2c5b53ca7/bulk2200/ARD-3822-C6A3EE15.webp,C6A3EE15F261E4D073075680EB33A85C8BEC28C4C91DA71F2AEEE5F486C92CA5,READY,
batch001,11,ARD-3823,شاور جل بيونس كاردن,شاور-جل-بيونس-كاردن-ard-3823,body-bath-care,Saif Al Fares,,VALID,.tmp-product-import/ard-al-khaleej/bulk2200/normalized/ARD-3823.webp,ac7c356b-bcdf-4700-b31f-c6d2c5b53ca7/bulk2200/ARD-3823-D861D35A.webp,D861D35A5BA3E8BA8EDC058A0C601015F0E7304A41232D07547872AD00BE2DD6,READY,
batch001,14,ARD-3828,عطر اكوا شهامه الورد 100 مل,عطر-اكوا-شهامه-الورد-100-مل-ard-3828,perfumes,Saif Al Fares,100 مل,VALID,.tmp-product-import/ard-al-khaleej/bulk2200/normalized/ARD-3828.webp,ac7c356b-bcdf-4700-b31f-c6d2c5b53ca7/bulk2200/ARD-3828-16588BAD.webp,16588BAD51F1876E045858F0759870ED71202C250CBB25A5DA99AF694705CC08,READY,
batch001,15,ARD-3829,عطر اكوا شهامه الليل 100 مل,عطر-اكوا-شهامه-الليل-100-مل-ard-3829,perfumes,Saif Al Fares,100 مل,VALID,.tmp-product-import/ard-al-khaleej/bulk2200/normalized/ARD-3829.webp,ac7c356b-bcdf-4700-b31f-c6d2c5b53ca7/bulk2200/ARD-3829-789C0F5E.webp,789C0F5E6129E73D533E2584258037FB37DA83677A64C15FD16D6DC38A0070DC,READY,
batch001,16,ARD-3830,عطر اكوا شهامه الروح 100 مل,عطر-اكوا-شهامه-الروح-100-مل-ard-3830,perfumes,Saif Al Fares,100 مل,VALID,.tmp-product-import/ard-al-khaleej/bulk2200/normalized/ARD-3830.webp,ac7c356b-bcdf-4700-b31f-c6d2c5b53ca7/bulk2200/ARD-3830-C5FB18BD.webp,C5FB18BD754A08FDF895DC529B8E92A2846B179F0539234BFA6C322CCC63CFF2,READY,
batch001,17,ARD-3831,عطر اكوا شهامه الاحلام 100 مل,عطر-اكوا-شهامه-الاحلام-100-مل-ard-3831,perfumes,Saif Al Fares,100 مل,VALID,.tmp-product-import/ard-al-khaleej/bulk2200/normalized/ARD-3831.webp,ac7c356b-bcdf-4700-b31f-c6d2c5b53ca7/bulk2200/ARD-3831-01516A66.webp,01516A6664D823E984DCAB0E765838E5DBFAFA55338EA2A19C2E38C8B813B629,READY,
batch001,18,ARD-3832,عطر اكوا شهامه الشغف 100 مل,عطر-اكوا-شهامه-الشغف-100-مل-ard-3832,perfumes,Saif Al Fares,100 مل,VALID,.tmp-product-import/ard-al-khaleej/bulk2200/normalized/ARD-3832.webp,ac7c356b-bcdf-4700-b31f-c6d2c5b53ca7/bulk2200/ARD-3832-412CA3B6.webp,412CA3B6CFF582069831C2C3A4C6311B3B45FECE0D93C7F78E5ADF160890C0AC,READY,
batch001,19,ARD-3833,عطر اكوا اصالة عود 100 مل,عطر-اكوا-اصالة-عود-100-مل-ard-3833,perfumes,Saif Al Fares,100 مل,VALID,.tmp-product-import/ard-al-khaleej/bulk2200/normalized/ARD-3833.webp,ac7c356b-bcdf-4700-b31f-c6d2c5b53ca7/bulk2200/ARD-3833-DDB3EEFB.webp,DDB3EEFB3DD3FC85E33CEE15405FBF93EB1C9F771C22BF84286F9C08126DE0C4,READY,
batch001,20,ARD-3834,عطر اكوا اصالة صفا 100 مل,عطر-اكوا-اصالة-صفا-100-مل-ard-3834,perfumes,Saif Al Fares,100 مل,VALID,.tmp-product-import/ard-al-khaleej/bulk2200/normalized/ARD-3834.webp,ac7c356b-bcdf-4700-b31f-c6d2c5b53ca7/bulk2200/ARD-3834-8411530D.webp,8411530D2CA165FD4A0A4F4CD8297A431861BA32F07D403F82CA775993971C09,READY,
batch001,21,ARD-3835,عطر اكوا اصالة مسك 100 مل,عطر-اكوا-اصالة-مسك-100-مل-ard-3835,perfumes,Saif Al Fares,100 مل,VALID,.tmp-product-import/ard-al-khaleej/bulk2200/normalized/ARD-3835.webp,ac7c356b-bcdf-4700-b31f-c6d2c5b53ca7/bulk2200/ARD-3835-5C2E0485.webp,5C2E0485227700EF69BEC4BA8F64619FD3716AF8B497EE7D4C72E846CF09E4D2,READY,
batch001,22,ARD-3836,عطر اكوا اصالة مروة 100 مل,عطر-اكوا-اصالة-مروة-100-مل-ard-3836,perfumes,Saif Al Fares,100 مل,VALID,.tmp-product-import/ard-al-khaleej/bulk2200/normalized/ARD-3836.webp,ac7c356b-bcdf-4700-b31f-c6d2c5b53ca7/bulk2200/ARD-3836-EA921E4C.webp,EA921E4C3E76963740480A4C3B7D7B1EFF81B3E010DA8E01C75F44174A575D18,READY,
batch001,23,ARD-3837,عطر اكوا اصالة شروق 100 مل,عطر-اكوا-اصالة-شروق-100-مل-ard-3837,perfumes,Saif Al Fares,100 مل,VALID,.tmp-product-import/ard-al-khaleej/bulk2200/normalized/ARD-3837.webp,ac7c356b-bcdf-4700-b31f-c6d2c5b53ca7/bulk2200/ARD-3837-8958B30B.webp,8958B30B31732F4955A8A0516D0B607154E46A4BF8DCFD97FD184E63040DEF41,READY,
batch001,24,ARD-3838,عطر اكوا كلماتي قمر 100 مل,عطر-اكوا-كلماتي-قمر-100-مل-ard-3838,perfumes,Saif Al Fares,100 مل,VALID,.tmp-product-import/ard-al-khaleej/bulk2200/normalized/ARD-3838.webp,ac7c356b-bcdf-4700-b31f-c6d2c5b53ca7/bulk2200/ARD-3838-C415A34A.webp,C415A34A430FE27D774FF375B62CA785638758A29747E51B2343831DBF1E95B8,READY,
batch001,25,ARD-3839,عطر اكوا كلماتي شمس 100 مل,عطر-اكوا-كلماتي-شمس-100-مل-ard-3839,perfumes,Saif Al Fares,100 مل,VALID,.tmp-product-import/ard-al-khaleej/bulk2200/normalized/ARD-3839.webp,ac7c356b-bcdf-4700-b31f-c6d2c5b53ca7/bulk2200/ARD-3839-8EE594FB.webp,8EE594FB71CE340C75F85E31D4E77F8301AD01E07C6C046D135B5F666019B565,READY,
batch001,26,ARD-3840,عطر اكوا كلماتي رحمة 100 مل,عطر-اكوا-كلماتي-رحمة-100-مل-ard-3840,perfumes,Saif Al Fares,100 مل,VALID,.tmp-product-import/ard-al-khaleej/bulk2200/normalized/ARD-3840.webp,ac7c356b-bcdf-4700-b31f-c6d2c5b53ca7/bulk2200/ARD-3840-AA54BB0A.webp,AA54BB0AA5519C297B84E979B1D5303CAD749A7CB499EB33C2515F5E80CE626A,READY,
batch001,27,ARD-3842,عطر اكوا كلماتي شوق 100 مل,عطر-اكوا-كلماتي-شوق-100-مل-ard-3842,perfumes,Saif Al Fares,100 مل,VALID,.tmp-product-import/ard-al-khaleej/bulk2200/normalized/ARD-3842.webp,ac7c356b-bcdf-4700-b31f-c6d2c5b53ca7/bulk2200/ARD-3842-A8DAE749.webp,A8DAE749B4843DB3D7D9429A597923E0E5B695661F4CA1BBAA6C1E649E2D5132,READY,
batch001,29,ARD-249,عطر قائد,عطر-قائد-ard-249,perfumes,Lattafa,,VALID,.tmp-product-import/ard-al-khaleej/batch100/images-source/ARD-249.webp,ac7c356b-bcdf-4700-b31f-c6d2c5b53ca7/bulk2200/ARD-249-282E4A14.webp,282E4A14E12C98CA43F5DB49536B0CF115F234F097DA9527A671966C0EAC45E7,READY,
batch001,36,ARD-422,عطر خشبي,عطر-خشبي-ard-422,perfumes,Lattafa,,VALID,.tmp-product-import/ard-al-khaleej/batch100/images-source/ARD-422.jpg,ac7c356b-bcdf-4700-b31f-c6d2c5b53ca7/bulk2200/ARD-422-38A232D7.webp,38A232D75F58018BBB79C1DDEFC728E55A8439B85B8FF30F666BC8C75F966C78,READY,
batch001,41,ARD-468,عطر خلطات عربيه ذهبي,عطر-خلطات-عربيه-ذهبي-ard-468,perfumes,Lattafa,,VALID,.tmp-product-import/ard-al-khaleej/batch100/images-source/ARD-468.jpg,ac7c356b-bcdf-4700-b31f-c6d2c5b53ca7/bulk2200/ARD-468-77D3C129.webp,77D3C1294FBC003613C304E0783762AA9FEF1BBC9E5552FD07B3D44A130D5F02,READY,
batch001,58,ARD-1249,عطر سر الخلود الذهبي,عطر-سر-الخلود-الذهبي-ard-1249,perfumes,Lattafa,,VALID,.tmp-product-import/ard-al-khaleej/bulk2200/normalized/ARD-1249.webp,ac7c356b-bcdf-4700-b31f-c6d2c5b53ca7/bulk2200/ARD-1249-54D5EC31.webp,54D5EC31432F4326BE2021C51AC0486A120E40929379F3ECCDF3E0C45DC3E782,READY,
batch001,59,ARD-1250,عطر امير العود,عطر-امير-العود-ard-1250,perfumes,Lattafa,,VALID,.tmp-product-import/ard-al-khaleej/bulk2200/normalized/ARD-1250.webp,ac7c356b-bcdf-4700-b31f-c6d2c5b53ca7/bulk2200/ARD-1250-A9149A05.webp,A9149A05773481EF5EA0CDC6482725CAA5B4E6BAD68A615E6BE729326326B159,READY,
batch001,60,ARD-1256,عطر ماهر الذهبي,عطر-ماهر-الذهبي-ard-1256,perfumes,Lattafa,,VALID,.tmp-product-import/ard-al-khaleej/bulk2200/normalized/ARD-1256.webp,ac7c356b-bcdf-4700-b31f-c6d2c5b53ca7/bulk2200/ARD-1256-1287F538.webp,1287F538133494DFB6CCC5ADDCBEF34BEDF50E446B0A0C12D81B8E842479CC54,READY,
batch001,61,ARD-1322,عطر رائد ذهبي,عطر-رائد-ذهبي-ard-1322,perfumes,Lattafa,,VALID,.tmp-product-import/ard-al-khaleej/bulk2200/normalized/ARD-1322.webp,ac7c356b-bcdf-4700-b31f-c6d2c5b53ca7/bulk2200/ARD-1322-7321E300.webp,7321E30069B2DE23D73B1DFA6FE61103B484DB89AE937997FB9CB87C6EFC0D0E,READY,
batch001,62,ARD-1323,عطر رائد سلفر,عطر-رائد-سلفر-ard-1323,perfumes,Lattafa,,VALID,.tmp-product-import/ard-al-khaleej/bulk2200/normalized/ARD-1323.webp,ac7c356b-bcdf-4700-b31f-c6d2c5b53ca7/bulk2200/ARD-1323-D1BB1C30.webp,D1BB1C30E08911E89A4A61E14B9B15EA8A3C6FAD85057C4B05EABCD9E22E1332,READY,
batch001,63,ARD-1330,عطر اجيال,عطر-اجيال-ard-1330,perfumes,Lattafa,,VALID,.tmp-product-import/ard-al-khaleej/bulk2200/normalized/ARD-1330.webp,ac7c356b-bcdf-4700-b31f-c6d2c5b53ca7/bulk2200/ARD-1330-413CCEB9.webp,413CCEB9A646B59612BE6E77C6389D3BA892F53CBCE1482BB6503361653A3D8B,READY,
batch001,64,ARD-1338,عطر عروق العود اميرلد,عطر-عروق-العود-اميرلد-ard-1338,perfumes,Lattafa,,VALID,.tmp-product-import/ard-al-khaleej/bulk2200/normalized/ARD-1338.webp,ac7c356b-bcdf-4700-b31f-c6d2c5b53ca7/bulk2200/ARD-1338-EB65276E.webp,EB65276E099FB18756E9D4E88EBFC3E3D08401EB78F40DDB25926BDD60A3FA73,READY,
batch001,67,ARD-1433,عطر بديع العود,عطر-بديع-العود-ard-1433,perfumes,Lattafa,,VALID,.tmp-product-import/ard-al-khaleej/bulk2200/normalized/ARD-1433.webp,ac7c356b-bcdf-4700-b31f-c6d2c5b53ca7/bulk2200/ARD-1433-1B76AB8B.webp,1B76AB8B6D70A669BD1638063031402BFA4AADE52CE0E896C5112AC161FF58C6,READY,
batch001,68,ARD-1438,كونفيدينتال ذهبي,كونفيدينتال-ذهبي-ard-1438,perfumes,Lattafa,,VALID,.tmp-product-import/ard-al-khaleej/bulk2200/normalized/ARD-1438.webp,ac7c356b-bcdf-4700-b31f-c6d2c5b53ca7/bulk2200/ARD-1438-02D3B1FC.webp,02D3B1FC47658511E40CCCC7B1A470139AE2101D12E9CF410EB61C4A7625B498,READY,
batch001,69,ARD-1439,كونفيدينتال سلفر,كونفيدينتال-سلفر-ard-1439,perfumes,Lattafa,,VALID,.tmp-product-import/ard-al-khaleej/bulk2200/normalized/ARD-1439.webp,ac7c356b-bcdf-4700-b31f-c6d2c5b53ca7/bulk2200/ARD-1439-34853E48.webp,34853E488E0053DBFC998E1DA1C0D29C96FA48E6DFB2C253AF5DE14EE9A6DF6D,READY,
batch001,71,ARD-1513,عطر خالص عودي,عطر-خالص-عودي-ard-1513,perfumes,Lattafa,,VALID,.tmp-product-import/ard-al-khaleej/bulk2200/normalized/ARD-1513.webp,ac7c356b-bcdf-4700-b31f-c6d2c5b53ca7/bulk2200/ARD-1513-FC909A1B.webp,FC909A1BEB7B5B463D02E3EF77F6BB99B83904E1945471488C23173FC0F8A55C,READY,
batch001,72,ARD-1672,عطر شيخ الشيوخ / اصدار نهائي,عطر-شيخ-الشيوخ-اصدار-نهائي-ard-1672,perfumes,Lattafa,,VALID,.tmp-product-import/ard-al-khaleej/bulk2200/normalized/ARD-1672.webp,ac7c356b-bcdf-4700-b31f-c6d2c5b53ca7/bulk2200/ARD-1672-924BDFAE.webp,924BDFAE78D99671C8651AF8C45CE3272C4A3E2E5006C1F8C9BBAFB293380028,READY,
batch001,74,ARD-1702,عطر ملك الطيور مركز,عطر-ملك-الطيور-مركز-ard-1702,perfumes,Lattafa,,VALID,.tmp-product-import/ard-al-khaleej/bulk2200/normalized/ARD-1702.webp,ac7c356b-bcdf-4700-b31f-c6d2c5b53ca7/bulk2200/ARD-1702-FB802B3B.webp,FB802B3B75F9F530226B93A75E1FE5938CA000F9663F9D7F4F1E0B326A191C1F,READY,
batch001,75,ARD-1744,عطر اديب,عطر-اديب-ard-1744,perfumes,Lattafa,,VALID,.tmp-product-import/ard-al-khaleej/bulk2200/normalized/ARD-1744.webp,ac7c356b-bcdf-4700-b31f-c6d2c5b53ca7/bulk2200/ARD-1744-043E561D.webp,043E561D1ADE2C241996FAFAD141A7B63B1447A3DDEBA44628BCF0B338BAFACA,READY,
batch001,76,ARD-1774,عطر سر حبي,عطر-سر-حبي-ard-1774,perfumes,Lattafa,,VALID,.tmp-product-import/ard-al-khaleej/bulk2200/normalized/ARD-1774.webp,ac7c356b-bcdf-4700-b31f-c6d2c5b53ca7/bulk2200/ARD-1774-A2EBCEDD.webp,A2EBCEDDADE341D5832ABB452F35666D474D86E331811E2F383F5945B18A29D4,READY,
batch001,77,ARD-1816,عطر الفرسان عود اديشن,عطر-الفرسان-عود-اديشن-ard-1816,perfumes,Lattafa,,VALID,.tmp-product-import/ard-al-khaleej/bulk2200/normalized/ARD-1816.webp,ac7c356b-bcdf-4700-b31f-c6d2c5b53ca7/bulk2200/ARD-1816-F2C0E9D9.webp,F2C0E9D99844F56750162C065CC533A8FDABB5636B7D9DEDE37D4A89B4BC6AC4,READY,
batch001,78,ARD-1856,عطر قلائد,عطر-قلائد-ard-1856,perfumes,Lattafa,,VALID,.tmp-product-import/ard-al-khaleej/bulk2200/normalized/ARD-1856.webp,ac7c356b-bcdf-4700-b31f-c6d2c5b53ca7/bulk2200/ARD-1856-87F1D157.webp,87F1D15763695A953D1476A16782CD8A1AEDF8753353C1DDB56960E9320EF8BF,READY,
batch001,80,ARD-1910,عطر ماهر اسود,عطر-ماهر-اسود-ard-1910,perfumes,Lattafa,,VALID,.tmp-product-import/ard-al-khaleej/bulk2200/normalized/ARD-1910.webp,ac7c356b-bcdf-4700-b31f-c6d2c5b53ca7/bulk2200/ARD-1910-57836FEF.webp,57836FEF50B646D09E1955EFB3F036026190332CAA8A861EF85AFD4AE6235F1F,READY,
batch001,81,ARD-2105,عطر اجود,عطر-اجود-ard-2105,perfumes,Lattafa,,VALID,.tmp-product-import/ard-al-khaleej/bulk2200/normalized/ARD-2105.webp,ac7c356b-bcdf-4700-b31f-c6d2c5b53ca7/bulk2200/ARD-2105-7F24CDA6.webp,7F24CDA6B6E21AFCCB9D898231FF984D6E265AB40E84076A80B8150A4612C904,READY,
batch001,82,ARD-2116,عطر الاثال 100 مل,عطر-الاثال-100-مل-ard-2116,perfumes,Lattafa,100 مل,VALID,.tmp-product-import/ard-al-khaleej/bulk2200/normalized/ARD-2116.webp,ac7c356b-bcdf-4700-b31f-c6d2c5b53ca7/bulk2200/ARD-2116-080FB4B9.webp,080FB4B983E61DA26D46788EEED0159A14E26F8594A81FBCBCF04219F88EB36C,READY,
batch001,83,ARD-2117,عطر اعجازي لطافة سلفر,عطر-اعجازي-لطافة-سلفر-ard-2117,perfumes,Lattafa,,VALID,.tmp-product-import/ard-al-khaleej/bulk2200/normalized/ARD-2117.webp,ac7c356b-bcdf-4700-b31f-c6d2c5b53ca7/bulk2200/ARD-2117-6C428BD6.webp,6C428BD6227133BE2D370D7CB041FCA8489AB1AA4834A6558D08425033310C6C,READY,
batch001,89,ARD-2150,عطر اصحاب,عطر-اصحاب-ard-2150,perfumes,Lattafa,,VALID,.tmp-product-import/ard-al-khaleej/bulk2200/normalized/ARD-2150.webp,ac7c356b-bcdf-4700-b31f-c6d2c5b53ca7/bulk2200/ARD-2150-C2A05320.webp,C2A0532045B31B1E383321899678E652A5B30A56AD58AC44500EABA67E85345D,READY,
batch001,90,ARD-2151,عطر ثريا,عطر-ثريا-ard-2151,perfumes,Lattafa,,VALID,.tmp-product-import/ard-al-khaleej/bulk2200/normalized/ARD-2151.webp,ac7c356b-bcdf-4700-b31f-c6d2c5b53ca7/bulk2200/ARD-2151-C97FAF36.webp,C97FAF36482CCF4571555778F06AC455CF195AE78CCEF86B0E355003CD6EA22F,READY,
batch001,97,ARD-2497,عطر خلطة لطافة 100 مل,عطر-خلطة-لطافة-100-مل-ard-2497,perfumes,Lattafa,100 مل,VALID,.tmp-product-import/ard-al-khaleej/bulk2200/normalized/ARD-2497.webp,ac7c356b-bcdf-4700-b31f-c6d2c5b53ca7/bulk2200/ARD-2497-EF7F1EC7.webp,EF7F1EC7AE09E687621CD67E41D71A22EC9C4501FC6EFBCF2426284547DD009C,READY,
batch001,98,ARD-2503,عطر محاسن كرستال,عطر-محاسن-كرستال-ard-2503,perfumes,Lattafa,,VALID,.tmp-product-import/ard-al-khaleej/bulk2200/normalized/ARD-2503.webp,ac7c356b-bcdf-4700-b31f-c6d2c5b53ca7/bulk2200/ARD-2503-46F8C3D4.webp,46F8C3D4D3638F9D30269B425A3A8A2CBF0E36F2178C3BC2851780A9276240C2,READY,
batch001,103,ARD-2519,عطر المؤرخ 100 مل,عطر-المؤرخ-100-مل-ard-2519,perfumes,Lattafa,100 مل,VALID,.tmp-product-import/ard-al-khaleej/bulk2200/normalized/ARD-2519.webp,ac7c356b-bcdf-4700-b31f-c6d2c5b53ca7/bulk2200/ARD-2519-0B618CC3.webp,0B618CC3734ED5133D274311C6BCC2429A25FC1A9BC6E37E882AEB83ADD2A996,READY,
batch001,110,ARD-2768,عطر مهرة سيلكي روز وردي 100 مل,عطر-مهرة-سيلكي-روز-وردي-100-مل-ard-2768,perfumes,Lattafa,100 مل,VALID,.tmp-product-import/ard-al-khaleej/bulk2200/normalized/ARD-2768.webp,ac7c356b-bcdf-4700-b31f-c6d2c5b53ca7/bulk2200/ARD-2768-F2AB3C10.webp,F2AB3C100E4324DEDBD3302F0B971A6172C32CA1370A4B0B9F6A8675F0C3654E,READY,
batch001,112,ARD-2868,عطر ميار,عطر-ميار-ard-2868,perfumes,Lattafa,,VALID,.tmp-product-import/ard-al-khaleej/bulk2200/normalized/ARD-2868.webp,ac7c356b-bcdf-4700-b31f-c6d2c5b53ca7/bulk2200/ARD-2868-9A5C2209.webp,9A5C220935865C7BE4187B0756B106A082A2ABBF3A94250BA2E7BA27FB379D91,READY,
batch001,113,ARD-2875,عطر مسمم,عطر-مسمم-ard-2875,perfumes,Lattafa,,VALID,.tmp-product-import/ard-al-khaleej/bulk2200/normalized/ARD-2875.webp,ac7c356b-bcdf-4700-b31f-c6d2c5b53ca7/bulk2200/ARD-2875-B475E647.webp,B475E647F3EED6CD426FA35B1BC19BF03E760CF40C22B9CBE3B4BC7899D9BA9D,READY,
batch001,118,ARD-2962,عطر نشيط,عطر-نشيط-ard-2962,perfumes,Lattafa,,VALID,.tmp-product-import/ard-al-khaleej/bulk2200/normalized/ARD-2962.webp,ac7c356b-bcdf-4700-b31f-c6d2c5b53ca7/bulk2200/ARD-2962-406C1F0E.webp,406C1F0E7FE3B175526A8ED4EC6DBDCA68B9E5E4C9CFB63C5A47899216964937,READY,
batch001,119,ARD-2971,عطر كشف 100 مل,عطر-كشف-100-مل-ard-2971,perfumes,Lattafa,100 مل,VALID,.tmp-product-import/ard-al-khaleej/bulk2200/normalized/ARD-2971.webp,ac7c356b-bcdf-4700-b31f-c6d2c5b53ca7/bulk2200/ARD-2971-AB337963.webp,AB3379633EBEAC44812B67D1573900BE32B0B0C9E9EC6E11FA1F3E12950F20AB,READY,
batch001,121,ARD-3168,عطر رماد العود,عطر-رماد-العود-ard-3168,perfumes,Lattafa,,VALID,.tmp-product-import/ard-al-khaleej/bulk2200/normalized/ARD-3168.webp,ac7c356b-bcdf-4700-b31f-c6d2c5b53ca7/bulk2200/ARD-3168-11EE3827.webp,11EE3827B44B0C9E2B07D3F4A0E1BDFE166F7C7ECE07D059E3A4AEE72FA3EC29,READY,
batch001,126,ARD-3247,عطر صفوان عطر العود 100 مل,عطر-صفوان-عطر-العود-100-مل-ard-3247,perfumes,Lattafa,100 مل,VALID,.tmp-product-import/ard-al-khaleej/bulk2200/normalized/ARD-3247.webp,ac7c356b-bcdf-4700-b31f-c6d2c5b53ca7/bulk2200/ARD-3247-0AC35701.webp,0AC35701BF2DAC8F8EF0C42DD3870A60D57C40DFDFCC85C6512F727B561C6A3D,READY,
batch001,127,ARD-3259,عطر صفوان عطر المسك 100 مل,عطر-صفوان-عطر-المسك-100-مل-ard-3259,perfumes,Lattafa,100 مل,VALID,.tmp-product-import/ard-al-khaleej/bulk2200/normalized/ARD-3259.webp,ac7c356b-bcdf-4700-b31f-c6d2c5b53ca7/bulk2200/ARD-3259-81070676.webp,8107067677A5C399FCF5C313C18195365D95E138F0BDF21F38732EB009E4615F,READY,
batch001,129,ARD-3346,عطر خلطات عربية رويال ديلايت سلفر,عطر-خلطات-عربية-رويال-ديلايت-سلفر-ard-3346,perfumes,Lattafa,,VALID,.tmp-product-import/ard-al-khaleej/bulk2200/normalized/ARD-3346.webp,ac7c356b-bcdf-4700-b31f-c6d2c5b53ca7/bulk2200/ARD-3346-063D75FC.webp,063D75FC391C75569DC1776FFDFCCDFB15379DF18191997274E6A0924B0D7898,READY,
batch001,131,ARD-3348,عطر انت فقط 100 مل,عطر-انت-فقط-100-مل-ard-3348,perfumes,Lattafa,100 مل,VALID,.tmp-product-import/ard-al-khaleej/bulk2200/normalized/ARD-3348.webp,ac7c356b-bcdf-4700-b31f-c6d2c5b53ca7/bulk2200/ARD-3348-BD60B9FC.webp,BD60B9FC9E09B736E1D34D044475F48EBAA81619876EBC7D69F7FF84A9B03DDE,READY,
batch001,137,ARD-3354,عطر رائد عود 100 مل,عطر-رائد-عود-100-مل-ard-3354,perfumes,Lattafa,100 مل,VALID,.tmp-product-import/ard-al-khaleej/bulk2200/normalized/ARD-3354.webp,ac7c356b-bcdf-4700-b31f-c6d2c5b53ca7/bulk2200/ARD-3354-8568DBFA.webp,8568DBFA83EDDEB065BCDD7A104B896D635BD08E01183979A4034C2709B85A0D,READY,
batch001,142,ARD-3713,عطر جسور 100 مل,عطر-جسور-100-مل-ard-3713,perfumes,Lattafa,100 مل,VALID,.tmp-product-import/ard-al-khaleej/bulk2200/normalized/ARD-3713.webp,ac7c356b-bcdf-4700-b31f-c6d2c5b53ca7/bulk2200/ARD-3713-AB8CBDDC.webp,AB8CBDDCEE8FF631D3D97FA797F6E1B8D92FAB64DFF781B8CE2900C52EDF58AE,READY,
batch001,144,ARD-3715,عطر ليام بلو شاين 100 مل,عطر-ليام-بلو-شاين-100-مل-ard-3715,perfumes,Lattafa,100 مل,VALID,.tmp-product-import/ard-al-khaleej/bulk2200/normalized/ARD-3715.webp,ac7c356b-bcdf-4700-b31f-c6d2c5b53ca7/bulk2200/ARD-3715-82F821DF.webp,82F821DF05A8FB704432171062959E262E939CA3CFAC0DC3467FC656F4638C47,READY,
batch001,145,ARD-3716,عطر حياتي الاسود,عطر-حياتي-الاسود-ard-3716,perfumes,Lattafa,,VALID,.tmp-product-import/ard-al-khaleej/bulk2200/normalized/ARD-3716.webp,ac7c356b-bcdf-4700-b31f-c6d2c5b53ca7/bulk2200/ARD-3716-825B4E92.webp,825B4E92B9447237EFEAB7D7E641B47C3A92073BAA6B161A7DE9FB3C627EE35C,READY,
batch001,147,ARD-3746,عطر مسمم ابيض,عطر-مسمم-ابيض-ard-3746,perfumes,Lattafa,,VALID,.tmp-product-import/ard-al-khaleej/bulk2200/normalized/ARD-3746.webp,ac7c356b-bcdf-4700-b31f-c6d2c5b53ca7/bulk2200/ARD-3746-90AFA080.webp,90AFA0802A88C1D8B9FDBD41E358B72383040011EC1A599E6254FE9459DF5A5A,READY,
batch001,148,ARD-3747,عطر عجايب دبي اسود 100 مل,عطر-عجايب-دبي-اسود-100-مل-ard-3747,perfumes,Lattafa,100 مل,VALID,.tmp-product-import/ard-al-khaleej/bulk2200/normalized/ARD-3747.webp,ac7c356b-bcdf-4700-b31f-c6d2c5b53ca7/bulk2200/ARD-3747-B15BB025.webp,B15BB0258DD943FD1747D49A243BB0506FEDC59A7B9ACFECD0F802E20A712FFD,READY,
batch001,149,ARD-3851,عطر ترياق 100 مل,عطر-ترياق-100-مل-ard-3851,perfumes,Lattafa,100 مل,VALID,.tmp-product-import/ard-al-khaleej/bulk2200/normalized/ARD-3851.webp,ac7c356b-bcdf-4700-b31f-c6d2c5b53ca7/bulk2200/ARD-3851-1989F07A.webp,1989F07AA33445D8A67140F49A0FEA435A6F8F093A878C55B7947356F6FC4449,READY,
batch001,150,ARD-3868,عطر اسد زينزبار 100 مل,عطر-اسد-زينزبار-100-مل-ard-3868,perfumes,Lattafa,100 مل,VALID,.tmp-product-import/ard-al-khaleej/bulk2200/normalized/ARD-3868.webp,ac7c356b-bcdf-4700-b31f-c6d2c5b53ca7/bulk2200/ARD-3868-CAB09964.webp,CAB09964B60830670B607ED7089760F16E958DC59E8D60DA70E6D44CEEEB9E85,READY,
batch001,152,ARD-3961,عطر سحر لطافة 100 مل,عطر-سحر-لطافة-100-مل-ard-3961,perfumes,Lattafa,100 مل,VALID,.tmp-product-import/ard-al-khaleej/bulk2200/normalized/ARD-3961.webp,ac7c356b-bcdf-4700-b31f-c6d2c5b53ca7/bulk2200/ARD-3961-8A401953.webp,8A4019530DBE8874103582486C5ECCB5B028E5A25A83B137E59A273F64715D31,READY,
batch001,153,ARD-4014,عطر يارا كاندي 100 مل,عطر-يارا-كاندي-100-مل-ard-4014,perfumes,Lattafa,100 مل,VALID,.tmp-product-import/ard-al-khaleej/bulk2200/normalized/ARD-4014.webp,ac7c356b-bcdf-4700-b31f-c6d2c5b53ca7/bulk2200/ARD-4014-F71B8E8E.webp,F71B8E8E7D21352561E80F6E163A74EB6B585210CDCF27AD62E1124B45AD0D68,READY,
batch001,155,ARD-4144,عطر هير كونفيشين الابيض 100 مل,عطر-هير-كونفيشين-الابيض-100-مل-ard-4144,perfumes,Lattafa,100 مل,VALID,.tmp-product-import/ard-al-khaleej/bulk2200/normalized/ARD-4144.webp,ac7c356b-bcdf-4700-b31f-c6d2c5b53ca7/bulk2200/ARD-4144-2844858E.webp,2844858E76E4BF072B3C4BD8011A8835026DD5AC1C181B9FC86DC861E506E8DD,READY,
batch001,156,ARD-4160,عطر ترياق انتنس 100 مل,عطر-ترياق-انتنس-100-مل-ard-4160,perfumes,Lattafa,100 مل,VALID,.tmp-product-import/ard-al-khaleej/bulk2200/normalized/ARD-4160.webp,ac7c356b-bcdf-4700-b31f-c6d2c5b53ca7/bulk2200/ARD-4160-E6B70A69.webp,E6B70A695584C6A62967E3A249069B25AFE0BC68338F3EC5323FF274988C96AF,READY,
batch001,157,ARD-4179,عطر كنكدوم (المملكة) 100 مل رجالي,عطر-كنكدوم-المملكة-100-مل-رجالي-ard-4179,perfumes,Lattafa,100 مل,VALID,.tmp-product-import/ard-al-khaleej/bulk2200/normalized/ARD-4179.webp,ac7c356b-bcdf-4700-b31f-c6d2c5b53ca7/bulk2200/ARD-4179-BDDF429A.webp,BDDF429A7DC48ED42B43FFA1A61CBE6D1CD6AD814B539BF975BEF3F930B60CDD,READY,
batch001,158,ARD-4180,عطر بديع العود هونور ابيض 100 مل,عطر-بديع-العود-هونور-ابيض-100-مل-ard-4180,perfumes,Lattafa,100 مل,VALID,.tmp-product-import/ard-al-khaleej/bulk2200/normalized/ARD-4180.webp,ac7c356b-bcdf-4700-b31f-c6d2c5b53ca7/bulk2200/ARD-4180-DF1A2F47.webp,DF1A2F477004A42F90227AB0D334DE28A6E5F16099695A35AF613E564E7CB312,READY,
batch001,159,ARD-4193,عطر فلفت مسك 100 مل,عطر-فلفت-مسك-100-مل-ard-4193,perfumes,Lattafa,100 مل,VALID,.tmp-product-import/ard-al-khaleej/bulk2200/normalized/ARD-4193.webp,ac7c356b-bcdf-4700-b31f-c6d2c5b53ca7/bulk2200/ARD-4193-BB74DA8A.webp,BB74DA8ABD059C4F99B0845C92B089D8A5508B4DACC35B1229003D71932649FE,READY,
batch001,160,ARD-4197,عطر ميار ناتورال انتنس,عطر-ميار-ناتورال-انتنس-ard-4197,perfumes,Lattafa,,VALID,.tmp-product-import/ard-al-khaleej/bulk2200/normalized/ARD-4197.webp,ac7c356b-bcdf-4700-b31f-c6d2c5b53ca7/bulk2200/ARD-4197-E43F708B.webp,E43F708B59B59AA29D32D66DA306D942FEC8C60AF84D79A1466F11447EB89F77,READY,
batch001,166,ARD-4269,عطر ليل ملكي موروكان بلو 100 مل,عطر-ليل-ملكي-موروكان-بلو-100-مل-ard-4269,perfumes,Lattafa,100 مل,VALID,.tmp-product-import/ard-al-khaleej/bulk2200/normalized/ARD-4269.webp,ac7c356b-bcdf-4700-b31f-c6d2c5b53ca7/bulk2200/ARD-4269-797837DB.webp,797837DB14CEC47A9A16D76711AAD390973068A48681C5F298FBC4D3564062ED,READY,
batch001,168,ARD-4278,عطر كنكدوم (المملكة) نسائي 100 مل,عطر-كنكدوم-المملكة-نسائي-100-مل-ard-4278,perfumes,Lattafa,100 مل,VALID,.tmp-product-import/ard-al-khaleej/bulk2200/normalized/ARD-4278.webp,ac7c356b-bcdf-4700-b31f-c6d2c5b53ca7/bulk2200/ARD-4278-BC423EEE.webp,BC423EEEE69BCEFDEB3933DAEED1029200680D5B79B7893C3F019982B15AC6AF,READY,
batch001,170,ARD-4326,عطر نجدية انتنس 100 مل,عطر-نجدية-انتنس-100-مل-ard-4326,perfumes,Lattafa,100 مل,VALID,.tmp-product-import/ard-al-khaleej/bulk2200/normalized/ARD-4326.webp,ac7c356b-bcdf-4700-b31f-c6d2c5b53ca7/bulk2200/ARD-4326-AF956BA7.webp,AF956BA715FB5513D81C94021E1EEBE53D59BF340B8A1F18AF8373935203BD26,READY,
batch001,171,ARD-4333,عطر اثيري 100 مل,عطر-اثيري-100-مل-ard-4333,perfumes,Lattafa,100 مل,VALID,.tmp-product-import/ard-al-khaleej/bulk2200/normalized/ARD-4333.webp,ac7c356b-bcdf-4700-b31f-c6d2c5b53ca7/bulk2200/ARD-4333-71FEAB0E.webp,71FEAB0E9C9A4910C037FA540F848C74BBB267722494492D412D705E6D0288B0,READY,
batch001,173,ARD-4337,عطر حياتم 100 مل,عطر-حياتم-100-مل-ard-4337,perfumes,Lattafa,100 مل,VALID,.tmp-product-import/ard-al-khaleej/bulk2200/normalized/ARD-4337.webp,ac7c356b-bcdf-4700-b31f-c6d2c5b53ca7/bulk2200/ARD-4337-DBA84A87.webp,DBA84A87239E6B8295AFA2C70014289DCB60D27D099ECA738AF4D71AA5B017E4,READY,
batch001,174,ARD-4360,عطر بيان 100 مل,عطر-بيان-100-مل-ard-4360,perfumes,Lattafa,100 مل,VALID,.tmp-product-import/ard-al-khaleej/bulk2200/normalized/ARD-4360.webp,ac7c356b-bcdf-4700-b31f-c6d2c5b53ca7/bulk2200/ARD-4360-68B13BEB.webp,68B13BEB3E3F05CF4D99DC0FE49D79BC7B629D8811017A6122D6EBFAB76A24B3,READY,
batch001,175,ARD-4363,عطر هز كونفيشين الاسود 100 مل,عطر-هز-كونفيشين-الاسود-100-مل-ard-4363,perfumes,Lattafa,100 مل,VALID,.tmp-product-import/ard-al-khaleej/bulk2200/normalized/ARD-4363.webp,ac7c356b-bcdf-4700-b31f-c6d2c5b53ca7/bulk2200/ARD-4363-37591A9E.webp,37591A9EB8FDB42B1148929D86E919A8302214E8DD757CAC55015641B02D3E39,READY,
batch001,176,ARD-4513,عطر اجود بينك 60 مل,عطر-اجود-بينك-60-مل-ard-4513,perfumes,Lattafa,60 مل,VALID,.tmp-product-import/ard-al-khaleej/bulk2200/normalized/ARD-4513.webp,ac7c356b-bcdf-4700-b31f-c6d2c5b53ca7/bulk2200/ARD-4513-BD61C123.webp,BD61C123E2AF8DA165F4AE9A5995020C884BC110314D600BCDE6BA2A1CC9E2F3,READY,
batch001,177,ARD-4587,عطر ديناستي 100 مل,عطر-ديناستي-100-مل-ard-4587,perfumes,Lattafa,100 مل,VALID,.tmp-product-import/ard-al-khaleej/bulk2200/normalized/ARD-4587.webp,ac7c356b-bcdf-4700-b31f-c6d2c5b53ca7/bulk2200/ARD-4587-BB8A26EC.webp,BB8A26EC3AA98B3BC3AF8EA1AA7BDF9A979A38F1AA06958AA5C308E783088F94,READY,
batch001,178,ARD-4635,عطر اطلس 55 مل,عطر-اطلس-55-مل-ard-4635,perfumes,Lattafa,55 مل,VALID,.tmp-product-import/ard-al-khaleej/bulk2200/normalized/ARD-4635.webp,ac7c356b-bcdf-4700-b31f-c6d2c5b53ca7/bulk2200/ARD-4635-7D68C80E.webp,7D68C80E2E95C10C508D641A7D129CFBFFE3C36ED56B54A2B22CCFD25A4F8731,READY,
batch001,180,ARD-4646,عطر فكتوريا / لطافه,عطر-فكتوريا-لطافه-ard-4646,perfumes,Lattafa,,VALID,.tmp-product-import/ard-al-khaleej/bulk2200/normalized/ARD-4646.webp,ac7c356b-bcdf-4700-b31f-c6d2c5b53ca7/bulk2200/ARD-4646-B148BAE1.webp,B148BAE11A68D416B688B383C185D37F7F1F56DD6B3610FA53D93C03B51CB270,READY,
batch001,181,ARD-4652,عطر كف مي كورماند بيري اون توب 75 مل,عطر-كف-مي-كورماند-بيري-اون-توب-75-مل-ard-4652,perfumes,Lattafa,75 مل,VALID,.tmp-product-import/ard-al-khaleej/bulk2200/normalized/ARD-4652.webp,ac7c356b-bcdf-4700-b31f-c6d2c5b53ca7/bulk2200/ARD-4652-31F9DBC1.webp,31F9DBC1499E59C077F62318CD7AE827651275321F3C6F30C269E1FAEB31EFCA,READY,
batch001,182,ARD-4653,عطر كف مي كورماند مالو مادنس 75 مل,عطر-كف-مي-كورماند-مالو-مادنس-75-مل-ard-4653,perfumes,Lattafa,75 مل,VALID,.tmp-product-import/ard-al-khaleej/bulk2200/normalized/ARD-4653.webp,ac7c356b-bcdf-4700-b31f-c6d2c5b53ca7/bulk2200/ARD-4653-B63DEB28.webp,B63DEB28D125E6486BB8855BD29E733079C88BFE2C1471E9D2CE4D0D61067E0C,READY,
batch001,183,ARD-4654,عطر كف مي كورماند ويبد بلشور 75 مل,عطر-كف-مي-كورماند-ويبد-بلشور-75-مل-ard-4654,perfumes,Lattafa,75 مل,VALID,.tmp-product-import/ard-al-khaleej/bulk2200/normalized/ARD-4654.webp,ac7c356b-bcdf-4700-b31f-c6d2c5b53ca7/bulk2200/ARD-4654-7357C3B0.webp,7357C3B08E596291B742D01F87DA72850F53C665614269F7529E5BB61418A4D2,READY,
batch001,184,ARD-4655,عطر اكلاير بانوفي 100 مل,عطر-اكلاير-بانوفي-100-مل-ard-4655,perfumes,Lattafa,100 مل,VALID,.tmp-product-import/ard-al-khaleej/bulk2200/normalized/ARD-4655.webp,ac7c356b-bcdf-4700-b31f-c6d2c5b53ca7/bulk2200/ARD-4655-8CC2335B.webp,8CC2335B6F9004CA7C68889F7AE821ABFD99968EA79FC127E75BCC2C22F2ADA0,READY,
batch001,185,ARD-4656,عطر كف مي كورماند جوكو اوفردوس 75 مل,عطر-كف-مي-كورماند-جوكو-اوفردوس-75-مل-ard-4656,perfumes,Lattafa,75 مل,VALID,.tmp-product-import/ard-al-khaleej/bulk2200/normalized/ARD-4656.webp,ac7c356b-bcdf-4700-b31f-c6d2c5b53ca7/bulk2200/ARD-4656-CEB77B89.webp,CEB77B89A2EE6D4ACDC1C1B01CAA4E4702D9EAE5D0CA474783ADF673080FB310,READY,
batch001,186,ARD-4657,عطر كف مي كورماند كوكي كرايف 75 مل,عطر-كف-مي-كورماند-كوكي-كرايف-75-مل-ard-4657,perfumes,Lattafa,75 مل,VALID,.tmp-product-import/ard-al-khaleej/bulk2200/normalized/ARD-4657.webp,ac7c356b-bcdf-4700-b31f-c6d2c5b53ca7/bulk2200/ARD-4657-6D6B53B6.webp,6D6B53B6F506FB702A3A05C78F4E8CBF6AB36DEBAF1FC0756A954335B162EEA9,READY,
batch001,187,ARD-4658,عطر كف مي كورماند فانيلا فريك 75 مل,عطر-كف-مي-كورماند-فانيلا-فريك-75-مل-ard-4658,perfumes,Lattafa,75 مل,VALID,.tmp-product-import/ard-al-khaleej/bulk2200/normalized/ARD-4658.webp,ac7c356b-bcdf-4700-b31f-c6d2c5b53ca7/bulk2200/ARD-4658-8B3BC3F7.webp,8B3BC3F731ECD4FC8ABCF731B6FBE514C5B7B8D8F63FD96246446B7A163A84A6,READY,
batch001,188,ARD-4659,عطر نسمات 100 مل,عطر-نسمات-100-مل-ard-4659,perfumes,Lattafa,100 مل,VALID,.tmp-product-import/ard-al-khaleej/bulk2200/normalized/ARD-4659.webp,ac7c356b-bcdf-4700-b31f-c6d2c5b53ca7/bulk2200/ARD-4659-8AEE578B.webp,8AEE578BEEE8AB73BB17B3F1B4659E86094393896CE6A9D82320B5CA22B3D949,READY,
batch001,190,ARD-4661,عطر حابك للرجال 100 مل,عطر-حابك-للرجال-100-مل-ard-4661,perfumes,Lattafa,100 مل,VALID,.tmp-product-import/ard-al-khaleej/bulk2200/normalized/ARD-4661.webp,ac7c356b-bcdf-4700-b31f-c6d2c5b53ca7/bulk2200/ARD-4661-94FA7157.webp,94FA7157BB70FD577134FB5AAFAC3CC73E43E5C32AB14A6DEE4D6A3AD27B2696,READY,
batch001,191,ARD-4662,عطر حابك للنساء 100 مل,عطر-حابك-للنساء-100-مل-ard-4662,perfumes,Lattafa,100 مل,VALID,.tmp-product-import/ard-al-khaleej/bulk2200/normalized/ARD-4662.webp,ac7c356b-bcdf-4700-b31f-c6d2c5b53ca7/bulk2200/ARD-4662-97C92E5B.webp,97C92E5B98E41C88DA77340FCA7FEF0D173B7EA905499B96BBAE2D9BBC360FB8,READY,
batch001,192,ARD-4663,عطر فاير اون ايس 110 مل,عطر-فاير-اون-ايس-110-مل-ard-4663,perfumes,Lattafa,110 مل,VALID,.tmp-product-import/ard-al-khaleej/bulk2200/normalized/ARD-4663.webp,ac7c356b-bcdf-4700-b31f-c6d2c5b53ca7/bulk2200/ARD-4663-32F836A7.webp,32F836A7F7EE5DEF48FCEDB728157D684AE568CFAE640B4C67776769E9F7A799,READY,
batch001,193,ARD-4666,عطر شريف 100 مل,عطر-شريف-100-مل-ard-4666,perfumes,Lattafa,100 مل,VALID,.tmp-product-import/ard-al-khaleej/bulk2200/normalized/ARD-4666.webp,ac7c356b-bcdf-4700-b31f-c6d2c5b53ca7/bulk2200/ARD-4666-C208BC3D.webp,C208BC3DAA5FA10BC640D507FFF481125C9911C27C438CC2E72350D17FCCCA5A,READY,
batch001,194,ARD-4679,عطر يارا توس كبير 150 مل,عطر-يارا-توس-كبير-150-مل-ard-4679,perfumes,Lattafa,150 مل,VALID,.tmp-product-import/ard-al-khaleej/bulk2200/normalized/ARD-4679.webp,ac7c356b-bcdf-4700-b31f-c6d2c5b53ca7/bulk2200/ARD-4679-B12C5690.webp,B12C56903C05EE12DAB428259FCC4CBE2B666CAB5CDF2AF89968250D3AEA785E,READY,
batch001,196,ARD-4681,عطر ميار ناتورال انتس كبير 150 مل,عطر-ميار-ناتورال-انتس-كبير-150-مل-ard-4681,perfumes,Lattafa,150 مل,VALID,.tmp-product-import/ard-al-khaleej/bulk2200/normalized/ARD-4681.webp,ac7c356b-bcdf-4700-b31f-c6d2c5b53ca7/bulk2200/ARD-4681-0BA54009.webp,0BA54009EC46292193BFFEE2560ABB92D90EAC3717287C9FC35F03C16A517775,READY,
batch001,197,ARD-4682,عطر انا الابيض روج كبير 150 مل,عطر-انا-الابيض-روج-كبير-150-مل-ard-4682,perfumes,Lattafa,150 مل,VALID,.tmp-product-import/ard-al-khaleej/bulk2200/normalized/ARD-4682.webp,ac7c356b-bcdf-4700-b31f-c6d2c5b53ca7/bulk2200/ARD-4682-7151BF5A.webp,7151BF5AE53BD43C60AB90D50311655B736F39C0397CCD1DB190AB3537F2311E,READY,
batch001,200,ARD-4730,عطر فخر لطافة بلاتين 100 مل,عطر-فخر-لطافة-بلاتين-100-مل-ard-4730,perfumes,Lattafa,100 مل,VALID,.tmp-product-import/ard-al-khaleej/bulk2200/normalized/ARD-4730.webp,ac7c356b-bcdf-4700-b31f-c6d2c5b53ca7/bulk2200/ARD-4730-55A120FC.webp,55A120FCD83070A6DC75F67579FC3CD86CEF1BD3CB0E089F08913C18561A31F9,READY,
batch001,201,ARD-4731,عطر اكلاير بستاشي 100 مل,عطر-اكلاير-بستاشي-100-مل-ard-4731,perfumes,Lattafa,100 مل,VALID,.tmp-product-import/ard-al-khaleej/bulk2200/normalized/ARD-4731.webp,ac7c356b-bcdf-4700-b31f-c6d2c5b53ca7/bulk2200/ARD-4731-93AD7E03.webp,93AD7E038140F98346D4DB85973C3AEDDDB84CE979C4CF1F86B092A44A15A8BA,READY,
batch001,203,ARD-4771,عطر النشامة كابريس 100 مل,عطر-النشامة-كابريس-100-مل-ard-4771,perfumes,Lattafa,100 مل,VALID,.tmp-product-import/ard-al-khaleej/bulk2200/normalized/ARD-4771.webp,ac7c356b-bcdf-4700-b31f-c6d2c5b53ca7/bulk2200/ARD-4771-AA656D55.webp,AA656D550C3AE7D311D963EEAF6F0AB3DB4E7A7560E6199204A5AE46F85B17AB,READY,
batch001,205,ARD-4793,عطر دلال 100 مل,عطر-دلال-100-مل-ard-4793,perfumes,Lattafa,100 مل,VALID,.tmp-product-import/ard-al-khaleej/bulk2200/normalized/ARD-4793.webp,ac7c356b-bcdf-4700-b31f-c6d2c5b53ca7/bulk2200/ARD-4793-3E25F8A0.webp,3E25F8A08A0AA99341EBB6CBCF778387A05263A85DD1208E0A173DFD831303A4,READY,
batch001,206,ARD-4797,سيت هدايا يارا كاندي,سيت-هدايا-يارا-كاندي-ard-4797,perfumes,Lattafa,,VALID,.tmp-product-import/ard-al-khaleej/bulk2200/normalized/ARD-4797.webp,ac7c356b-bcdf-4700-b31f-c6d2c5b53ca7/bulk2200/ARD-4797-3359A11D.webp,3359A11D2C95CE768BBE704B509F765D6961DE650FADE24C230096327B7E262F,READY,
batch001,207,ARD-4798,سيت هدايا بديع العود سبليم,سيت-هدايا-بديع-العود-سبليم-ard-4798,perfumes,Lattafa,,VALID,.tmp-product-import/ard-al-khaleej/bulk2200/normalized/ARD-4798.webp,ac7c356b-bcdf-4700-b31f-c6d2c5b53ca7/bulk2200/ARD-4798-236B3CA3.webp,236B3CA3780B36FCA70CFA5B426A257FA4DD3E8560A7C2E965EB85F9FC1613E4,READY,
batch001,208,ARD-4799,سيت هدايا المملكة رجال,سيت-هدايا-المملكة-رجال-ard-4799,perfumes,Lattafa,,VALID,.tmp-product-import/ard-al-khaleej/bulk2200/normalized/ARD-4799.webp,ac7c356b-bcdf-4700-b31f-c6d2c5b53ca7/bulk2200/ARD-4799-712AF0A7.webp,712AF0A7FCD85B3E55282E83F5027428C6FF1E4DB482B8B3C82FB8719ABE62E4,READY,
batch001,209,ARD-4800,سيت هدايا ترياق,سيت-هدايا-ترياق-ard-4800,perfumes,Lattafa,,VALID,.tmp-product-import/ard-al-khaleej/bulk2200/normalized/ARD-4800.webp,ac7c356b-bcdf-4700-b31f-c6d2c5b53ca7/bulk2200/ARD-4800-2D7ED1CD.webp,2D7ED1CD40A745A70D7BD0EFF6BF739CF7074D644FC82220846E3CF9EF7B7E3F,READY,
batch001,211,ARD-4802,سيت هدايا خمرة,سيت-هدايا-خمرة-ard-4802,perfumes,Lattafa,,VALID,.tmp-product-import/ard-al-khaleej/bulk2200/normalized/ARD-4802.webp,ac7c356b-bcdf-4700-b31f-c6d2c5b53ca7/bulk2200/ARD-4802-57550C02.webp,57550C02FF8C81919DEAE60B21AD9E9C3BB126CC17CDA805BDF31CD74F05BAC8,READY,
batch001,212,ARD-4919,عطر بيترا 100 مل,عطر-بيترا-100-مل-ard-4919,perfumes,Lattafa,100 مل,VALID,.tmp-product-import/ard-al-khaleej/bulk2200/normalized/ARD-4919.webp,ac7c356b-bcdf-4700-b31f-c6d2c5b53ca7/bulk2200/ARD-4919-182D73BE.webp,182D73BED6DB3F90FA2B902C32B2CF547089FC8B6D632AE484FEDDC42EE662DB,READY,
batch001,213,ARD-4921,سيت عطر اسد 4*25 مل,سيت-عطر-اسد-4-25-مل-ard-4921,perfumes,Lattafa,25 مل,VALID,.tmp-product-import/ard-al-khaleej/bulk2200/normalized/ARD-4921.webp,ac7c356b-bcdf-4700-b31f-c6d2c5b53ca7/bulk2200/ARD-4921-43FC0A32.webp,43FC0A320C8EE5463FAE1ACF1EAC5A8B5D237807242456EC80B76FA497A39D68,READY,
batch001,214,ARD-4997,عطر انغام سكند سونك 100 مل,عطر-انغام-سكند-سونك-100-مل-ard-4997,perfumes,Lattafa,100 مل,VALID,.tmp-product-import/ard-al-khaleej/bulk2200/normalized/ARD-4997.webp,ac7c356b-bcdf-4700-b31f-c6d2c5b53ca7/bulk2200/ARD-4997-E9183AA3.webp,E9183AA3677C8CBA0BEBDE6182D9A49306440F81507F3D94C3BFC704CFB46D60,READY,
batch001,215,ARD-4999,عطر شيخ الشيوخ سوبريمو لطافة 100 مل,عطر-شيخ-الشيوخ-سوبريمو-لطافة-100-مل-ard-4999,perfumes,Lattafa,100 مل,VALID,.tmp-product-import/ard-al-khaleej/bulk2200/normalized/ARD-4999.webp,ac7c356b-bcdf-4700-b31f-c6d2c5b53ca7/bulk2200/ARD-4999-6D750CA7.webp,6D750CA7A2B5BC93C7F11BDF7510B8E65317868A8B0001EB6435C913F77C3CB8,READY,
batch001,217,ARD-5050,عطر جوري 100 مل,عطر-جوري-100-مل-ard-5050,perfumes,Lattafa,100 مل,VALID,.tmp-product-import/ard-al-khaleej/bulk2200/normalized/ARD-5050.webp,ac7c356b-bcdf-4700-b31f-c6d2c5b53ca7/bulk2200/ARD-5050-6A961FDD.webp,6A961FDDEC1A7B64FBF16F2022D9B041109DEB046A2893D508BED9E1C49FCCA7,READY,
batch001,221,ARD-5157,عطر مشلح 100 مل,عطر-مشلح-100-مل-ard-5157,perfumes,Lattafa,100 مل,VALID,.tmp-product-import/ard-al-khaleej/bulk2200/normalized/ARD-5157.webp,ac7c356b-bcdf-4700-b31f-c6d2c5b53ca7/bulk2200/ARD-5157-34F19F58.webp,34F19F588E07AD6C64FE8AD427AA6047C03A963D1F5C9083290393566D4EB5EE,READY,
batch001,222,ARD-5159,عطر رغد 100 مل,عطر-رغد-100-مل-ard-5159,perfumes,Lattafa,100 مل,VALID,.tmp-product-import/ard-al-khaleej/bulk2200/normalized/ARD-5159.webp,ac7c356b-bcdf-4700-b31f-c6d2c5b53ca7/bulk2200/ARD-5159-AF57071A.webp,AF57071AE8C5DB37E43294938AA39E8BAACDEFE6F29DD2E42720C83CF74A5D4F,READY,
batch001,223,ARD-561,معطر جسم وشوشه,معطر-جسم-وشوشه-ard-561,body-mist-splash,Lattafa,,VALID,.tmp-product-import/ard-al-khaleej/bulk2200/normalized/ARD-561.webp,ac7c356b-bcdf-4700-b31f-c6d2c5b53ca7/bulk2200/ARD-561-B60AF1D7.webp,B60AF1D71CD495C861FEE93D390F27F50D5D2705D0F91A12451DFBD41F1AA5AB,READY,
batch001,224,ARD-562,معطر جسم انا الابيض,معطر-جسم-انا-الابيض-ard-562,body-mist-splash,Lattafa,,VALID,.tmp-product-import/ard-al-khaleej/bulk2200/normalized/ARD-562.webp,ac7c356b-bcdf-4700-b31f-c6d2c5b53ca7/bulk2200/ARD-562-FDFFAE82.webp,FDFFAE8225F426D9D98184A5BBDB752D0BA166B72430DBD7D1F40BCA7DCC2442,READY,
batch001,226,ARD-870,معطر جسم محاسن كرستال,معطر-جسم-محاسن-كرستال-ard-870,body-mist-splash,Lattafa,,VALID,.tmp-product-import/ard-al-khaleej/bulk2200/normalized/ARD-870.webp,ac7c356b-bcdf-4700-b31f-c6d2c5b53ca7/bulk2200/ARD-870-B2607E0B.webp,B2607E0B1AAE1EAA5FA0BA12543783E351F192E1852CC2766B9B9000975353B3,READY,
batch001,227,ARD-871,معطر جسم رغبة,معطر-جسم-رغبة-ard-871,body-mist-splash,Lattafa,,VALID,.tmp-product-import/ard-al-khaleej/bulk2200/normalized/ARD-871.webp,ac7c356b-bcdf-4700-b31f-c6d2c5b53ca7/bulk2200/ARD-871-998A8DA6.webp,998A8DA62F2E5819CEFF6BDE9ABB537566B65E487C6FF83FEF681268CCA14368,READY,
batch001,229,ARD-1092,معطر جسم ريس,معطر-جسم-ريس-ard-1092,body-mist-splash,Lattafa,,VALID,.tmp-product-import/ard-al-khaleej/bulk2200/normalized/ARD-1092.webp,ac7c356b-bcdf-4700-b31f-c6d2c5b53ca7/bulk2200/ARD-1092-7BBD7488.webp,7BBD74885EB92CB4C32548BEC09290676CF52954B16AB2C5B35D2F4FBC5A0DDD,READY,
batch001,230,ARD-1871,معطر محاسن كرستال بنفسجي,معطر-محاسن-كرستال-بنفسجي-ard-1871,body-mist-splash,Lattafa,,VALID,.tmp-product-import/ard-al-khaleej/bulk2200/normalized/ARD-1871.webp,ac7c356b-bcdf-4700-b31f-c6d2c5b53ca7/bulk2200/ARD-1871-F817B975.webp,F817B9754122D8B576134BC6E976CB12686F2D6632832193ACAC644828EF2F09,READY,
batch001,231,ARD-1881,معطر شيخ الشيوخ خصوصي,معطر-شيخ-الشيوخ-خصوصي-ard-1881,body-mist-splash,Lattafa,,VALID,.tmp-product-import/ard-al-khaleej/bulk2200/normalized/ARD-1881.webp,ac7c356b-bcdf-4700-b31f-c6d2c5b53ca7/bulk2200/ARD-1881-286FADE1.webp,286FADE1289FEBA90501908AD075144C4C0EAFD5A1E24635B1998B83F0D0380A,READY,
batch001,232,ARD-1884,معطر خالص عود,معطر-خالص-عود-ard-1884,body-mist-splash,Lattafa,,VALID,.tmp-product-import/ard-al-khaleej/bulk2200/normalized/ARD-1884.webp,ac7c356b-bcdf-4700-b31f-c6d2c5b53ca7/bulk2200/ARD-1884-40358AFB.webp,40358AFBB446240A9D417FBBB2D853009D47152B2FB74FEE60FD76F7467F756F,READY,
batch001,233,ARD-1885,معطر جسم الدر المكنون,معطر-جسم-الدر-المكنون-ard-1885,body-mist-splash,Lattafa,,VALID,.tmp-product-import/ard-al-khaleej/bulk2200/normalized/ARD-1885.webp,ac7c356b-bcdf-4700-b31f-c6d2c5b53ca7/bulk2200/ARD-1885-CDFE1F56.webp,CDFE1F56B3F14D6553922FDC185DF127EBC221FDABC74440B7FB9BFF9827E5A8,READY,
batch001,234,ARD-1886,معطر جسم 24 قيراط ذهبي,معطر-جسم-24-قيراط-ذهبي-ard-1886,body-mist-splash,Lattafa,,VALID,.tmp-product-import/ard-al-khaleej/bulk2200/normalized/ARD-1886.webp,ac7c356b-bcdf-4700-b31f-c6d2c5b53ca7/bulk2200/ARD-1886-73E2D1F3.webp,73E2D1F39E846083C4ABDC1C59E9ABEB4C2F388A25F703A0110E8CD5514A925F,READY,
batch001,236,ARD-2314,معطر جسم لطافة ماهر,معطر-جسم-لطافة-ماهر-ard-2314,body-mist-splash,Lattafa,,VALID,.tmp-product-import/ard-al-khaleej/bulk2200/normalized/ARD-2314.webp,ac7c356b-bcdf-4700-b31f-c6d2c5b53ca7/bulk2200/ARD-2314-6C234163.webp,6C2341633E8BC228A6AC0B71CE4BB7DDDFB97C6B456B8D69CF22D363BC4510F7,READY,
batch001,237,ARD-2315,معطر جسم لطافة رائد لوكس,معطر-جسم-لطافة-رائد-لوكس-ard-2315,body-mist-splash,Lattafa,,VALID,.tmp-product-import/ard-al-khaleej/bulk2200/normalized/ARD-2315.webp,ac7c356b-bcdf-4700-b31f-c6d2c5b53ca7/bulk2200/ARD-2315-F1D66C33.webp,F1D66C335ECC0C13DBF1762DE5C49900523BF87D75DD3A563C2F5971C16B49CE,READY,
batch001,238,ARD-2316,معطر جسم لطافة بديع العود,معطر-جسم-لطافة-بديع-العود-ard-2316,body-mist-splash,Lattafa,,VALID,.tmp-product-import/ard-al-khaleej/bulk2200/normalized/ARD-2316.webp,ac7c356b-bcdf-4700-b31f-c6d2c5b53ca7/bulk2200/ARD-2316-1E21B133.webp,1E21B133342803F6F6E2F526DA1D0B146B0ABBEB081BD24B89AF6D20542C8B2D,READY,
batch001,239,ARD-2317,معطر جسم لطافة حياتي,معطر-جسم-لطافة-حياتي-ard-2317,body-mist-splash,Lattafa,,VALID,.tmp-product-import/ard-al-khaleej/bulk2200/normalized/ARD-2317.webp,ac7c356b-bcdf-4700-b31f-c6d2c5b53ca7/bulk2200/ARD-2317-2CBDC009.webp,2CBDC00984E387589133A107C28C95F06D53F624204B6B79AA141D67A936CA87,READY,
batch001,240,ARD-2318,معطر جسم لطافة مسك سلامة,معطر-جسم-لطافة-مسك-سلامة-ard-2318,body-mist-splash,Lattafa,,VALID,.tmp-product-import/ard-al-khaleej/bulk2200/normalized/ARD-2318.webp,ac7c356b-bcdf-4700-b31f-c6d2c5b53ca7/bulk2200/ARD-2318-C817C226.webp,C817C22603012013757F0ECF2788D20AB784FB575C53F4F86AB771D79EBC9FF5,READY,
batch001,241,ARD-2319,معطر جسم لطافة رمز لطافة ذهبي,معطر-جسم-لطافة-رمز-لطافة-ذهبي-ard-2319,body-mist-splash,Lattafa,,VALID,.tmp-product-import/ard-al-khaleej/bulk2200/normalized/ARD-2319.webp,ac7c356b-bcdf-4700-b31f-c6d2c5b53ca7/bulk2200/ARD-2319-DC686DA3.webp,DC686DA399DEF10FB5757316907221BA3AD1660B78D4C4711FA7BBBDFE71E241,READY,
batch001,242,ARD-2321,معطر جسم لطافة فلفت عود,معطر-جسم-لطافة-فلفت-عود-ard-2321,body-mist-splash,Lattafa,,VALID,.tmp-product-import/ard-al-khaleej/bulk2200/normalized/ARD-2321.webp,ac7c356b-bcdf-4700-b31f-c6d2c5b53ca7/bulk2200/ARD-2321-642BBDFF.webp,642BBDFFAAF273E2E96405DD3D5750576B9B7797C1A9C0F618768667B54BFC5D,READY,
batch001,243,ARD-2322,معطر جسم لطافة فخر لطافة نسائي,معطر-جسم-لطافة-فخر-لطافة-نسائي-ard-2322,body-mist-splash,Lattafa,,VALID,.tmp-product-import/ard-al-khaleej/batch100/images-source/ARD-2322.jpg,ac7c356b-bcdf-4700-b31f-c6d2c5b53ca7/bulk2200/ARD-2322-6025B578.webp,6025B578C65601114826DE7476B77777FBFEF0C9615CA6157050B5A8B5102F07,READY,
batch001,244,ARD-2323,معطر جسم لطافة يارا,معطر-جسم-لطافة-يارا-ard-2323,body-mist-splash,Lattafa,,VALID,.tmp-product-import/ard-al-khaleej/bulk2200/normalized/ARD-2323.webp,ac7c356b-bcdf-4700-b31f-c6d2c5b53ca7/bulk2200/ARD-2323-F22583F9.webp,F22583F9EF9BA7E1D150E58EDF5BFFAA84193B137348B6A3DEA602D9D12E1D4A,READY,
batch001,245,ARD-2667,معطر جسم ثريا 200 مل,معطر-جسم-ثريا-200-مل-ard-2667,body-mist-splash,Lattafa,200 مل,VALID,.tmp-product-import/ard-al-khaleej/bulk2200/normalized/ARD-2667.webp,ac7c356b-bcdf-4700-b31f-c6d2c5b53ca7/bulk2200/ARD-2667-5FDDA8B3.webp,5FDDA8B33B803D74816C8907D16B928709BCED57C6C890CE4DA1A142DC4707DD,READY,
batch001,246,ARD-2668,معطر جسم افكار 200 مل,معطر-جسم-افكار-200-مل-ard-2668,body-mist-splash,Lattafa,200 مل,VALID,.tmp-product-import/ard-al-khaleej/bulk2200/normalized/ARD-2668.webp,ac7c356b-bcdf-4700-b31f-c6d2c5b53ca7/bulk2200/ARD-2668-608EFCB1.webp,608EFCB1016FA615A7A41FF8DE1F0D9095A4C23B7206A25EEF82562C76DDB88E,READY,
batch001,247,ARD-2669,معطر جسم انا الابيض بودري 200 مل,معطر-جسم-انا-الابيض-بودري-200-مل-ard-2669,body-mist-splash,Lattafa,200 مل,VALID,.tmp-product-import/ard-al-khaleej/bulk2200/normalized/ARD-2669.webp,ac7c356b-bcdf-4700-b31f-c6d2c5b53ca7/bulk2200/ARD-2669-CC273D3F.webp,CC273D3FDEC83760F3FA6CCF7D1F2A284994D53A0BFD11698EAFF24EA348E250,READY,
batch001,248,ARD-2670,معطر جسم اصحاب 200 مل,معطر-جسم-اصحاب-200-مل-ard-2670,body-mist-splash,Lattafa,200 مل,VALID,.tmp-product-import/ard-al-khaleej/bulk2200/normalized/ARD-2670.webp,ac7c356b-bcdf-4700-b31f-c6d2c5b53ca7/bulk2200/ARD-2670-FC72D25F.webp,FC72D25F1332367E79215003B725B3C3CE356F9D9604A310CACAD271FAD7A686,READY,
batch001,249,ARD-2671,معطر جسم بديع العود اميثست 200 مل,معطر-جسم-بديع-العود-اميثست-200-مل-ard-2671,body-mist-splash,Lattafa,200 مل,VALID,.tmp-product-import/ard-al-khaleej/batch100/images-source/ARD-2671.jpg,ac7c356b-bcdf-4700-b31f-c6d2c5b53ca7/bulk2200/ARD-2671-A8F32C9F.webp,A8F32C9FD2C96B53C24D8164A7858B42EFF8E83D23430E701B31A0FEF61D02FB,READY,
batch001,252,ARD-2675,معطر جسم وصف 200 مل,معطر-جسم-وصف-200-مل-ard-2675,body-mist-splash,Lattafa,200 مل,VALID,.tmp-product-import/ard-al-khaleej/bulk2200/normalized/ARD-2675.webp,ac7c356b-bcdf-4700-b31f-c6d2c5b53ca7/bulk2200/ARD-2675-21B5D7A9.webp,21B5D7A92004EFC8652592D6D2E3DBC2E1A3E7DCC80CD8DC61E5A20BC6439E21,READY,
batch001,253,ARD-2970,معطر جسم اميرة العرب,معطر-جسم-اميرة-العرب-ard-2970,body-mist-splash,Lattafa,,VALID,.tmp-product-import/ard-al-khaleej/bulk2200/normalized/ARD-2970.webp,ac7c356b-bcdf-4700-b31f-c6d2c5b53ca7/bulk2200/ARD-2970-1A76B332.webp,1A76B332CEE5ACCB3081641A4D8C506F122BBE42867797F030298D4026570732,READY,
batch001,254,ARD-3262,معطر يارا موي 200 مل,معطر-يارا-موي-200-مل-ard-3262,body-mist-splash,Lattafa,200 مل,VALID,.tmp-product-import/ard-al-khaleej/bulk2200/normalized/ARD-3262.webp,ac7c356b-bcdf-4700-b31f-c6d2c5b53ca7/bulk2200/ARD-3262-3F6C368C.webp,3F6C368CE8909C1B545D458960B466217332C572B9153D607C43B201709796AE,READY,
batch001,255,ARD-3263,معطر جسم امير العود انتنس عود 200 مل,معطر-جسم-امير-العود-انتنس-عود-200-مل-ard-3263,body-mist-splash,Lattafa,200 مل,VALID,.tmp-product-import/ard-al-khaleej/batch100/images-source/ARD-3263.jpg,ac7c356b-bcdf-4700-b31f-c6d2c5b53ca7/bulk2200/ARD-3263-FB36B719.webp,FB36B719D674C4A20DB1D4A737D8BA5FF675A42536C8B17730872F5545571EE8,READY,
batch001,256,ARD-3273,معطر ميار 200 مل,معطر-ميار-200-مل-ard-3273,body-mist-splash,Lattafa,200 مل,VALID,.tmp-product-import/ard-al-khaleej/bulk2200/normalized/ARD-3273.webp,ac7c356b-bcdf-4700-b31f-c6d2c5b53ca7/bulk2200/ARD-3273-5BFD87F3.webp,5BFD87F3F43144A059DCB2201DFAAC89C421B1A71E6EFD4457CEAE0D3B6567EB,READY,
batch001,257,ARD-3275,معطر مهرة 200 مل,معطر-مهرة-200-مل-ard-3275,body-mist-splash,Lattafa,200 مل,VALID,.tmp-product-import/ard-al-khaleej/bulk2200/normalized/ARD-3275.webp,ac7c356b-bcdf-4700-b31f-c6d2c5b53ca7/bulk2200/ARD-3275-1A06E276.webp,1A06E276622B1F66E8BCFE402BA9832285B864C60A62A0188D7AD2601E0588AF,READY,
batch001,258,ARD-3277,معطر جسم انا الابيض روج 200 مل,معطر-جسم-انا-الابيض-روج-200-مل-ard-3277,body-mist-splash,Lattafa,200 مل,VALID,.tmp-product-import/ard-al-khaleej/batch100/images-source/ARD-3277.jpg,ac7c356b-bcdf-4700-b31f-c6d2c5b53ca7/bulk2200/ARD-3277-6C51FA36.webp,6C51FA36823355E45751E9F59463868FB09ACE3429065E39E430949FC1E8A84D,READY,
batch001,259,ARD-3279,معطر فلفت روز 200 مل,معطر-فلفت-روز-200-مل-ard-3279,body-mist-splash,Lattafa,200 مل,VALID,.tmp-product-import/ard-al-khaleej/bulk2200/normalized/ARD-3279.webp,ac7c356b-bcdf-4700-b31f-c6d2c5b53ca7/bulk2200/ARD-3279-F226BCCA.webp,F226BCCA734CBC3A03CCF2BC39691998BE9E5ECB4F51F4016446F1C9680AD016,READY,
batch001,260,ARD-3280,معطر خمرة 200 مل,معطر-خمرة-200-مل-ard-3280,body-mist-splash,Lattafa,200 مل,VALID,.tmp-product-import/ard-al-khaleej/bulk2200/normalized/ARD-3280.webp,ac7c356b-bcdf-4700-b31f-c6d2c5b53ca7/bulk2200/ARD-3280-78C96892.webp,78C9689209B18404E54B2A6F5AF5D8598B760CB6F79558A75E7144A5A4F826E5,READY,
batch001,261,ARD-3282,معطر عزيزة 200 مل,معطر-عزيزة-200-مل-ard-3282,body-mist-splash,Lattafa,200 مل,VALID,.tmp-product-import/ard-al-khaleej/bulk2200/normalized/ARD-3282.webp,ac7c356b-bcdf-4700-b31f-c6d2c5b53ca7/bulk2200/ARD-3282-2E3517AB.webp,2E3517AB3BC2329E6EFB7EA4052DA5AA5A672423B5561343C86A8D8E16B771A7,READY,
batch001,262,ARD-3283,معطر اجود 200 مل,معطر-اجود-200-مل-ard-3283,body-mist-splash,Lattafa,200 مل,VALID,.tmp-product-import/ard-al-khaleej/bulk2200/normalized/ARD-3283.webp,ac7c356b-bcdf-4700-b31f-c6d2c5b53ca7/bulk2200/ARD-3283-FC6C3BAF.webp,FC6C3BAFCD43E89BAA2C8D5DE27B66690147C34344FC8942989F2CBE1EC43A70,READY,
batch001,263,ARD-3284,معطر شهد 200 مل,معطر-شهد-200-مل-ard-3284,body-mist-splash,Lattafa,200 مل,VALID,.tmp-product-import/ard-al-khaleej/bulk2200/normalized/ARD-3284.webp,ac7c356b-bcdf-4700-b31f-c6d2c5b53ca7/bulk2200/ARD-3284-FCD84408.webp,FCD844089D56980ED6CAA018C62C06FDD906AECFDEBE9CE63A4D4D3D04E64C8F,READY,
batch001,264,ARD-3900,معطر جسم رمز لطافة سلفر 200 مل,معطر-جسم-رمز-لطافة-سلفر-200-مل-ard-3900,body-mist-splash,Lattafa,200 مل,VALID,.tmp-product-import/ard-al-khaleej/bulk2200/normalized/ARD-3900.webp,ac7c356b-bcdf-4700-b31f-c6d2c5b53ca7/bulk2200/ARD-3900-91225E99.webp,91225E99DE89750CBD383B65AF2EEC9D0E47B8694D4744B38A947D73ABCAC1EE,READY,
batch001,265,ARD-4156,معطر جسم اميرة العرب برايف روز 200 مل,معطر-جسم-اميرة-العرب-برايف-روز-200-مل-ard-4156,body-mist-splash,Lattafa,200 مل,VALID,.tmp-product-import/ard-al-khaleej/batch100/images-source/ARD-4156.jpg,ac7c356b-bcdf-4700-b31f-c6d2c5b53ca7/bulk2200/ARD-4156-C47E08DC.webp,C47E08DC52BA6E93379615110D259E018271DF7F06BF880E0E7F8F7E5817A56F,READY,
batch001,266,ARD-4157,معطر جسم ماهر لاغاسي 200 مل,معطر-جسم-ماهر-لاغاسي-200-مل-ard-4157,body-mist-splash,Lattafa,200 مل,VALID,.tmp-product-import/ard-al-khaleej/bulk2200/normalized/ARD-4157.webp,ac7c356b-bcdf-4700-b31f-c6d2c5b53ca7/bulk2200/ARD-4157-5175E700.webp,5175E700AD567C29557D967EEC86133A3EB6D0A681F64837AFA10C7173A1E7A7,READY,
batch001,267,ARD-4158,معطر جسم عود مود 200 مل,معطر-جسم-عود-مود-200-مل-ard-4158,body-mist-splash,Lattafa,200 مل,VALID,.tmp-product-import/ard-al-khaleej/bulk2200/normalized/ARD-4158.webp,ac7c356b-bcdf-4700-b31f-c6d2c5b53ca7/bulk2200/ARD-4158-326E15D6.webp,326E15D6970F9417A4DA9B2B96896B41629D584C4B17C9283DC323E92F8DF56B,READY,
batch001,268,ARD-4159,معطر مسك مود 200 مل,معطر-مسك-مود-200-مل-ard-4159,body-mist-splash,Lattafa,200 مل,VALID,.tmp-product-import/ard-al-khaleej/batch100/images-source/ARD-4159.jpg,ac7c356b-bcdf-4700-b31f-c6d2c5b53ca7/bulk2200/ARD-4159-65016E70.webp,65016E70F20E54091ECDF847E06282E3E58DB330E5212F91AD5E2AAB18C97A9A,READY,
batch001,269,ARD-4212,معطر جسم لطافة فخر لطافة رجالي,معطر-جسم-لطافة-فخر-لطافة-رجالي-ard-4212,body-mist-splash,Lattafa,,VALID,.tmp-product-import/ard-al-khaleej/bulk2200/normalized/ARD-4212.webp,ac7c356b-bcdf-4700-b31f-c6d2c5b53ca7/bulk2200/ARD-4212-64378AAD.webp,64378AAD958169857EF4065FA43B8F3D3F39BF984594FA0353479E77EE0A8CAE,READY,
batch001,270,ARD-4239,معطر جسم اسد 200 مل,معطر-جسم-اسد-200-مل-ard-4239,body-mist-splash,Lattafa,200 مل,VALID,.tmp-product-import/ard-al-khaleej/bulk2200/normalized/ARD-4239.webp,ac7c356b-bcdf-4700-b31f-c6d2c5b53ca7/bulk2200/ARD-4239-797B170C.webp,797B170CEAB2B2A351E578C88EB150BC4BEBCAB70C92697906D4C9BC83E210E8,READY,
batch001,271,ARD-4242,معطر يارا توس 200 مل,معطر-يارا-توس-200-مل-ard-4242,body-mist-splash,Lattafa,200 مل,VALID,.tmp-product-import/ard-al-khaleej/bulk2200/normalized/ARD-4242.webp,ac7c356b-bcdf-4700-b31f-c6d2c5b53ca7/bulk2200/ARD-4242-AFBF508F.webp,AFBF508FBBC3D1617D3A50BE380C0FE1381F0FE7CE1F27DD05F8070506716CA9,READY,
batch001,272,ARD-4265,معطر جسم بديع العود احمر 200 مل,معطر-جسم-بديع-العود-احمر-200-مل-ard-4265,body-mist-splash,Lattafa,200 مل,VALID,.tmp-product-import/ard-al-khaleej/bulk2200/normalized/ARD-4265.webp,ac7c356b-bcdf-4700-b31f-c6d2c5b53ca7/bulk2200/ARD-4265-D0ACE66E.webp,D0ACE66EE5BA7AEE2999954AF6CA317BE54106AF981234584DDD9E3C1E13EDED,READY,
batch001,273,ARD-4266,معطر جسم بديع العود هونور الابيض 200 مل,معطر-جسم-بديع-العود-هونور-الابيض-200-مل-ard-4266,body-mist-splash,Lattafa,200 مل,VALID,.tmp-product-import/ard-al-khaleej/bulk2200/normalized/ARD-4266.webp,ac7c356b-bcdf-4700-b31f-c6d2c5b53ca7/bulk2200/ARD-4266-AA37562C.webp,AA37562C11CB388ED0AE484914DB49ECBD18BB23ACAC337E7EED3E6AD7B1B031,READY,
batch001,274,ARD-4329,معطر اسد زينزبار 200 مل,معطر-اسد-زينزبار-200-مل-ard-4329,body-mist-splash,Lattafa,200 مل,VALID,.tmp-product-import/ard-al-khaleej/bulk2200/normalized/ARD-4329.webp,ac7c356b-bcdf-4700-b31f-c6d2c5b53ca7/bulk2200/ARD-4329-7B77449E.webp,7B77449EE1DEC47276DDC06424E650968BA68FB607CDFB022C294800F05B8925,READY,
batch001,275,ARD-4330,معطر ميار ناتورال انتنس 200 مل,معطر-ميار-ناتورال-انتنس-200-مل-ard-4330,body-mist-splash,Lattafa,200 مل,VALID,.tmp-product-import/ard-al-khaleej/bulk2200/normalized/ARD-4330.webp,ac7c356b-bcdf-4700-b31f-c6d2c5b53ca7/bulk2200/ARD-4330-EAF33983.webp,EAF339839EEEBC4F0E0F0919FD6FFD4948F3B69BC2A91B17352BB294ED7094FA,READY,
batch001,276,ARD-4461,معطر اكلاير 200 مل,معطر-اكلاير-200-مل-ard-4461,body-mist-splash,Lattafa,200 مل,VALID,.tmp-product-import/ard-al-khaleej/bulk2200/normalized/ARD-4461.webp,ac7c356b-bcdf-4700-b31f-c6d2c5b53ca7/bulk2200/ARD-4461-7519119E.webp,7519119E3D2243F6C3B30EA810AE17D98E2493BC70393FC1557399D7AD8A64AD,READY,
batch001,277,ARD-4490,معطر خمرة قهوه 200 مل,معطر-خمرة-قهوه-200-مل-ard-4490,body-mist-splash,Lattafa,200 مل,VALID,.tmp-product-import/ard-al-khaleej/bulk2200/normalized/ARD-4490.webp,ac7c356b-bcdf-4700-b31f-c6d2c5b53ca7/bulk2200/ARD-4490-E5CCEEED.webp,E5CCEEED78CC79A4F52FF4705B663118542EDF90A283D70E797303330037684C,READY,
batch001,278,ARD-4491,معطر حياتي فلورنس 200 مل / لطافه,معطر-حياتي-فلورنس-200-مل-لطافه-ard-4491,body-mist-splash,Lattafa,200 مل,VALID,.tmp-product-import/ard-al-khaleej/bulk2200/normalized/ARD-4491.webp,ac7c356b-bcdf-4700-b31f-c6d2c5b53ca7/bulk2200/ARD-4491-3527CC40.webp,3527CC40256F8F324EF5C58B276D1B8BBF77D7EDE327E0BBD227CF3D95BC89D2,READY,
batch001,282,ARD-4566,معطر قائد الفرسان 200 مل,معطر-قائد-الفرسان-200-مل-ard-4566,body-mist-splash,Lattafa,200 مل,VALID,.tmp-product-import/ard-al-khaleej/bulk2200/normalized/ARD-4566.webp,ac7c356b-bcdf-4700-b31f-c6d2c5b53ca7/bulk2200/ARD-4566-1551E97A.webp,1551E97A7775A4EBB13AB059F4D1CD888C47F4F3B380B7EC99611B58959F0DE9,READY,
batch001,283,ARD-4567,معطر جسم ماهر اسود 200 مل,معطر-جسم-ماهر-اسود-200-مل-ard-4567,body-mist-splash,Lattafa,200 مل,VALID,.tmp-product-import/ard-al-khaleej/bulk2200/normalized/ARD-4567.webp,ac7c356b-bcdf-4700-b31f-c6d2c5b53ca7/bulk2200/ARD-4567-D0012507.webp,D001250701F46D62E2E94F7AA3288CF9544791B7725EF0D0F07764E545BBFC4B,READY,
batch001,286,ARD-4705,معطر اجود بينك 200 مل,معطر-اجود-بينك-200-مل-ard-4705,body-mist-splash,Lattafa,200 مل,VALID,.tmp-product-import/ard-al-khaleej/bulk2200/normalized/ARD-4705.webp,ac7c356b-bcdf-4700-b31f-c6d2c5b53ca7/bulk2200/ARD-4705-B6E3A848.webp,B6E3A8484B3CAE588713FA6D53E2E1147E2A10046F1A93DFE330E1F6569B9E84,READY,
batch001,288,ARD-4707,معطر انغام 200 مل,معطر-انغام-200-مل-ard-4707,body-mist-splash,Lattafa,200 مل,VALID,.tmp-product-import/ard-al-khaleej/bulk2200/normalized/ARD-4707.webp,ac7c356b-bcdf-4700-b31f-c6d2c5b53ca7/bulk2200/ARD-4707-F4E5C0C6.webp,F4E5C0C6358FD45D6172436B4E0A85145E431CA806F0F703F5DC6292F89CE50C,READY,
batch001,289,ARD-2969,معطر جو اميرة العرب / اصداف,معطر-جو-اميرة-العرب-اصداف-ard-2969,home-linen-air,Lattafa,,VALID,.tmp-product-import/ard-al-khaleej/bulk2200/normalized/ARD-2969.webp,ac7c356b-bcdf-4700-b31f-c6d2c5b53ca7/bulk2200/ARD-2969-B1BE812D.webp,B1BE812D4D312BE42AEE3DDBF2AD3B5517126EF7EF2D421A43DE518DC08156DA,READY,
batch001,293,ARD-1436,عطر بيور دزاير ذهبي,عطر-بيور-دزاير-ذهبي-ard-1436,perfumes,RAVE,,VALID,.tmp-product-import/ard-al-khaleej/bulk2200/normalized/ARD-1436.webp,ac7c356b-bcdf-4700-b31f-c6d2c5b53ca7/bulk2200/ARD-1436-43D72DC4.webp,43D72DC442431B4054450C518FA0777F4DDF8DC181FF0BBB62681F560E214366,READY,
batch001,297,ARD-3963,عطر ناو ابيض 100 مل,عطر-ناو-ابيض-100-مل-ard-3963,perfumes,RAVE,100 مل,VALID,.tmp-product-import/ard-al-khaleej/bulk2200/normalized/ARD-3963.webp,ac7c356b-bcdf-4700-b31f-c6d2c5b53ca7/bulk2200/ARD-3963-A3DAF609.webp,A3DAF6091F9F10939B3918FA241575705D4BA64E6BBF90BDCE39E87DA9EE65B9,READY,
batch001,298,ARD-4470,عطر رايج 100 مل,عطر-رايج-100-مل-ard-4470,perfumes,RAVE,100 مل,VALID,.tmp-product-import/ard-al-khaleej/bulk2200/normalized/ARD-4470.webp,ac7c356b-bcdf-4700-b31f-c6d2c5b53ca7/bulk2200/ARD-4470-E6BCE89A.webp,E6BCE89A81A54AA68060CC3C4E964F70B325A6B250EE6CE7959F0F96B474F63B,READY,
batch001,299,ARD-4475,عطر ناردو ريد 100 مل,عطر-ناردو-ريد-100-مل-ard-4475,perfumes,RAVE,100 مل,VALID,.tmp-product-import/ard-al-khaleej/bulk2200/normalized/ARD-4475.webp,ac7c356b-bcdf-4700-b31f-c6d2c5b53ca7/bulk2200/ARD-4475-36288F7E.webp,36288F7ED647234A3B363AA2932E5D45884DB1E008B2AE5727B0F9E5753FF2E2,READY,
batch001,300,ARD-4618,عطر راف نوت بارفيت 100 مل,عطر-راف-نوت-بارفيت-100-مل-ard-4618,perfumes,RAVE,100 مل,VALID,.tmp-product-import/ard-al-khaleej/bulk2200/normalized/ARD-4618.webp,ac7c356b-bcdf-4700-b31f-c6d2c5b53ca7/bulk2200/ARD-4618-86EEAC9D.webp,86EEAC9D40A29E3ACDAA24A7BE6BDE925A06285EEB1382350EBD1974A9402CDA,READY,
batch001,301,ARD-1919,عطر رغبة 30 مل,عطر-رغبة-30-مل-ard-1919,mini-travel-perfume,Lattafa,30 مل,VALID,.tmp-product-import/ard-al-khaleej/batch100/images-source/ARD-1919.jpg,ac7c356b-bcdf-4700-b31f-c6d2c5b53ca7/bulk2200/ARD-1919-A7E52A58.webp,A7E52A58C5F8BD4B82C529F6D95CBEF23F49010142BA80BCB67B31FF1AF9AC6A,READY,
batch001,302,ARD-1921,عطر رمز لطافة 30 مل سلفر,عطر-رمز-لطافة-30-مل-سلفر-ard-1921,mini-travel-perfume,Lattafa,30 مل,VALID,.tmp-product-import/ard-al-khaleej/batch100/images-source/ARD-1921.jpg,ac7c356b-bcdf-4700-b31f-c6d2c5b53ca7/bulk2200/ARD-1921-C27BE37E.webp,C27BE37E63F9A83BE7072CFCC97C2C639B41476C5F8849F1B2B7A4989D284B1A,READY,
batch001,303,ARD-1922,عطر شيخ الشيوخ لوكس 30 مل,عطر-شيخ-الشيوخ-لوكس-30-مل-ard-1922,mini-travel-perfume,Lattafa,30 مل,VALID,.tmp-product-import/ard-al-khaleej/batch100/images-source/ARD-1922.jpg,ac7c356b-bcdf-4700-b31f-c6d2c5b53ca7/bulk2200/ARD-1922-405F4F4B.webp,405F4F4B31AF0101271E9BDC74EA2D93B901EE0F7A2F0EBFE62AE886AD37AFD7,READY,
batch001,304,ARD-1924,عطر شيخ الشيوخ 30 مل,عطر-شيخ-الشيوخ-30-مل-ard-1924,mini-travel-perfume,Lattafa,30 مل,VALID,.tmp-product-import/ard-al-khaleej/bulk2200/normalized/ARD-1924.webp,ac7c356b-bcdf-4700-b31f-c6d2c5b53ca7/bulk2200/ARD-1924-106E00B1.webp,106E00B1BF3EB3262B9E6B51E467D428380645EC5D0096FCAB5A5FAD58A9767C,READY,
batch001,305,ARD-1925,عطر نجدية 30 مل,عطر-نجدية-30-مل-ard-1925,mini-travel-perfume,Lattafa,30 مل,VALID,.tmp-product-import/ard-al-khaleej/batch100/images-source/ARD-1925.jpg,ac7c356b-bcdf-4700-b31f-c6d2c5b53ca7/bulk2200/ARD-1925-FB882F98.webp,FB882F98EE63F7E2672494EC391227C9D301038AA53887EE2A9132B38A450201,READY,
batch001,306,ARD-1926,عطر ليل ملكي 30 مل,عطر-ليل-ملكي-30-مل-ard-1926,mini-travel-perfume,Lattafa,30 مل,VALID,.tmp-product-import/ard-al-khaleej/batch100/images-source/ARD-1926.jpg,ac7c356b-bcdf-4700-b31f-c6d2c5b53ca7/bulk2200/ARD-1926-623109EB.webp,623109EB81A58CFAE3B348696E2F10B473A265FDBB4FD7D9CC278A3D37467808,READY,
batch001,307,ARD-2633,عطر للصبايا 25 مل زيتي,عطر-للصبايا-25-مل-زيتي-ard-2633,mini-travel-perfume,Lattafa,25 مل,VALID,.tmp-product-import/ard-al-khaleej/bulk2200/normalized/ARD-2633.webp,ac7c356b-bcdf-4700-b31f-c6d2c5b53ca7/bulk2200/ARD-2633-9A27056B.webp,9A27056B9756D23DD0324416D74D870C3221324F29263A3837C9A306B4B316D3,READY,
batch001,308,ARD-2636,عطر نجدية 25 مل زيتي,عطر-نجدية-25-مل-زيتي-ard-2636,mini-travel-perfume,Lattafa,25 مل,VALID,.tmp-product-import/ard-al-khaleej/bulk2200/normalized/ARD-2636.webp,ac7c356b-bcdf-4700-b31f-c6d2c5b53ca7/bulk2200/ARD-2636-7F7DAB76.webp,7F7DAB765FB7BB17B6825C43CC5AC57B7F7DCF3626F0BAC3D12EC9D7A337B280,READY,
batch001,309,ARD-2637,عطر شيخ الشيوخ لوكس 25 مل زيتي,عطر-شيخ-الشيوخ-لوكس-25-مل-زيتي-ard-2637,mini-travel-perfume,Lattafa,25 مل,VALID,.tmp-product-import/ard-al-khaleej/bulk2200/normalized/ARD-2637.webp,ac7c356b-bcdf-4700-b31f-c6d2c5b53ca7/bulk2200/ARD-2637-91361A25.webp,91361A25F9D731E8C9B0CC17898CC88E7347E7AB7A94A160D0154595E6588E12,READY,
batch001,310,ARD-2638,عطر وشوشة 25 مل زيتي,عطر-وشوشة-25-مل-زيتي-ard-2638,mini-travel-perfume,Lattafa,25 مل,VALID,.tmp-product-import/ard-al-khaleej/bulk2200/normalized/ARD-2638.webp,ac7c356b-bcdf-4700-b31f-c6d2c5b53ca7/bulk2200/ARD-2638-F0564237.webp,F0564237CFCDDAB5EFE4A518BBB9AAE57DCC5E7C22E718164E3D37E4D82FA9FB,READY,
batch001,311,ARD-2639,عطر سر الخلود بني 25 مل زيتي,عطر-سر-الخلود-بني-25-مل-زيتي-ard-2639,mini-travel-perfume,Lattafa,25 مل,VALID,.tmp-product-import/ard-al-khaleej/bulk2200/normalized/ARD-2639.webp,ac7c356b-bcdf-4700-b31f-c6d2c5b53ca7/bulk2200/ARD-2639-5013A2A0.webp,5013A2A00AADFCF419CA4246BAF298A62588FD3E8809D6E5D5BBBEE52F13455A,READY,
batch001,313,ARD-4482,عطر زيتي يارا 20 مل,عطر-زيتي-يارا-20-مل-ard-4482,mini-travel-perfume,Lattafa,20 مل,VALID,.tmp-product-import/ard-al-khaleej/bulk2200/normalized/ARD-4482.webp,ac7c356b-bcdf-4700-b31f-c6d2c5b53ca7/bulk2200/ARD-4482-2C1E63DB.webp,2C1E63DB977E916B88F0C895FCA887BD63E07D8BEE0709E1ECE5419A23D7CE38,READY,
batch001,314,ARD-4483,عطر زيتي يارا توس 20 مل,عطر-زيتي-يارا-توس-20-مل-ard-4483,mini-travel-perfume,Lattafa,20 مل,VALID,.tmp-product-import/ard-al-khaleej/bulk2200/normalized/ARD-4483.webp,ac7c356b-bcdf-4700-b31f-c6d2c5b53ca7/bulk2200/ARD-4483-8ED6589B.webp,8ED6589B57D0B5754BB8710D565974D5195FE292451DEC0EBD33F8C4EF754178,READY,
batch001,315,ARD-4484,عطر زيتي يارا كاندي 20 مل,عطر-زيتي-يارا-كاندي-20-مل-ard-4484,mini-travel-perfume,Lattafa,20 مل,VALID,.tmp-product-import/ard-al-khaleej/bulk2200/normalized/ARD-4484.webp,ac7c356b-bcdf-4700-b31f-c6d2c5b53ca7/bulk2200/ARD-4484-51CF0174.webp,51CF01745B51D05F94F6E52EFEAA8B37BEB1B46D87C75C7316AD848156D15BA7,READY,
batch001,316,ARD-4485,عطر زيتي يارا موي 20 مل,عطر-زيتي-يارا-موي-20-مل-ard-4485,mini-travel-perfume,Lattafa,20 مل,VALID,.tmp-product-import/ard-al-khaleej/bulk2200/normalized/ARD-4485.webp,ac7c356b-bcdf-4700-b31f-c6d2c5b53ca7/bulk2200/ARD-4485-87026CB1.webp,87026CB1D8D5B7C985B4371ED8B5455BC25E770774EF1AEBA10F775737C59D5A,READY,
batch001,317,ARD-2623,بخور عود معطر النادر,بخور-عود-معطر-النادر-ard-2623,incense-maamoul,Lattafa,,VALID,.tmp-product-import/ard-al-khaleej/bulk2200/normalized/ARD-2623.webp,ac7c356b-bcdf-4700-b31f-c6d2c5b53ca7/bulk2200/ARD-2623-AED1148D.webp,AED1148D6B2F1FDCE54B56D69C268B57F2A5ABC72C56EF0EBAD4946B1BDB24EA,READY,
batch001,320,ARD-2790,معطر جو لطافة جديد رائد لوكس,معطر-جو-لطافة-جديد-رائد-لوكس-ard-2790,home-linen-air,Lattafa,,VALID,.tmp-product-import/ard-al-khaleej/bulk2200/normalized/ARD-2790.webp,ac7c356b-bcdf-4700-b31f-c6d2c5b53ca7/bulk2200/ARD-2790-BB28F85A.webp,BB28F85A4192CB2F507D25183470E4BBE3EAC54F9831E3D06FDBF7F6F9DC15DF,READY,
batch001,321,ARD-2792,معطر جو لطافة جديد قائد,معطر-جو-لطافة-جديد-قائد-ard-2792,home-linen-air,Lattafa,,VALID,.tmp-product-import/ard-al-khaleej/bulk2200/normalized/ARD-2792.webp,ac7c356b-bcdf-4700-b31f-c6d2c5b53ca7/bulk2200/ARD-2792-B3CF5014.webp,B3CF501431F2666124A216D760938BEB71FE34AF4900A474AC5C814151FD486B,READY,
batch001,323,ARD-2794,معطر جو لطافة جديد انا الابيض,معطر-جو-لطافة-جديد-انا-الابيض-ard-2794,home-linen-air,Lattafa,,VALID,.tmp-product-import/ard-al-khaleej/bulk2200/normalized/ARD-2794.webp,ac7c356b-bcdf-4700-b31f-c6d2c5b53ca7/bulk2200/ARD-2794-DB5AFE1D.webp,DB5AFE1D520B6D790FCEEED0F09BB7AAD5208783A236B816F4546FDB1EF41F50,READY,
