priority,source_row,merchant_sku,product_name,brand,size,category,current_image_status,source_product_url,image_source_url,source_type,acquisition_status,review_notes
1,2,ARD-3812,لوشن سيف الفارس بابايا ليمون 500 مل,Saif Al Fares,500 مل,body-bath-care,READY_LOCAL,https://saifalfares.com/products/aromatic-body-lotion-papaya-amd-lemon-500ml,https://cdn.shopify.com/s/files/1/0816/1856/7467/files/aromatic-body-lotion-papaya-amd-lemon-500ml-aromatic-body-lotion-papaya-amd-lemon-500ml-48150482649387.jpg?v=1732163389,official_brand,ACQUIRED_NORMALIZED,SF Papaya Lemon 500ml
2,3,ARD-3813,لوشن سيف الفارس كاكاو وصويا 500 مل,Saif Al Fares,500 مل,body-bath-care,READY_LOCAL,https://saifalfares.com/products/aromatic-body-lotion-cocoa-butter-and-soy-500ml,https://cdn.shopify.com/s/files/1/0816/1856/7467/files/aromatic-body-lotion-cocoa-butter-and-soy-500ml-aromatic-body-lotion-cocoa-butter-and-soy-500ml-48150475735339.jpg?v=1732163382,official_brand,ACQUIRED_NORMALIZED,SF Cocoa Soy 500ml
3,4,ARD-3814,لوشن سيف الفارس ألوفيرا بلو بيري 500 مل,Saif Al Fares,500 مل,body-bath-care,READY_LOCAL,https://saifalfares.com/products/aromatic-body-lotion-blueberry-and-aloe-vera-500ml,https://cdn.shopify.com/s/files/1/0816/1856/7467/files/aromatic-body-lotion-blueberry-and-aloe-vera-500ml-aromatic-body-lotion-blueberry-and-aloe-vera-500ml-48150484549931.jpg?v=1732163376,official_brand,ACQUIRED_NORMALIZED,SF Blueberry Aloe 500ml
4,5,ARD-3815,لوشن سيف الفارس رمان عنب 500 مل,Saif Al Fares,500 مل,body-bath-care,HOLD_IMAGE_REVIEW,,,,HOLD_IMAGE_REVIEW,HOLD_IMAGE_REVIEW: عنب vs grapefruit identity mismatch
5,6,ARD-3816,لوشن سيف الفارس ماء ورد لوز 500 مل,Saif Al Fares,500 مل,body-bath-care,READY_LOCAL,https://saifalfares.com/products/aromatic-body-lotion-rose-water-and-almond-500ml,https://cdn.shopify.com/s/files/1/0816/1856/7467/files/aromatic-body-lotion-rose-water-and-almond-500ml-aromatic-body-lotion-rose-water-and-almond-500ml-48150490939691.jpg?v=1732163399,official_brand,ACQUIRED_NORMALIZED,SF Rose Almond 500ml
6,7,ARD-3819,شاور جل سنسيت بردايس,Saif Al Fares,,body-bath-care,READY_LOCAL,https://saifalfares.com/products/aromatic-shower-gel-sunset-paradise-500ml,https://cdn.shopify.com/s/files/1/0816/1856/7467/files/aromatic-shower-gel-sunset-paradise-500ml-aromatic-shower-gel-sunset-paradise-500ml-45855919735083.jpg?v=1756378139,official_brand,ACQUIRED_NORMALIZED,SF Sunset Paradise
7,8,ARD-3820,شاور جل رومانتك وايت تي,Saif Al Fares,,body-bath-care,READY_LOCAL,https://saifalfares.com/products/aromatic-shower-gel-romantic-white-tea-500ml,https://cdn.shopify.com/s/files/1/0816/1856/7467/files/aromatic-shower-gel-romantic-white-tea-500ml-aromatic-shower-gel-romantic-white-tea-500ml-45855919571243.jpg?v=1766551988,official_brand,ACQUIRED_NORMALIZED,SF Romantic White Tea
8,9,ARD-3821,شاور جل برتي بلوسوم,Saif Al Fares,,body-bath-care,READY_LOCAL,https://saifalfares.com/products/aromatic-shower-gel-pretty-blossom-500ml,https://cdn.shopify.com/s/files/1/0816/1856/7467/files/aromatic-shower-gel-pretty-blossom-500ml-aromatic-shower-gel-pretty-blossom-500ml-45855919898923.jpg?v=1766551988,official_brand,ACQUIRED_NORMALIZED,SF Pretty Blossom
9,10,ARD-3822,شاور جل كاونتري كرين تي,Saif Al Fares,,body-bath-care,READY_LOCAL,https://saifalfares.com/products/aromatic-shower-gel-country-green-tea-500ml,https://cdn.shopify.com/s/files/1/0816/1856/7467/files/aromatic-shower-gel-country-green-tea-500ml-aromatic-shower-gel-country-green-tea-500ml-45855919309099.jpg?v=1756378139,official_brand,ACQUIRED_NORMALIZED,SF Country Green Tea
10,11,ARD-3823,شاور جل بيونس كاردن,Saif Al Fares,,body-bath-care,READY_LOCAL,https://saifalfares.com/products/aromatic-shower-gel-peonies-garden-500ml,https://cdn.shopify.com/s/files/1/0816/1856/7467/files/aromatic-shower-gel-peonies-garden-500ml-aromatic-shower-gel-peonies-garden-500ml-45855919636779.jpg?v=1766551988,official_brand,ACQUIRED_NORMALIZED,SF Peonies Garden
11,12,ARD-3825,بيرغموت,Saif Al Fares,,perfumes,HOLD_IMAGE_REVIEW,,,,HOLD_IMAGE_REVIEW,HOLD_IMAGE_REVIEW: Saif Bergamot unresolved
12,13,ARD-3826,كراس و ساكا,Saif Al Fares,,perfumes,HOLD_IMAGE_REVIEW,,,,HOLD_IMAGE_REVIEW,HOLD_IMAGE_REVIEW: Saif Grass & Saka unresolved
13,14,ARD-3828,عطر اكوا شهامه الورد 100 مل,Saif Al Fares,100 مل,perfumes,READY_LOCAL,https://saifalfares.com/products/shahamah-al-ward-100ml,https://cdn.shopify.com/s/files/1/0816/1856/7467/files/shahamah-al-ward-100ml-perfume-shahamah-al-ward-100ml-48196206395691.jpg?v=1732163237,official_brand,ACQUIRED_NORMALIZED,Shahamah Al Ward
14,15,ARD-3829,عطر اكوا شهامه الليل 100 مل,Saif Al Fares,100 مل,perfumes,READY_LOCAL,https://saifalfares.com/products/shahamah-al-lail-100ml,https://cdn.shopify.com/s/files/1/0816/1856/7467/files/shahamah-al-lail-100ml-perfume-shahamah-al-lail-100ml-48196205314347.jpg?v=1732163218,official_brand,ACQUIRED_NORMALIZED,Shahamah Al Lail
15,16,ARD-3830,عطر اكوا شهامه الروح 100 مل,Saif Al Fares,100 مل,perfumes,READY_LOCAL,https://saifalfares.com/products/shahamah-al-rooh-100ml,https://cdn.shopify.com/s/files/1/0816/1856/7467/files/shahamah-al-rooh-100ml-perfume-shahamah-al-rooh-100ml-48196205707563.jpg?v=1732163225,official_brand,ACQUIRED_NORMALIZED,Shahamah Al Rooh
16,17,ARD-3831,عطر اكوا شهامه الاحلام 100 مل,Saif Al Fares,100 مل,perfumes,READY_LOCAL,https://saifalfares.com/products/shahamah-ahlaam-100ml,https://cdn.shopify.com/s/files/1/0816/1856/7467/files/shahamah-ahlaam-100ml-perfume-shahamah-ahlaam-100ml-48196204691755.jpg?v=1732163213,official_brand,ACQUIRED_NORMALIZED,Shahamah Ahlaam
17,18,ARD-3832,عطر اكوا شهامه الشغف 100 مل,Saif Al Fares,100 مل,perfumes,READY_LOCAL,https://saifalfares.com/products/shahamah-al-shaghaf-100ml,https://cdn.shopify.com/s/files/1/0816/1856/7467/files/shahamah-al-shaghaf-100ml-perfume-shahamah-al-shaghaf-100ml-48196206035243.jpg?v=1732163231,official_brand,ACQUIRED_NORMALIZED,Shahamah Al Shaghaf
18,19,ARD-3833,عطر اكوا اصالة عود 100 مل,Saif Al Fares,100 مل,perfumes,READY_LOCAL,https://saifalfares.com/products/asala-oud-100ml,https://cdn.shopify.com/s/files/1/0816/1856/7467/files/asala-oud-100ml-perfume-asala-oud-100ml-48196042293547.jpg?v=1732163058,official_brand,ACQUIRED_NORMALIZED,Asala Oud
19,20,ARD-3834,عطر اكوا اصالة صفا 100 مل,Saif Al Fares,100 مل,perfumes,READY_LOCAL,https://saifalfares.com/products/asala-safaa-100ml,https://cdn.shopify.com/s/files/1/0816/1856/7467/files/asala-safaa-100ml-perfume-asala-safaa-100ml-48196049240363.jpg?v=1732163064,official_brand,ACQUIRED_NORMALIZED,Asala Safaa
20,21,ARD-3835,عطر اكوا اصالة مسك 100 مل,Saif Al Fares,100 مل,perfumes,READY_LOCAL,https://saifalfares.com/products/asala-musk-100ml,https://cdn.shopify.com/s/files/1/0816/1856/7467/files/asala-musk-100ml-perfume-asala-musk-100ml-48196041376043.jpg?v=1732163052,official_brand,ACQUIRED_NORMALIZED,Asala Musk
21,22,ARD-3836,عطر اكوا اصالة مروة 100 مل,Saif Al Fares,100 مل,perfumes,READY_LOCAL,https://saifalfares.com/products/asala-marwa-100ml,https://cdn.shopify.com/s/files/1/0816/1856/7467/files/asala-marwa-100ml-perfume-asala-marwa-100ml-48196041113899.jpg?v=1732163045,official_brand,ACQUIRED_NORMALIZED,Asala Marwa
22,23,ARD-3837,عطر اكوا اصالة شروق 100 مل,Saif Al Fares,100 مل,perfumes,READY_LOCAL,https://saifalfares.com/products/asala-shurooq-100ml,https://cdn.shopify.com/s/files/1/0816/1856/7467/files/asala-shurooq-100ml-perfume-asala-shurooq-100ml-48196048716075.jpg?v=1732163071,official_brand,ACQUIRED_NORMALIZED,Asala Shurooq
23,24,ARD-3838,عطر اكوا كلماتي قمر 100 مل,Saif Al Fares,100 مل,perfumes,READY_LOCAL,https://saifalfares.com/products/kalimati-qamar-100ml,https://cdn.shopify.com/s/files/1/0816/1856/7467/files/kalimati-qamar-100ml-perfume-kalimati-qamar-100ml-48196142039339.jpg?v=1732163117,official_brand,ACQUIRED_NORMALIZED,Kalimati Qamar
24,25,ARD-3839,عطر اكوا كلماتي شمس 100 مل,Saif Al Fares,100 مل,perfumes,READY_LOCAL,https://saifalfares.com/products/kalimati-shams-100ml,https://cdn.shopify.com/s/files/1/0816/1856/7467/files/kalimati-shams-100ml-perfume-kalimati-shams-100ml-48196142760235.jpg?v=1732163130,official_brand,ACQUIRED_NORMALIZED,Kalimati Shams
25,26,ARD-3840,عطر اكوا كلماتي رحمة 100 مل,Saif Al Fares,100 مل,perfumes,READY_LOCAL,https://saifalfares.com/products/kalimati-rahma-100ml,https://cdn.shopify.com/s/files/1/0816/1856/7467/files/kalimati-rahma-100ml-perfume-kalimati-rahma-100ml-48196142498091.jpg?v=1732163124,official_brand,ACQUIRED_NORMALIZED,Kalimati Rahma
26,27,ARD-3842,عطر اكوا كلماتي شوق 100 مل,Saif Al Fares,100 مل,perfumes,READY_LOCAL,https://saifalfares.com/products/kalimati-showq-100ml,https://cdn.shopify.com/s/files/1/0816/1856/7467/files/kalimati-showq-100ml-perfume-kalimati-showq-100ml-48196142956843.jpg?v=1732163136,official_brand,ACQUIRED_NORMALIZED,Kalimati Showq
27,58,ARD-1249,عطر سر الخلود الذهبي,Lattafa,,perfumes,READY_LOCAL,https://www.nahdionline.com/en-sa/lattafa-ser-al-khulood-gold-eau-de-parfum-100-ml/pdp/103187365,https://ecombe.nahdionline.com/media/catalog/product/1/0/103187365_66c45eaf933e6600a.jpg,reputable_retailer,ACQUIRED_NORMALIZED,Ser Al Khulood Gold
28,59,ARD-1250,عطر امير العود,Lattafa,,perfumes,READY_LOCAL,https://www.lattafa-usa.com/products/ameer-al-oudh-edp-deo,https://cdn.shopify.com/s/files/1/0754/4936/8799/files/ameer_al_oudh.png?v=1750566008,official_distributor,ACQUIRED_NORMALIZED,Ameer Al Oudh
29,60,ARD-1256,عطر ماهر الذهبي,Lattafa,,perfumes,READY_LOCAL,https://www.lattafa-usa.com/products/maahir,https://cdn.shopify.com/s/files/1/0754/4936/8799/files/Maahir-1.png?v=1747422458,official_distributor,ACQUIRED_NORMALIZED,Maahir classic gold
30,61,ARD-1322,عطر رائد ذهبي,Lattafa,,perfumes,READY_LOCAL,https://www.lattafa-usa.com/products/raed-gold,https://cdn.shopify.com/s/files/1/0754/4936/8799/files/1_94ee3c24-9796-4fd9-9a6d-b9ed3d2394e9.png?v=1747501138,official_distributor,ACQUIRED_NORMALIZED,alias raed-gold->raed-gold
31,62,ARD-1323,عطر رائد سلفر,Lattafa,,perfumes,READY_LOCAL,https://www.lattafa-usa.com/products/raed-silver,https://cdn.shopify.com/s/files/1/0754/4936/8799/files/1_04b14af2-b763-40e3-9bc7-c36207fad915.png?v=1756362112,official_distributor,ACQUIRED_NORMALIZED,official_sitemap score=1.0 raed-silver
32,63,ARD-1330,عطر اجيال,Lattafa,,perfumes,READY_LOCAL,https://www.perfumeoutlet.com/products/lattafa-ajial-by-lattafa-eau-de-parfum,https://cdn.shopify.com/s/files/1/0576/2727/9453/files/FXP563818.jpg?v=1700000000,specialty_retailer,ACQUIRED_NORMALIZED,Ajial/Ajyal EDP
33,64,ARD-1338,عطر عروق العود اميرلد,Lattafa,,perfumes,READY_LOCAL,https://www.oriental-style.de/en/products/lattafa-urooq-al-oud-eau-de-parfum-spray-perfume,https://cdn.shopify.com/s/files/1/0958/5809/8515/files/b363fbbeada03db6b42a392c4e9c0040.png?v=1776700657,reputable_retailer,ACQUIRED_NORMALIZED,Urooq Al Oud Emerald
34,67,ARD-1433,عطر بديع العود,Lattafa,,perfumes,READY_LOCAL,https://lattafaparfum.eu/products/badee-al-oud,https://cdn.shopify.com/s/files/1/0957/1231/3609/files/LattafaBadeeAlOud_2.webp?v=1777207149,official_distributor,ACQUIRED_NORMALIZED,corpus score=1.0
35,68,ARD-1438,كونفيدينتال ذهبي,Lattafa,,perfumes,READY_LOCAL,https://www.lattafa-usa.com/products/confidential-private-gold,https://cdn.shopify.com/s/files/1/0754/4936/8799/files/1_95dc51cc-eca3-4200-bc3e-3afa255dcd41.png?v=1747500665,official_distributor,ACQUIRED_NORMALIZED,Confidential Private Gold
36,69,ARD-1439,كونفيدينتال سلفر,Lattafa,,perfumes,READY_LOCAL,https://dubaiesencias.com/products/confidential-silver-lattafa,http://dubaiesencias.com/cdn/shop/files/Confidential-silver-Lattafa-100-ML-Lattafa-66484843.webp?v=1729277948,reputable_retailer,ACQUIRED_NORMALIZED,confidential-silver-lattafa
37,71,ARD-1513,عطر خالص عودي,Lattafa,,perfumes,READY_LOCAL,https://tripletraders.com/products/khalis-oudi-pure-arabian-oudi-floral-musky-vanilla-eau-de-parfum-by-lattafa-100ml-by-khalis-oudi,https://cdn.shopify.com/s/files/1/0014/6590/9313/products/63707b1fb778ce74f21c7f02.png?v=1680196368,reputable_retailer,ACQUIRED_NORMALIZED,Khalis Pure Oudi
38,72,ARD-1672,عطر شيخ الشيوخ / اصدار نهائي,Lattafa,,perfumes,READY_LOCAL,https://www.myperfumeshop.ae/products/lattafa-sheikh-al-shuyukh-final-edition-edp,https://cdn.shopify.com/s/files/1/0388/7287/5140/files/lattafa-sheikh-al-shuyukh-final-edition-edp-perfume-cologne-566059.png?v=1714655772,reputable_retailer,ACQUIRED_NORMALIZED,Sheikh Final Edition
39,73,ARD-1684,عطر جنية,Lattafa,,perfumes,HOLD_IMAGE_REVIEW,,,,HOLD_IMAGE_REVIEW,HOLD_IMAGE_REVIEW: Jinniyah identity unresolved
40,74,ARD-1702,عطر ملك الطيور مركز,Lattafa,,perfumes,READY_LOCAL,https://www.oriental-style.de/en/products/parfum-malik-al-tayoor-concentrated-eau-de-parfum-100ml-spray-von-lattafa,https://cdn.shopify.com/s/files/1/0958/5809/8515/files/a970b7e39661834e38c19bb9c2fd6010.png?v=1776706418,reputable_retailer,ACQUIRED_NORMALIZED,Malik Al Tayoor Concentrated
41,75,ARD-1744,عطر اديب,Lattafa,,perfumes,READY_LOCAL,https://www.lattafa-usa.com/products/adeeb,https://cdn.shopify.com/s/files/1/0754/4936/8799/files/1_be28bab2-341d-473a-b449-0ccca8040994.png?v=1747500290,official_distributor,ACQUIRED_NORMALIZED,official_sitemap score=1.0 adeeb
42,76,ARD-1774,عطر سر حبي,Lattafa,,perfumes,READY_LOCAL,https://olvio.co.uk/products/ser-hubbee-perfume,https://cdn.shopify.com/s/files/1/0849/5218/7206/files/Lattafa_Ser_Hubbee_Perfume_100ml_EDP_Box_and_Bottle.jpg?v=1726992549,reputable_retailer,ACQUIRED_NORMALIZED,Ser Hubbee
43,77,ARD-1816,عطر الفرسان عود اديشن,Lattafa,,perfumes,READY_LOCAL,https://www.lattafa-usa.com/products/qaed-al-fursan,https://cdn.shopify.com/s/files/1/0754/4936/8799/files/1_9fb3182c-ce4b-4238-ac54-ed0498a19be6.png?v=1747501113,official_distributor,ACQUIRED_NORMALIZED,"curated slug=qaed-al-fursan cands=['qaed-al-fursan', 'qaed-al-fursan-unlimited', 'qaed-al-fursan-unlimited-1']"
44,78,ARD-1856,عطر قلائد,Lattafa,,perfumes,READY_LOCAL,https://www.rioperfumes.co.za/products/lattafa-qalaad-100ml-eau-de-parfum,https://cdn.shopify.com/s/files/1/0092/0246/6896/products/1_1.jpg?v=1632741924,reputable_retailer,ACQUIRED_NORMALIZED,Qalaad
45,80,ARD-1910,عطر ماهر اسود,Lattafa,,perfumes,READY_LOCAL,https://lattafaparfum.eu/products/maahir-black,https://cdn.shopify.com/s/files/1/0957/1231/3609/files/2-64.jpg?v=1777206210,official_distributor,ACQUIRED_NORMALIZED,corpus score=1.0
46,81,ARD-2105,عطر اجود,Lattafa,,perfumes,READY_LOCAL,https://www.lattafaindia.com/products/ajwad,https://cdn.shopify.com/s/files/1/0635/2270/1395/files/03_6.png?v=1768994998,official_distributor,ACQUIRED_NORMALIZED,Ajwad
47,82,ARD-2116,عطر الاثال 100 مل,Lattafa,100 مل,perfumes,READY_LOCAL,https://www.perfumenz.co.nz/products/al-athal-by-lattafa-100ml-edp,https://cdn.shopify.com/s/files/1/0259/7733/files/lattafa-al-athal.png?v=1724801391,reputable_retailer,ACQUIRED_NORMALIZED,Al Athal
48,83,ARD-2117,عطر اعجازي لطافة سلفر,Lattafa,,perfumes,READY_LOCAL,https://www.lattafa-usa.com/products/ejaazi,https://cdn.shopify.com/s/files/1/0754/4936/8799/files/1_9e48a67b-8701-4929-a666-ca6e8ba5391a.png?v=1747500687,official_distributor,ACQUIRED_NORMALIZED,alias ejaazi->ejaazi
49,85,ARD-2143,عطر ايام نساء,Lattafa,,perfumes,HOLD_IMAGE_REVIEW,,,,HOLD_IMAGE_REVIEW,HOLD_IMAGE_REVIEW: Ayaam Women unresolved
50,86,ARD-2144,عطر اساطير رجال,Lattafa,,perfumes,HOLD_IMAGE_REVIEW,,,,HOLD_IMAGE_REVIEW,HOLD_IMAGE_REVIEW: Asateer Men/Women gender packshot ambiguous
51,87,ARD-2145,عطر اساطير نساء,Lattafa,,perfumes,HOLD_IMAGE_REVIEW,,,,HOLD_IMAGE_REVIEW,HOLD_IMAGE_REVIEW: Asateer Men/Women gender packshot ambiguous
52,88,ARD-2147,عطر اطياف ذهبي,Lattafa,,perfumes,HOLD_IMAGE_REVIEW,,,,HOLD_IMAGE_REVIEW,HOLD_IMAGE_REVIEW: Atyaf Gold unresolved/low-res
53,89,ARD-2150,عطر اصحاب,Lattafa,,perfumes,READY_LOCAL,https://www.simplyislam.com/products/ashaab-100ml-edp-by-lattafa-perfume-new-arabian-fragrance-fast-fruity-citrus,https://cdn.shopify.com/s/files/1/1802/1391/files/ashaab-100ml-edp-by-lattafa-perfume-new-arabian-fragrance-fast-fruity-citrus-simplyislam.png?v=1717723186,reputable_retailer,ACQUIRED_NORMALIZED,Ashaab 100ml
54,90,ARD-2151,عطر ثريا,Lattafa,,perfumes,READY_LOCAL,https://www.perfumenz.co.nz/products/thuraya-by-lattafa-100ml-edp,https://cdn.shopify.com/s/files/1/0259/7733/files/lattafa-thuraya---2_86e3bf4c-5220-4f89-8707-b9320bdf90c4.png?v=1724979942,reputable_retailer,ACQUIRED_NORMALIZED,Thuraya
55,97,ARD-2497,عطر خلطة لطافة 100 مل,Lattafa,100 مل,perfumes,READY_LOCAL,https://www.lattafa-usa.com/products/khaltat-al-arabia-royal-blend,https://cdn.shopify.com/s/files/1/0754/4936/8799/files/1_a254afa0-c918-4be5-a17d-937014313595.png?v=1747498318,official_distributor,ACQUIRED_NORMALIZED,alias khaltat-al-arabia-royal-blend->khaltat-al-arabia-royal-blend
56,98,ARD-2503,عطر محاسن كرستال,Lattafa,,perfumes,READY_LOCAL,https://www.lattafa-usa.com/products/mahasin-crystal,https://cdn.shopify.com/s/files/1/0754/4936/8799/files/1_5c19a45f-a17d-42f7-8e58-ecf341f13ca4.png?v=1747498457,official_distributor,ACQUIRED_NORMALIZED,alias mahasin-crystal->mahasin-crystal
57,99,ARD-2504,عطر محاسن كرستال بنفسجي,Lattafa,,perfumes,HOLD_IMAGE_REVIEW,,,,HOLD_IMAGE_REVIEW,HOLD_IMAGE_REVIEW: Mahasin Crystal Violet set-only packshot
58,103,ARD-2519,عطر المؤرخ 100 مل,Lattafa,100 مل,perfumes,READY_LOCAL,https://www.oriental-style.de/en/products/lattafa-al-muarikh-the-historian-perfume-spray,https://www.oriental-style.de/cdn/shop/files/b923888a46ebe04e1660af8dbe7ed338.png?v=1776704577&width=2048,reputable_retailer,ACQUIRED_NORMALIZED,Al Muarikh Historian
59,110,ARD-2768,عطر مهرة سيلكي روز وردي 100 مل,Lattafa,100 مل,perfumes,READY_LOCAL,https://emiratesoud.co.uk/products/mohra-silky-rose-perfume-100ml-edp-lattafa,https://cdn.shopify.com/s/files/1/0798/6898/5693/files/mohra-silky-rose-perfume-100ml-edp-lattafa-emirates-oud.jpg?v=1713056634,reputable_retailer,ACQUIRED_NORMALIZED,Mohra Silky Rose labeled 100ml
60,112,ARD-2868,عطر ميار,Lattafa,,perfumes,READY_LOCAL,https://lattafaparfum.eu/products/mayar,https://cdn.shopify.com/s/files/1/0957/1231/3609/files/LattafaMayar_1.webp?v=1777205641,official_distributor,ACQUIRED_NORMALIZED,corpus score=1.0
61,113,ARD-2875,عطر مسمم,Lattafa,,perfumes,READY_LOCAL,https://soghaat.co.uk/products/musamam-100ml-edp-by-lattafa/,http://soghaat.co.uk/cdn/shop/files/lattafa-perfumes-musamam-edp-100-ml-oae-original.1800x1800w.jpg?v=1777399482,reputable_retailer,ACQUIRED_NORMALIZED,Musamam
62,118,ARD-2962,عطر نشيط,Lattafa,,perfumes,READY_LOCAL,https://soghaat.co.uk/products/nasheet-100ml-edp-by-lattafa/,https://soghaat.co.uk/cdn/shop/files/lattafa-nasheet-100ml-apa-de-parfum_8368667.jpg?v=1777397313,reputable_retailer,ACQUIRED_NORMALIZED,Nasheet
63,119,ARD-2971,عطر كشف 100 مل,Lattafa,100 مل,perfumes,READY_LOCAL,https://swedishface.com/en/lattafa-perfumes-kashaf-edp-100ml,https://swedishface.com/image/cache/data/lattafa/lattafa-perfumes-kashaf-edp-100ml-1200x1200.jpg,reputable_retailer,ACQUIRED_NORMALIZED,Kashaf
64,121,ARD-3168,عطر رماد العود,Lattafa,,perfumes,READY_LOCAL,https://www.lattafa-usa.com/products/ramaad-al-oud,https://cdn.shopify.com/s/files/1/0754/4936/8799/files/Ramaad-Al-oud-1.png?v=1747421884,official_distributor,ACQUIRED_NORMALIZED,curated slug=ramaad-al-oud cands=['ramaad-al-oud']
65,126,ARD-3247,عطر صفوان عطر العود 100 مل,Lattafa,100 مل,perfumes,READY_LOCAL,https://www.lattafa-usa.com/products/safwaan-lautre-oud,https://cdn.shopify.com/s/files/1/0754/4936/8799/files/Safwaan-Lautre-Oud-1.png?v=1747421991,official_distributor,ACQUIRED_NORMALIZED,Safwaan Lauture Oud sitemap
66,127,ARD-3259,عطر صفوان عطر المسك 100 مل,Lattafa,100 مل,perfumes,READY_LOCAL,https://www.lattafa-usa.com/products/safwaan-lautre-musk,https://cdn.shopify.com/s/files/1/0754/4936/8799/files/Safwaan-Lautre-Musk-1.png?v=1747421960,official_distributor,ACQUIRED_NORMALIZED,Safwaan Lauture Musk sitemap
67,129,ARD-3346,عطر خلطات عربية رويال ديلايت سلفر,Lattafa,,perfumes,READY_LOCAL,https://swedishface.com/en/lattafa-perfumes-khaltaat-al-arabia-royal-delight-edp-100ml,https://swedishface.com/image/cache/data/lattafa/lattafa-perfumes-khaltaat-al-arabia-royal-delight-edp-100ml-1200x1200.jpg,reputable_retailer,ACQUIRED_NORMALIZED,Royal Delight Silver
68,131,ARD-3348,عطر انت فقط 100 مل,Lattafa,100 مل,perfumes,READY_LOCAL,https://swedishface.com/en/lattafa-perfumes-ente-faqat-edp-100ml,https://swedishface.com/image/cache/data/lattafa/lattafa-perfumes-ente-faqat-edp-100ml-1200x1200.jpg,reputable_retailer,ACQUIRED_NORMALIZED,Ente Faqat
69,137,ARD-3354,عطر رائد عود 100 مل,Lattafa,100 مل,perfumes,READY_LOCAL,https://www.lattafa-usa.com/products/raed-oud,https://cdn.shopify.com/s/files/1/0754/4936/8799/files/1_738e1688-2157-4999-9356-c6a2122a7b80.png?v=1756362071,official_distributor,ACQUIRED_NORMALIZED,official_sitemap score=1.0 raed-oud
70,142,ARD-3713,عطر جسور 100 مل,Lattafa,100 مل,perfumes,READY_LOCAL,https://perfumeonline.ca/products/lattafa-jasoor,http://perfumeonline.ca/cdn/shop/files/Lattafa-Jasoor_grande.jpg?v=1698222483,reputable_retailer,ACQUIRED_NORMALIZED,Jasoor
71,144,ARD-3715,عطر ليام بلو شاين 100 مل,Lattafa,100 مل,perfumes,READY_LOCAL,https://www.lattafa-usa.com/products/liam-blue-shine,https://cdn.shopify.com/s/files/1/0754/4936/8799/files/Liam-Blue-Shine-1_560a8156-31ec-437d-937e-cd9b72072303.png?v=1747416196,official_distributor,ACQUIRED_NORMALIZED,official_sitemap score=1.0 liam-blue-shine
72,145,ARD-3716,عطر حياتي الاسود,Lattafa,,perfumes,READY_LOCAL,https://www.lattafa-usa.com/products/hayaati,https://cdn.shopify.com/s/files/1/0754/4936/8799/files/1_c2b7d49b-3b79-4e98-853f-977f7d50e640.png?v=1747500957,official_distributor,ACQUIRED_NORMALIZED,Hayaati
73,146,ARD-3717,عطر امير ذهبي 100 مل,Lattafa,100 مل,perfumes,HOLD_IMAGE_REVIEW,,,,HOLD_IMAGE_REVIEW,HOLD_IMAGE_REVIEW: امير ذهبي ambiguous (Emeer vs 24 Carat vs Al Noble Ameer)
74,147,ARD-3746,عطر مسمم ابيض,Lattafa,,perfumes,READY_LOCAL,https://www.lattafa-usa.com/products/musamam-white-intense,https://cdn.shopify.com/s/files/1/0754/4936/8799/files/Musamam-White-1.png?v=1747416325,official_distributor,ACQUIRED_NORMALIZED,alias musamam-white-intense->musamam-white-intense
75,148,ARD-3747,عطر عجايب دبي اسود 100 مل,Lattafa,100 مل,perfumes,READY_LOCAL,https://perfumeonline.ca/products/lattafa-ajayeb-dubai-black,https://cdn.shopify.com/s/files/1/2170/5343/files/LattafaAjayebDubai_Black.jpg?v=1709653636,reputable_retailer,ACQUIRED_NORMALIZED,corpus score=1.0
76,149,ARD-3851,عطر ترياق 100 مل,Lattafa,100 مل,perfumes,READY_LOCAL,https://lattafaparfum.eu/products/teriaq,https://cdn.shopify.com/s/files/1/0957/1231/3609/files/LattafaTeriaq_1.webp?v=1777204927,official_distributor,ACQUIRED_NORMALIZED,corpus score=1.0
77,150,ARD-3868,عطر اسد زينزبار 100 مل,Lattafa,100 مل,perfumes,READY_LOCAL,https://www.lattafa-usa.com/products/asad-zanzibar,https://cdn.shopify.com/s/files/1/0754/4936/8799/files/Asad-Zanzibar-1_ab5df442-9906-4109-81d1-a21265914bfd.png?v=1747415448,official_distributor,ACQUIRED_NORMALIZED,alias asad-zanzibar->asad-zanzibar
78,152,ARD-3961,عطر سحر لطافة 100 مل,Lattafa,100 مل,perfumes,READY_LOCAL,https://www.lattafa-usa.com/products/sehr,https://cdn.shopify.com/s/files/1/0754/4936/8799/files/Sehr-Lattafa-1_ac1003e9-5414-48ce-a22d-624ce8705711.png?v=1747416393,official_distributor,ACQUIRED_NORMALIZED,"curated slug=sehr cands=['sehr', 'sehr-perfume-mist']"
79,153,ARD-4014,عطر يارا كاندي 100 مل,Lattafa,100 مل,perfumes,READY_LOCAL,https://www.lattafa-usa.com/products/yara-candy,https://cdn.shopify.com/s/files/1/0754/4936/8799/files/Yara-Candy-1_86796aee-3226-4653-ba72-dd51d747c7f4.png?v=1747416617,official_distributor,ACQUIRED_NORMALIZED,official_sitemap score=1.0 yara-candy
80,155,ARD-4144,عطر هير كونفيشين الابيض 100 مل,Lattafa,100 مل,perfumes,READY_LOCAL,https://www.lattafa-usa.com/products/her-confession,https://cdn.shopify.com/s/files/1/0754/4936/8799/files/Her-Confession-1.png?v=1747420000,official_distributor,ACQUIRED_NORMALIZED,Her Confession
81,156,ARD-4160,عطر ترياق انتنس 100 مل,Lattafa,100 مل,perfumes,READY_LOCAL,https://lattafaparfum.eu/products/teriaq-intense,https://cdn.shopify.com/s/files/1/0957/1231/3609/files/LattafaTeriaqIntense_2.webp?v=1777204931,official_distributor,ACQUIRED_NORMALIZED,corpus score=1.0
82,157,ARD-4179,عطر كنكدوم (المملكة) 100 مل رجالي,Lattafa,100 مل,perfumes,READY_LOCAL,https://www.lattafa-usa.com/products/the-kingdom,https://cdn.shopify.com/s/files/1/0754/4936/8799/files/The-Kingdom-Men-1.png?v=1747417158,reputable_retailer,ACQUIRED_NORMALIZED,corpus score=1.0
83,158,ARD-4180,عطر بديع العود هونور ابيض 100 مل,Lattafa,100 مل,perfumes,READY_LOCAL,https://www.lattafa-usa.com/products/badee-al-oud-honor-and-glory,https://cdn.shopify.com/s/files/1/0754/4936/8799/files/Badee-Al-Oud-Honor-_-Glory-1_a3e5a0eb-fe3d-4799-8408-2874e3a642fa.png?v=1747415524,official_distributor,ACQUIRED_NORMALIZED,Honor and Glory white
84,159,ARD-4193,عطر فلفت مسك 100 مل,Lattafa,100 مل,perfumes,READY_LOCAL,https://www.lattafa-usa.com/products/velvet-musk,https://cdn.shopify.com/s/files/1/0754/4936/8799/files/Velvet-Musk-1_ed8249fb-fcd1-4c97-896c-5a3ee7a2d06f.png?v=1747417285,official_distributor,ACQUIRED_NORMALIZED,official_sitemap score=1.0 velvet-musk
85,160,ARD-4197,عطر ميار ناتورال انتنس,Lattafa,,perfumes,READY_LOCAL,https://www.lattafa-usa.com/products/mayar-natural-intense,https://cdn.shopify.com/s/files/1/0754/4936/8799/files/Mayar-Natural-Intense-1_2b8dfe9b-6ebd-4d24-99e6-68565cda61d5.png?v=1747416289,official_distributor,ACQUIRED_NORMALIZED,Mayar Natural Intense
86,166,ARD-4269,عطر ليل ملكي موروكان بلو 100 مل,Lattafa,100 مل,perfumes,READY_LOCAL,https://www.lattafa-usa.com/products/lail-maleki-moroccon-blue,https://cdn.shopify.com/s/files/1/0754/4936/8799/files/Lail-Malaki-Moroccan-Blue-1_5ff9b4fb-73cb-42f0-a320-1797668477f3.png?v=1747416915,official_distributor,ACQUIRED_NORMALIZED,Lail Maleki Moroccan Blue
87,168,ARD-4278,عطر كنكدوم (المملكة) نسائي 100 مل,Lattafa,100 مل,perfumes,READY_LOCAL,https://www.lattafa-usa.com/products/the-kingdom-women,https://cdn.shopify.com/s/files/1/0754/4936/8799/files/IMG-1625.png?v=1756740801,official_distributor,ACQUIRED_NORMALIZED,Kingdom Women
88,170,ARD-4326,عطر نجدية انتنس 100 مل,Lattafa,100 مل,perfumes,READY_LOCAL,https://www.lattafaindia.com/products/lattafa-najdia-intense-for-men-eau-de-parfum-spray-100ml,https://cdn.shopify.com/s/files/1/0635/2270/1395/files/01_d9757754-fff0-4680-b342-b462fcf64aaa.png?v=1769166899,official_distributor,ACQUIRED_NORMALIZED,Najdia Intense
89,171,ARD-4333,عطر اثيري 100 مل,Lattafa,100 مل,perfumes,READY_LOCAL,https://www.lattafa-usa.com/products/atheeri,https://cdn.shopify.com/s/files/1/0754/4936/8799/files/Atheeri-1_f93156cf-73d9-4455-8540-5665a4312efb.png?v=1747416765,official_distributor,ACQUIRED_NORMALIZED,Atheeri
90,173,ARD-4337,عطر حياتم 100 مل,Lattafa,100 مل,perfumes,READY_LOCAL,https://www.intenseoud.com/products/hayaatim-eau-de-parfum-100ml-3-4oz-by-lattafa,https://cdn.shopify.com/s/files/1/0127/7840/5947/files/s-l1600_12.png?v=1774728480,reputable_retailer,ACQUIRED_NORMALIZED,Hayaatim
91,174,ARD-4360,عطر بيان 100 مل,Lattafa,100 مل,perfumes,READY_LOCAL,https://www.lattafa-usa.com/products/bayaan,https://cdn.shopify.com/s/files/1/0754/4936/8799/files/Bayaan-1_03acf57f-4935-4451-8a60-d5d54f836e4a.png?v=1747415608,official_distributor,ACQUIRED_NORMALIZED,Bayaan
92,175,ARD-4363,عطر هز كونفيشين الاسود 100 مل,Lattafa,100 مل,perfumes,READY_LOCAL,https://www.lattafa-usa.com/products/his-confession,https://cdn.shopify.com/s/files/1/0754/4936/8799/files/His-Confession-1_2614a68d-8561-4a94-9c54-7739ae06f986.png?v=1747415996,official_distributor,ACQUIRED_NORMALIZED,His Confession
93,176,ARD-4513,عطر اجود بينك 60 مل,Lattafa,60 مل,perfumes,READY_LOCAL,https://www.lattafa-usa.com/products/ajwad-pink-to-pink,https://cdn.shopify.com/s/files/1/0754/4936/8799/files/Ajwad-Pink-to-Pink-1_f07e8195-9952-48c7-8445-1779e409295b.png?v=1747415196,official_distributor,ACQUIRED_NORMALIZED,Ajwad Pink to Pink 60ml
94,177,ARD-4587,عطر ديناستي 100 مل,Lattafa,100 مل,perfumes,READY_LOCAL,https://www.lattafa-usa.com/products/dynasty,https://cdn.shopify.com/s/files/1/0754/4936/8799/files/1_a9b996dc-705c-47bc-878c-064ae56f411c.png?v=1756143026,official_distributor,ACQUIRED_NORMALIZED,Dynasty
95,178,ARD-4635,عطر اطلس 55 مل,Lattafa,55 مل,perfumes,READY_LOCAL,https://www.lattafa-usa.com/products/atlas,https://cdn.shopify.com/s/files/1/0754/4936/8799/files/Atlas_Bottle.png?v=1756143598,official_distributor,ACQUIRED_NORMALIZED,Atlas 55ml
96,180,ARD-4646,عطر فكتوريا / لطافه,Lattafa,,perfumes,READY_LOCAL,https://www.lattafa-usa.com/products/victoria,https://cdn.shopify.com/s/files/1/0754/4936/8799/files/Victoria-1_5951ef1c-61de-4bd1-9d5f-1d2b3d1c18cc.png?v=1747417320,official_distributor,ACQUIRED_NORMALIZED,Victoria
97,181,ARD-4652,عطر كف مي كورماند بيري اون توب 75 مل,Lattafa,75 مل,perfumes,READY_LOCAL,https://www.lattafa-usa.com/products/berry-on-top,https://cdn.shopify.com/s/files/1/0754/4936/8799/files/14.png?v=1756513023,official_distributor,ACQUIRED_NORMALIZED,Berry On Top
98,182,ARD-4653,عطر كف مي كورماند مالو مادنس 75 مل,Lattafa,75 مل,perfumes,READY_LOCAL,https://www.lattafa-usa.com/products/mallow-madness,https://cdn.shopify.com/s/files/1/0754/4936/8799/files/15.png?v=1756513023,official_distributor,ACQUIRED_NORMALIZED,Mallow Madness
99,183,ARD-4654,عطر كف مي كورماند ويبد بلشور 75 مل,Lattafa,75 مل,perfumes,READY_LOCAL,https://www.lattafa-usa.com/products/whipped-pleasure,https://cdn.shopify.com/s/files/1/0754/4936/8799/files/4_123eed08-6e96-4ef5-a5b1-3d4970772d9e.png?v=1756513022,official_distributor,ACQUIRED_NORMALIZED,Whipped Pleasure
100,184,ARD-4655,عطر اكلاير بانوفي 100 مل,Lattafa,100 مل,perfumes,READY_LOCAL,https://www.lattafa-usa.com/products/eclaire-banoffi,https://cdn.shopify.com/s/files/1/0754/4936/8799/files/LattafaEclaireBanoffiBottle.png?v=1755279168,official_distributor,ACQUIRED_NORMALIZED,Eclaire Banoffi
101,185,ARD-4656,عطر كف مي كورماند جوكو اوفردوس 75 مل,Lattafa,75 مل,perfumes,READY_LOCAL,https://www.lattafa-usa.com/products/choco-overdose,https://cdn.shopify.com/s/files/1/0754/4936/8799/files/13.png?v=1756513023,official_distributor,ACQUIRED_NORMALIZED,Choco Overdose
102,186,ARD-4657,عطر كف مي كورماند كوكي كرايف 75 مل,Lattafa,75 مل,perfumes,READY_LOCAL,https://www.lattafa-usa.com/products/cookie-crave,https://cdn.shopify.com/s/files/1/0754/4936/8799/files/cookie_crave.png?v=1756514481,official_distributor,ACQUIRED_NORMALIZED,Cookie Crave
103,187,ARD-4658,عطر كف مي كورماند فانيلا فريك 75 مل,Lattafa,75 مل,perfumes,READY_LOCAL,https://www.lattafa-usa.com/products/vanilla-freak,https://cdn.shopify.com/s/files/1/0754/4936/8799/files/6_247f697e-77a4-45a8-92e3-0578b46b2c70.png?v=1756513022,official_distributor,ACQUIRED_NORMALIZED,Vanilla Freak
104,188,ARD-4659,عطر نسمات 100 مل,Lattafa,100 مل,perfumes,READY_LOCAL,https://www.lattafa-usa.com/products/nasmaat,https://cdn.shopify.com/s/files/1/0754/4936/8799/files/Nasmaat.png?v=1760130127,official_distributor,ACQUIRED_NORMALIZED,Nasmaat
105,190,ARD-4661,عطر حابك للرجال 100 مل,Lattafa,100 مل,perfumes,READY_LOCAL,https://www.lattafa-usa.com/products/habik-for-men-pre-order,https://cdn.shopify.com/s/files/1/0754/4936/8799/files/1_baf250d5-708c-425a-a3c7-94c3ea2d274c.png?v=1756361768,official_distributor,ACQUIRED_NORMALIZED,Habik Men
106,191,ARD-4662,عطر حابك للنساء 100 مل,Lattafa,100 مل,perfumes,READY_LOCAL,https://www.lattafa-usa.com/products/habik-for-women-preorder,https://cdn.shopify.com/s/files/1/0754/4936/8799/files/1_84eefc4a-71d7-441a-9559-23cae2c9efc3.png?v=1756361803,official_distributor,ACQUIRED_NORMALIZED,Habik Women
107,192,ARD-4663,عطر فاير اون ايس 110 مل,Lattafa,110 مل,perfumes,READY_LOCAL,https://www.lattafa-usa.com/products/fire-on-ice,https://cdn.shopify.com/s/files/1/0754/4936/8799/files/1_cf2474fb-b1d3-4caf-9adc-86efcccaeb9d.png?v=1756361729,official_distributor,ACQUIRED_NORMALIZED,Fire On Ice 110ml
108,193,ARD-4666,عطر شريف 100 مل,Lattafa,100 مل,perfumes,READY_LOCAL,https://www.lattafa-usa.com/products/sherif,https://cdn.shopify.com/s/files/1/0754/4936/8799/files/SherifLattafa1.png?v=1756513491,official_distributor,ACQUIRED_NORMALIZED,Sherif
109,194,ARD-4679,عطر يارا توس كبير 150 مل,Lattafa,150 مل,perfumes,READY_LOCAL,https://www.intenseoud.com/products/yara-tous-all-over-spray-150ml-5-07-oz-by-lattafa-a-tropical-hug-in-a-bottle,https://cdn.shopify.com/s/files/1/0127/7840/5947/files/6_2_5488eea7-12ed-48e7-9ad0-4d1049689269.webp?v=1774785550,reputable_retailer,ACQUIRED_NORMALIZED,Yara Tous AOS 150ml
110,196,ARD-4681,عطر ميار ناتورال انتس كبير 150 مل,Lattafa,150 مل,perfumes,READY_LOCAL,https://www.lattafa-usa.com/products/mayar-natural-intense-all-over-spray,https://cdn.shopify.com/s/files/1/0754/4936/8799/files/mayarnaturalintensealloverspray.png?v=1750619670,official_distributor,ACQUIRED_NORMALIZED,Mayar Natural Intense AOS 150ml
111,197,ARD-4682,عطر انا الابيض روج كبير 150 مل,Lattafa,150 مل,perfumes,READY_LOCAL,https://www.intenseoud.com/products/ana-abiyedh-rouge-all-over-spray-150ml-5-07-oz-by-lattafa-sweet-sharp-utterly-unforgettable,https://cdn.shopify.com/s/files/1/0127/7840/5947/files/9_06f8fabc-043f-4dd7-8a56-9e0226cb7527.webp?v=1774785765,reputable_retailer,ACQUIRED_NORMALIZED,Ana Abiyedh Rouge AOS 150ml
112,200,ARD-4730,عطر فخر لطافة بلاتين 100 مل,Lattafa,100 مل,perfumes,READY_LOCAL,https://www.lattafa-usa.com/products/fakhar-platin,https://cdn.shopify.com/s/files/1/0754/4936/8799/files/1_f62c90bc-f6e9-4202-b755-e33db925e687.png?v=1749465623,official_distributor,ACQUIRED_NORMALIZED,Fakhar Platin
113,201,ARD-4731,عطر اكلاير بستاشي 100 مل,Lattafa,100 مل,perfumes,READY_LOCAL,https://www.lattafa-usa.com/products/eclaire-pistache,https://cdn.shopify.com/s/files/1/0754/4936/8799/files/LattafaEclairePistacheBottle.png?v=1755277744,official_distributor,ACQUIRED_NORMALIZED,Eclaire Pistache
114,203,ARD-4771,عطر النشامة كابريس 100 مل,Lattafa,100 مل,perfumes,READY_LOCAL,https://lattafa.com/product/al-nashama-caprice/,https://cdn.shopify.com/s/files/1/0567/4952/3112/files/LATTAFA2_d222a33d-c128-4dce-9518-d89d4442e51e.jpg?v=1763711801,reputable_retailer,ACQUIRED_NORMALIZED,Al Nashama Caprice
115,205,ARD-4793,عطر دلال 100 مل,Lattafa,100 مل,perfumes,READY_LOCAL,https://www.lattafa-usa.com/products/dalal,https://cdn.shopify.com/s/files/1/0754/4936/8799/files/LattafaDalalEDP100mlSpray.png?v=1763744096,official_distributor,ACQUIRED_NORMALIZED,Dalal
116,206,ARD-4797,سيت هدايا يارا كاندي,Lattafa,,perfumes,READY_LOCAL,https://www.lattafa-usa.com/products/yara-candy-3pcs-gift-set,https://cdn.shopify.com/s/files/1/0754/4936/8799/files/2bdf4158a6954609b35feb4bfb6f0501_tplv-fhlh96nyum-origin-jpeg.jpg?v=1764631678,official_distributor,ACQUIRED_NORMALIZED,Yara Candy gift set
117,207,ARD-4798,سيت هدايا بديع العود سبليم,Lattafa,,perfumes,READY_LOCAL,https://www.lattafa-usa.com/products/badee-al-oud-sublime-gift-set,https://cdn.shopify.com/s/files/1/0754/4936/8799/files/ce873b64de89401da52da77068878183_tplv-fhlh96nyum-origin-jpeg.jpg?v=1764632749,official_distributor,ACQUIRED_NORMALIZED,Badee Al Oud Sublime gift set
118,208,ARD-4799,سيت هدايا المملكة رجال,Lattafa,,perfumes,READY_LOCAL,https://www.lattafa-usa.com/products/the-kingdom-gift-set,https://cdn.shopify.com/s/files/1/0754/4936/8799/files/TheKingdomMenGiftSet.png?v=1762901626,official_distributor,ACQUIRED_NORMALIZED,Kingdom Men gift set
119,209,ARD-4800,سيت هدايا ترياق,Lattafa,,perfumes,READY_LOCAL,https://www.lattafa-usa.com/products/teriaq-3pcs-gift-set,https://cdn.shopify.com/s/files/1/0754/4936/8799/files/274a9aa7401944c09ecdcdc2d95deb1e_tplv-fhlh96nyum-origin-jpeg.jpg?v=1764632151,official_distributor,ACQUIRED_NORMALIZED,Teriaq gift set
120,210,ARD-4801,سيت هدايا فخر لطافة رجال,Lattafa,,perfumes,HOLD_IMAGE_REVIEW,,,,HOLD_IMAGE_REVIEW,HOLD_IMAGE_REVIEW: gift set packaging
121,211,ARD-4802,سيت هدايا خمرة,Lattafa,,perfumes,READY_LOCAL,https://www.lattafa-usa.com/products/khamrah-3pcs-gift-set,https://cdn.shopify.com/s/files/1/0754/4936/8799/files/ce143305a3c94d56a3c86db375bd6456_tplv-fhlh96nyum-origin-jpeg.jpg?v=1764633415,official_distributor,ACQUIRED_NORMALIZED,Khamrah gift set
122,212,ARD-4919,عطر بيترا 100 مل,Lattafa,100 مل,perfumes,READY_LOCAL,https://www.lattafa-usa.com/products/petra,https://cdn.shopify.com/s/files/1/0754/4936/8799/files/1_6e8e4461-9e8c-4346-b7aa-87769f89fad6.png?v=1749465674,official_distributor,ACQUIRED_NORMALIZED,Petra
123,213,ARD-4921,سيت عطر اسد 4*25 مل,Lattafa,25 مل,perfumes,READY_LOCAL,https://www.lattafa-usa.com/products/asad-collection-4x25ml,https://cdn.shopify.com/s/files/1/0754/4936/8799/files/IMG-7082.png?v=1769952439,official_distributor,ACQUIRED_NORMALIZED,Asad Collection 4x25
124,214,ARD-4997,عطر انغام سكند سونك 100 مل,Lattafa,100 مل,perfumes,READY_LOCAL,https://www.lattafa-usa.com/products/angham-second-song,https://cdn.shopify.com/s/files/1/0754/4936/8799/files/IMG-7057.png?v=1769925903,official_distributor,ACQUIRED_NORMALIZED,Angham Second Song
125,215,ARD-4999,عطر شيخ الشيوخ سوبريمو لطافة 100 مل,Lattafa,100 مل,perfumes,READY_LOCAL,https://www.lattafa.my/perfumes/lattafa/sheikh-al-shuyukh-supreme/,https://www.lattafa.my/cdn/sheikh-al-shuyukh-supreme-by-lattafa-100ml-10/product/?f=webp&name=lattafa-sheikh-al-shuyukh-supreme-by-lattafa-100ml-blue-box-gold-cap-man-portrait.webp,official_distributor,ACQUIRED_NORMALIZED,Sheikh Al Shuyukh Supreme
126,217,ARD-5050,عطر جوري 100 مل,Lattafa,100 مل,perfumes,READY_LOCAL,https://www.lattafa-usa.com/products/jouri,https://cdn.shopify.com/s/files/1/0754/4936/8799/files/30.png?v=1777559948,official_distributor,ACQUIRED_NORMALIZED,Jouri
127,218,ARD-5051,عطر انا الابيض باشون 100 مل,Lattafa,100 مل,perfumes,HOLD_IMAGE_REVIEW,,,,HOLD_IMAGE_REVIEW,HOLD_IMAGE_REVIEW: Ana Abiyedh Passion identity
128,220,ARD-5060,عطر كرييتف ارت 100 مل,Lattafa,100 مل,perfumes,HOLD_IMAGE_REVIEW,,,,HOLD_IMAGE_REVIEW,HOLD_IMAGE_REVIEW: Creative Art identity
129,221,ARD-5157,عطر مشلح 100 مل,Lattafa,100 مل,perfumes,READY_LOCAL,https://www.lattafa-usa.com/products/mishlah,https://cdn.shopify.com/s/files/1/0754/4936/8799/files/6463AB70-3C3B-4A2B-A59F-83F9B3FFA84F.png?v=1769929242,official_distributor,ACQUIRED_NORMALIZED,Mishlah
130,222,ARD-5159,عطر رغد 100 مل,Lattafa,100 مل,perfumes,READY_LOCAL,https://www.lattafa-usa.com/products/raghad,https://cdn.shopify.com/s/files/1/0754/4936/8799/files/3_0d064ecc-716a-4f57-8ac5-13fa10e3bee8.png?v=1784906154,official_distributor,ACQUIRED_NORMALIZED,official_sitemap score=1.0 raghad
131,223,ARD-561,معطر جسم وشوشه,Lattafa,,body-mist-splash,READY_LOCAL,https://lattafa.com/product/washwashah-deo-200-ml/,https://cdn.shopify.com/s/files/1/0838/8673/5643/files/ARD-BS-Washawash.jpg?v=1731768479,reputable_retailer,ACQUIRED_NORMALIZED,Washwashah deo 200
132,224,ARD-562,معطر جسم انا الابيض,Lattafa,,body-mist-splash,READY_LOCAL,https://lattafa.com/ar/product/ana-abiyedh-deodorant-200ml/,https://cdn.shopify.com/s/files/1/0838/8673/5643/files/Ana-Abiyedh-White-BodySpray.jpg?v=1731429034,reputable_retailer,ACQUIRED_NORMALIZED,Ana Abiyedh deo 200
133,225,ARD-869,معطر جسم شيخ الشيوخ,Lattafa,,body-mist-splash,HOLD_IMAGE_REVIEW,,,,HOLD_IMAGE_REVIEW,HOLD_IMAGE_REVIEW: Sheikh body mist exact deo missing
134,226,ARD-870,معطر جسم محاسن كرستال,Lattafa,,body-mist-splash,READY_LOCAL,https://souqrima.com/products/lattafa-mahasin-crystal-deodorant-perfumed-spray-200ml,http://souqrima.com/cdn/shop/files/ARD-BS-Mahasin-crystal-red._0b38490c-252d-47bc-b470-b798e83080c2.jpg?v=1731766282,reputable_retailer,ACQUIRED_NORMALIZED,lattafa-mahasin-crystal-deodorant-perfumed-spray-200ml
135,227,ARD-871,معطر جسم رغبة,Lattafa,,body-mist-splash,READY_LOCAL,https://beautyhouse.com/products/lattafa-raghba-deodorant-spray-for-everyone,http://beautyhouse.com/cdn/shop/files/02q2fthtgo.png?v=1723931499&width=2048,reputable_retailer,ACQUIRED_NORMALIZED,body/af lattafa-raghba-deodorant-spray-for-everyone
136,228,ARD-1087,معطر شيخ شيوخ مركز,Lattafa,,body-mist-splash,HOLD_IMAGE_REVIEW,,,,HOLD_IMAGE_REVIEW,HOLD_IMAGE_REVIEW: Sheikh concentrated body mist missing
137,229,ARD-1092,معطر جسم ريس,Lattafa,,body-mist-splash,READY_LOCAL,https://beautyhouse.com/products/lattafa-raees-deodorant-spray-for-everyone,http://beautyhouse.com/cdn/shop/files/026prlukwh.png?v=1723931481&width=2048,reputable_retailer,ACQUIRED_NORMALIZED,body/af lattafa-raees-deodorant-spray-for-everyone
138,230,ARD-1871,معطر محاسن كرستال بنفسجي,Lattafa,,body-mist-splash,READY_LOCAL,https://www.intenseoud.com/products/mahasin-crystal-violet-deodorant-200ml-by-lattafa,http://www.intenseoud.com/cdn/shop/files/3_60ed5eb7-686e-4b69-8f5f-89fa0c00056f.png?v=1774588496,reputable_retailer,ACQUIRED_NORMALIZED,mahasin-crystal-violet-deodorant-200ml-by-lattafa
139,231,ARD-1881,معطر شيخ الشيوخ خصوصي,Lattafa,,body-mist-splash,READY_LOCAL,https://www.houseoffaith.com.au/fragrance/sheikh-al-shuyukh-khususi-deodorant-200ml/,https://cdn11.bigcommerce.com/s-aevi4tve01/products/830/images/1588/a422bee1ce86c0941c529d7e628d4401__18744.1658029364.386.513.png?c=2,reputable_retailer,ACQUIRED_NORMALIZED,
140,232,ARD-1884,معطر خالص عود,Lattafa,,body-mist-splash,READY_LOCAL,https://beautyhouse.com/products/lattafa-pure-oudi-deodorant-spray-for-everyone,http://beautyhouse.com/cdn/shop/files/02fbkkzgof.png?v=1723931283&width=2048,reputable_retailer,ACQUIRED_NORMALIZED,body/af lattafa-pure-oudi-deodorant-spray-for-everyone
141,233,ARD-1885,معطر جسم الدر المكنون,Lattafa,,body-mist-splash,READY_LOCAL,https://beautyhouse.com/products/lattafa-al-dur-al-maknoon-deodorant-spray-for-everyone,http://beautyhouse.com/cdn/shop/files/01ohufeh2s.png?v=1723929449&width=2048,reputable_retailer,ACQUIRED_NORMALIZED,body/af lattafa-al-dur-al-maknoon-deodorant-spray-for-everyone
142,234,ARD-1886,معطر جسم 24 قيراط ذهبي,Lattafa,,body-mist-splash,READY_LOCAL,https://beautyhouse.com/products/lattafa-24-carat-pure-gold-deodorant-spray-for-everyone,http://beautyhouse.com/cdn/shop/files/02tcfeu0wg.png?v=1723929183&width=2048,reputable_retailer,ACQUIRED_NORMALIZED,body/af lattafa-24-carat-pure-gold-deodorant-spray-for-everyone
143,235,ARD-2313,معطر جسم لطافة قائد,Lattafa,,body-mist-splash,HOLD_IMAGE_REVIEW,,,,HOLD_IMAGE_REVIEW,HOLD_IMAGE_REVIEW: قائد deo — refuse Qaed Al Fursan substitute; watermark-only Qaaed held
144,236,ARD-2314,معطر جسم لطافة ماهر,Lattafa,,body-mist-splash,READY_LOCAL,https://www.intenseoud.com/products/maahir-air-freshener-300ml-by-lattafa,http://www.intenseoud.com/cdn/shop/products/maahir_936bccca-a361-4936-9e47-2baf0b1498c1.png?v=1774620858,reputable_retailer,ACQUIRED_NORMALIZED,maahir-air-freshener-300ml-by-lattafa
145,237,ARD-2315,معطر جسم لطافة رائد لوكس,Lattafa,,body-mist-splash,READY_LOCAL,https://beautyhouse.com/products/lattafa-raed-luxe-deodorant-spray-for-everyone,http://beautyhouse.com/cdn/shop/files/01e2lywypf.png?v=1723931427&width=2048,reputable_retailer,ACQUIRED_NORMALIZED,body/af lattafa-raed-luxe-deodorant-spray-for-everyone
146,238,ARD-2316,معطر جسم لطافة بديع العود,Lattafa,,body-mist-splash,READY_LOCAL,https://beautyhouse.com/products/lattafa-badee-al-oud-oud-for-glory-deodorant-spray-for-everyone,http://beautyhouse.com/cdn/shop/files/01_48e9216d-b38b-4f8f-9d0f-62537b738b62.png?v=1733764720&width=2048,reputable_retailer,ACQUIRED_NORMALIZED,body/af lattafa-badee-al-oud-oud-for-glory-deodorant-spray-for-everyone
147,239,ARD-2317,معطر جسم لطافة حياتي,Lattafa,,body-mist-splash,READY_LOCAL,https://www.islamicplace.com/products/hayaati-perfumed-deodorant-spray-200-ml-by-lattafa,https://www.islamicplace.com/cdn/shop/files/pfd8_4142536c-6bb4-476d-b1c6-b4e0115c3c7d_600x.jpg?v=1758231662,reputable_retailer,ACQUIRED_NORMALIZED,body/af hayaati-perfumed-deodorant-spray-200-ml-by-lattafa
148,240,ARD-2318,معطر جسم لطافة مسك سلامة,Lattafa,,body-mist-splash,READY_LOCAL,https://tripletraders.com/products/musk-salama-perfumed-body-spray-by-lattafa-200ml-6-67-fl-oz,http://tripletraders.com/cdn/shop/products/musk-salama-perfumed-spray-by-lattafa-perfumed-spray_1200x1200.jpg?v=1655751799,reputable_retailer,ACQUIRED_NORMALIZED,Musk Salama 200ml can
149,241,ARD-2319,معطر جسم لطافة رمز لطافة ذهبي,Lattafa,,body-mist-splash,READY_LOCAL,https://alrashad.com/products/ramz-lattafa-deodorant-perfumed-spray-200-ml-6-67-fl-oz-by-lattafa,http://alrashad.com/cdn/shop/products/ramz_lattafa_deo_200ml_1024x.png?v=1668635283,reputable_retailer,ACQUIRED_NORMALIZED,Ramz Gold 200ml can
150,242,ARD-2321,معطر جسم لطافة فلفت عود,Lattafa,,body-mist-splash,READY_LOCAL,https://beautyhouse.com/products/lattafa-velvet-oud-deodorant-spray-for-everyone,http://beautyhouse.com/cdn/shop/files/02vs26axki.png?v=1723932183&width=2048,reputable_retailer,ACQUIRED_NORMALIZED,body/af lattafa-velvet-oud-deodorant-spray-for-everyone
151,244,ARD-2323,معطر جسم لطافة يارا,Lattafa,,body-mist-splash,READY_LOCAL,https://www.islamicplace.com/products/yara-perfumed-deodorant-spray-200-ml-by-lattafa,https://www.islamicplace.com/cdn/shop/files/pfd1_054af9fb-68e1-49e1-a8cc-8a54102c1005_600x.jpg?v=1758231391,reputable_retailer,ACQUIRED_NORMALIZED,body/af yara-perfumed-deodorant-spray-200-ml-by-lattafa
152,245,ARD-2667,معطر جسم ثريا 200 مل,Lattafa,200 مل,body-mist-splash,READY_LOCAL,https://beautyhouse.com/products/lattafa-thuraya-deodorant-spray-for-everyone,http://beautyhouse.com/cdn/shop/files/011809pe2z.png?v=1723932164&width=2048,reputable_retailer,ACQUIRED_NORMALIZED,body/af lattafa-thuraya-deodorant-spray-for-everyone
153,246,ARD-2668,معطر جسم افكار 200 مل,Lattafa,200 مل,body-mist-splash,READY_LOCAL,https://beautyhouse.com/products/lattafa-afkaar-perfumed-deodorant-spray-for-everyone,http://beautyhouse.com/cdn/shop/files/01vd3h5l3i.png?v=1732665617&width=2048,reputable_retailer,ACQUIRED_NORMALIZED,Afkaar 200ml can
154,247,ARD-2669,معطر جسم انا الابيض بودري 200 مل,Lattafa,200 مل,body-mist-splash,READY_LOCAL,https://swedishface.com/en/lattafa-perfumes-ana-abiyedh-poudree-deodorant-spray-200ml,https://swedishface.com/image/cache/data/lattafa/lattafa-perfumes-ana-abiyedh-poudree-deodorant-spray-200ml-1200x1200.jpg,reputable_retailer,ACQUIRED_NORMALIZED,Ana Abiyedh Poudree 200ml
155,248,ARD-2670,معطر جسم اصحاب 200 مل,Lattafa,200 مل,body-mist-splash,READY_LOCAL,https://beautyhouse.com/products/lattafa-ashaab-deodorant-spray-for-everyone,http://beautyhouse.com/cdn/shop/files/02epaswhdh.png?v=1723929779&width=2048,reputable_retailer,ACQUIRED_NORMALIZED,Ashaab 200ml can
156,250,ARD-2672,معطر جسم انت الاول 200 مل,Lattafa,200 مل,body-mist-splash,HOLD_IMAGE_REVIEW,,,,HOLD_IMAGE_REVIEW,HOLD_IMAGE_REVIEW: Enta Al Awwal no verified body spray
157,251,ARD-2674,معطر قائد الشباب 200 مل,Lattafa,200 مل,body-mist-splash,HOLD_IMAGE_REVIEW,,,,HOLD_IMAGE_REVIEW,HOLD_IMAGE_REVIEW: Qaed Al Shabab EDP-only; no 200ml body spray
158,252,ARD-2675,معطر جسم وصف 200 مل,Lattafa,200 مل,body-mist-splash,READY_LOCAL,https://en.vesira.com/lattafa-wasaf-desodorante-spray-200-ml-77139,https://cdn.vesira.com/media/catalog/product/cache/5/image/650x/040ec09b1e35df139433887a97daa66f/l/a/lattafa-wasaf-desodorante-spray-200-ml.jpg,reputable_retailer,ACQUIRED_NORMALIZED,Wasaf 200ml can
159,253,ARD-2970,معطر جسم اميرة العرب,Lattafa,,body-mist-splash,READY_LOCAL,https://www.islamicplace.com/products/ameerat-al-arab-perfumed-deodorant-spray-200-ml-by-lattafa,https://www.islamicplace.com/cdn/shop/files/pfd10_600x.jpg?v=1758231999,reputable_retailer,ACQUIRED_NORMALIZED,body/af ameerat-al-arab-perfumed-deodorant-spray-200-ml-by-lattafa
160,254,ARD-3262,معطر يارا موي 200 مل,Lattafa,200 مل,body-mist-splash,READY_LOCAL,https://www.islamicplace.com/products/yara-moi-perfumed-deodorant-spray-200-ml-by-lattafa,https://www.islamicplace.com/cdn/shop/files/pfd4_f23a200a-6451-4ca0-82c2-c8a010d91a75_600x.jpg?v=1758231333,reputable_retailer,ACQUIRED_NORMALIZED,body/af yara-moi-perfumed-deodorant-spray-200-ml-by-lattafa
161,256,ARD-3273,معطر ميار 200 مل,Lattafa,200 مل,body-mist-splash,READY_LOCAL,https://www.islamicplace.com/products/mayar-perfumed-deodorant-spray-200-ml-by-lattafa,https://www.islamicplace.com/cdn/shop/files/pfd23_600x.jpg?v=1758231883,reputable_retailer,ACQUIRED_NORMALIZED,body/af mayar-perfumed-deodorant-spray-200-ml-by-lattafa
162,257,ARD-3275,معطر مهرة 200 مل,Lattafa,200 مل,body-mist-splash,READY_LOCAL,https://www.islamicplace.com/products/mohra-perfumed-deodorant-spray-200-ml-by-lattafa,https://www.islamicplace.com/cdn/shop/files/pfd14_600x.jpg?v=1758231552,reputable_retailer,ACQUIRED_NORMALIZED,body/af mohra-perfumed-deodorant-spray-200-ml-by-lattafa
163,259,ARD-3279,معطر فلفت روز 200 مل,Lattafa,200 مل,body-mist-splash,READY_LOCAL,https://beautyhouse.com/products/lattafa-velvet-rose-deodorant-spray-for-women,http://beautyhouse.com/cdn/shop/files/02yktezqfb.png?v=1777577454&width=2048,reputable_retailer,ACQUIRED_NORMALIZED,Velvet Rose 200ml can
164,260,ARD-3280,معطر خمرة 200 مل,Lattafa,200 مل,body-mist-splash,READY_LOCAL,https://www.islamicplace.com/products/khamrah-perfumed-deodorant-spray-200-ml-by-lattafa,https://www.islamicplace.com/cdn/shop/files/pfd17_600x.jpg?v=1758232138,reputable_retailer,ACQUIRED_NORMALIZED,body/af khamrah-perfumed-deodorant-spray-200-ml-by-lattafa
165,261,ARD-3282,معطر عزيزة 200 مل,Lattafa,200 مل,body-mist-splash,READY_LOCAL,https://www.islamicplace.com/products/azeezah-perfumed-deodorant-spray-200-ml-by-lattafa,https://www.islamicplace.com/cdn/shop/files/pfd22_600x.jpg?v=1758231972,reputable_retailer,ACQUIRED_NORMALIZED,Azeezah 200ml can
166,262,ARD-3283,معطر اجود 200 مل,Lattafa,200 مل,body-mist-splash,READY_LOCAL,https://www.islamicplace.com/products/ajwad-perfumed-deodorant-spray-200-ml-by-lattafa,https://www.islamicplace.com/cdn/shop/files/pfd24_600x.jpg?v=1758231850,reputable_retailer,ACQUIRED_NORMALIZED,body/af ajwad-perfumed-deodorant-spray-200-ml-by-lattafa
167,263,ARD-3284,معطر شهد 200 مل,Lattafa,200 مل,body-mist-splash,READY_LOCAL,https://www.islamicplace.com/products/shahd-perfumed-deodorant-spray-200-ml-by-lattafa,https://www.islamicplace.com/cdn/shop/files/pfd19_600x.jpg?v=1758231425,reputable_retailer,ACQUIRED_NORMALIZED,body/af shahd-perfumed-deodorant-spray-200-ml-by-lattafa
168,264,ARD-3900,معطر جسم رمز لطافة سلفر 200 مل,Lattafa,200 مل,body-mist-splash,READY_LOCAL,https://perfumeonline.ca/products/ramz-lattafa-silver,http://perfumeonline.ca/cdn/shop/products/Ramz-Lattafa-Silver_grande.png?v=1633448904,reputable_retailer,ACQUIRED_NORMALIZED,ramz-lattafa-silver
169,266,ARD-4157,معطر جسم ماهر لاغاسي 200 مل,Lattafa,200 مل,body-mist-splash,READY_LOCAL,https://www.islamicplace.com/products/maahir-legacy-perfumed-deodorant-spray-200-ml-by-lattafa,https://cdn.shopify.com/s/files/1/0515/5601/files/pfd18.jpg?v=1758232105,reputable_retailer,ACQUIRED_NORMALIZED,Maahir Legacy 200ml
170,267,ARD-4158,معطر جسم عود مود 200 مل,Lattafa,200 مل,body-mist-splash,READY_LOCAL,https://beautyhouse.com/products/lattafa-oud-mood-deodorant-spray-for-everyone,https://cdn.shopify.com/s/files/1/0580/7420/2293/files/01_3596cf82-7663-4e09-93ae-3320d0a3578f.png?v=1746046559,reputable_retailer,ACQUIRED_NORMALIZED,Oud Mood 200ml
171,269,ARD-4212,معطر جسم لطافة فخر لطافة رجالي,Lattafa,,body-mist-splash,READY_LOCAL,https://www.islamicplace.com/products/fakhar-for-men-perfumed-deodorant-spray-200-ml-by-lattafa,https://cdn.shopify.com/s/files/1/0515/5601/files/pfd12_f7a7090b-cbe0-448d-bd2f-4ea997900fbd.jpg?v=1758231746,reputable_retailer,ACQUIRED_NORMALIZED,Fakhar Men 200ml
172,270,ARD-4239,معطر جسم اسد 200 مل,Lattafa,200 مل,body-mist-splash,READY_LOCAL,https://www.islamicplace.com/products/asad-perfumed-deodorant-spray-200-ml-by-lattafa,https://cdn.shopify.com/s/files/1/0515/5601/files/pfd16.jpg?v=1758232049,reputable_retailer,ACQUIRED_NORMALIZED,Asad 200ml
173,271,ARD-4242,معطر يارا توس 200 مل,Lattafa,200 مل,body-mist-splash,READY_LOCAL,https://www.islamicplace.com/products/yara-tous-perfumed-deodorant-spray-200-ml-by-lattafa,https://cdn.shopify.com/s/files/1/0515/5601/files/pfd3.jpg?v=1758231266,reputable_retailer,ACQUIRED_NORMALIZED,Yara Tous 200ml
174,272,ARD-4265,معطر جسم بديع العود احمر 200 مل,Lattafa,200 مل,body-mist-splash,READY_LOCAL,https://beautyhouse.com/products/lattafa-badee-al-oud-amethyst-deodorant-spray-for-everyone,https://cdn.shopify.com/s/files/1/0580/7420/2293/files/02zlz07gbq.png?v=1747436915,reputable_retailer,ACQUIRED_NORMALIZED,Badee Amethyst 200ml
175,273,ARD-4266,معطر جسم بديع العود هونور الابيض 200 مل,Lattafa,200 مل,body-mist-splash,READY_LOCAL,https://www.islamicplace.com/products/badee-al-oud-honor-and-glory-perfumed-deodorant-spray-200-ml-by-lattafa,https://cdn.shopify.com/s/files/1/0515/5601/files/pfd7.jpg?v=1758231809,reputable_retailer,ACQUIRED_NORMALIZED,Honor Glory deo 200ml
176,274,ARD-4329,معطر اسد زينزبار 200 مل,Lattafa,200 مل,body-mist-splash,READY_LOCAL,https://beautyhouse.com/products/lattafa-asad-zanzibar-deodorant-spray-for-everyone,https://cdn.shopify.com/s/files/1/0580/7420/2293/files/01fvcelbl0_daa1a468-3c9f-4cfd-b079-5865fea1262a.png?v=1747774323,reputable_retailer,ACQUIRED_NORMALIZED,Asad Zanzibar 200ml
177,275,ARD-4330,معطر ميار ناتورال انتنس 200 مل,Lattafa,200 مل,body-mist-splash,READY_LOCAL,https://beautyhouse.com/products/lattafa-mayar-natural-intense-deodorant-spray-for-women,https://cdn.shopify.com/s/files/1/0580/7420/2293/files/01sz15jcpq.png?v=1747775065,reputable_retailer,ACQUIRED_NORMALIZED,Mayar NI deo 200ml
178,276,ARD-4461,معطر اكلاير 200 مل,Lattafa,200 مل,body-mist-splash,READY_LOCAL,https://beautyhouse.com/products/lattafa-eclaire-perfumed-deodorant-spray-for-women,https://cdn.shopify.com/s/files/1/0580/7420/2293/files/02kelkwkca.png?v=1765572532,reputable_retailer,ACQUIRED_NORMALIZED,Eclaire deo 200ml
179,277,ARD-4490,معطر خمرة قهوه 200 مل,Lattafa,200 مل,body-mist-splash,READY_LOCAL,https://beautyhouse.com/products/lattafa-khamrah-qahwa-deodorant-spray-for-everyone,https://cdn.shopify.com/s/files/1/0580/7420/2293/files/01j6o9ul5v.png?v=1750454436,reputable_retailer,ACQUIRED_NORMALIZED,Khamrah Qahwa 200ml
180,278,ARD-4491,معطر حياتي فلورنس 200 مل / لطافه,Lattafa,200 مل,body-mist-splash,READY_LOCAL,https://www.islamicplace.com/products/hayaati-florence-perfumed-deodorant-spray-200-ml-by-lattafa,https://cdn.shopify.com/s/files/1/0515/5601/files/pfd9.jpg?v=1758231625,reputable_retailer,ACQUIRED_NORMALIZED,Hayaati Florence 200ml
181,279,ARD-4554,معطر مسمم ابيض انتنس 200 مل,Lattafa,200 مل,body-mist-splash,HOLD_IMAGE_REVIEW,,,,HOLD_IMAGE_REVIEW,HOLD_IMAGE_REVIEW: Musamam White Intense body mist missing
182,280,ARD-4555,معطر جسم حياتي الملكي,Lattafa,,body-mist-splash,HOLD_IMAGE_REVIEW,,,,HOLD_IMAGE_REVIEW,HOLD_IMAGE_REVIEW: Hayaati Al Maleky body mist missing
183,281,ARD-4556,معطر اسد بوبون,Lattafa,,body-mist-splash,HOLD_IMAGE_REVIEW,,,,HOLD_IMAGE_REVIEW,HOLD_IMAGE_REVIEW: Asad Bourbon body mist missing
184,282,ARD-4566,معطر قائد الفرسان 200 مل,Lattafa,200 مل,body-mist-splash,READY_LOCAL,https://www.islamicplace.com/products/qaed-al-fursan-perfumed-deodorant-spray-200-ml-by-lattafa,https://cdn.shopify.com/s/files/1/0515/5601/files/pfd21_5c9e6d0e-bb44-4149-bbd2-5b3bf866958d.jpg?v=1758231473,reputable_retailer,ACQUIRED_NORMALIZED,Qaed Al Fursan 200ml
185,283,ARD-4567,معطر جسم ماهر اسود 200 مل,Lattafa,200 مل,body-mist-splash,READY_LOCAL,https://beautyhouse.com/products/lattafa-maahir-black-edition-deodorant-spray-for-everyone,https://cdn.shopify.com/s/files/1/0580/7420/2293/files/01o2eygrau.png?v=1746046553,reputable_retailer,ACQUIRED_NORMALIZED,Maahir Black deo 200ml
186,284,ARD-4703,معطر جسم ترياق 200 مل,Lattafa,200 مل,body-mist-splash,HOLD_IMAGE_REVIEW,,,,HOLD_IMAGE_REVIEW,HOLD_IMAGE_REVIEW: Teriaq body mist missing
187,285,ARD-4704,معطر فكتوريا 200 مل,Lattafa,200 مل,body-mist-splash,HOLD_IMAGE_REVIEW,,,,HOLD_IMAGE_REVIEW,HOLD_IMAGE_REVIEW: Victoria body mist missing
188,286,ARD-4705,معطر اجود بينك 200 مل,Lattafa,200 مل,body-mist-splash,READY_LOCAL,https://wholesale.intenseoud.com/products/ajwad-pink-to-pink-deodorant-200ml-6-8-oz-by-lattafa,https://cdn.shopify.com/s/files/1/0279/3770/2023/files/5_c0cb56f3-5a23-489c-86b7-86401786efd1.webp?v=1761244099,reputable_retailer,ACQUIRED_NORMALIZED,Ajwad Pink deo 200ml
189,287,ARD-4706,معطر هيا 200 مل,Lattafa,200 مل,body-mist-splash,HOLD_IMAGE_REVIEW,,,,HOLD_IMAGE_REVIEW,HOLD_IMAGE_REVIEW: Haya body mist missing
190,288,ARD-4707,معطر انغام 200 مل,Lattafa,200 مل,body-mist-splash,READY_LOCAL,https://beautyhouse.com/products/lattafa-angham-perfumed-deodorant-spray-for-everyone,https://cdn.shopify.com/s/files/1/0580/7420/2293/files/01wqdtag6p.png?v=1765296517,reputable_retailer,ACQUIRED_NORMALIZED,Angham deo 200ml
191,289,ARD-2969,معطر جو اميرة العرب / اصداف,Lattafa,,home-linen-air,READY_LOCAL,https://beautyhouse.com/products/asdaaf-ameerat-al-arab-air-freshener,https://cdn.shopify.com/s/files/1/0580/7420/2293/files/02qdj9ztc8.png?v=1751482812,reputable_retailer,ACQUIRED_NORMALIZED,Ameerat Al Arab AF 300ml
192,293,ARD-1436,عطر بيور دزاير ذهبي,RAVE,,perfumes,READY_LOCAL,https://beautyhouse.com/products/rave-pure-desire-gold-eau-de-parfum-for-women,https://cdn.shopify.com/s/files/1/0580/7420/2293/files/032zfkdnsc.png?v=1723948948,reputable_retailer,ACQUIRED_NORMALIZED,RAVE Pure Desire Gold
193,297,ARD-3963,عطر ناو ابيض 100 مل,RAVE,100 مل,perfumes,READY_LOCAL,https://beautyhouse.com/products/rave-now-white-eau-de-parfum-for-everyone,https://cdn.shopify.com/s/files/1/0580/7420/2293/files/03rjbmi5yz.png?v=1771607013,reputable_retailer,ACQUIRED_NORMALIZED,RAVE Now White
194,298,ARD-4470,عطر رايج 100 مل,RAVE,100 مل,perfumes,READY_LOCAL,https://beautyhouse.com/products/rave-rage-eau-de-parfum-for-everyone,https://cdn.shopify.com/s/files/1/0580/7420/2293/files/01rheih1f1.png?v=1755214796,reputable_retailer,ACQUIRED_NORMALIZED,RAVE Rage
195,299,ARD-4475,عطر ناردو ريد 100 مل,RAVE,100 مل,perfumes,READY_LOCAL,https://beautyhouse.com/products/rave-nardo-red-eau-de-parfum-for-everyone,https://cdn.shopify.com/s/files/1/0580/7420/2293/files/02npmohyqa.png?v=1777588304,reputable_retailer,ACQUIRED_NORMALIZED,RAVE Nardo Red
196,300,ARD-4618,عطر راف نوت بارفيت 100 مل,RAVE,100 مل,perfumes,READY_LOCAL,https://beautyhouse.com/products/rave-nuit-parfaite-eau-de-parfum-for-everyone,https://cdn.shopify.com/s/files/1/0580/7420/2293/files/01vbcaqlah.png?v=1761936941,reputable_retailer,ACQUIRED_NORMALIZED,RAVE Nuit Parfaite
197,304,ARD-1924,عطر شيخ الشيوخ 30 مل,Lattafa,30 مل,mini-travel-perfume,READY_LOCAL,https://www.intenseoud.com/products/sheikh-al-shuyukh-edp-30ml-by-lattafa,http://www.intenseoud.com/cdn/shop/files/25_d9713fe5-bfb0-40cf-ad76-1186d74da096.png?v=1774589065,reputable_retailer,ACQUIRED_NORMALIZED,sheikh-al-shuyukh-edp-30ml-by-lattafa
198,307,ARD-2633,عطر للصبايا 25 مل زيتي,Lattafa,25 مل,mini-travel-perfume,READY_LOCAL,https://www.khanelkhaliliusa.com/products/lil-sabaya-attar,https://cdn.shopify.com/s/files/1/1574/3729/files/s-l1600_bcab4460-1f69-427b-be9d-06678c64f784.jpg?v=1690470298,specialty_retailer,ACQUIRED_NORMALIZED,Lil Sabaya 25ml oil
199,308,ARD-2636,عطر نجدية 25 مل زيتي,Lattafa,25 مل,mini-travel-perfume,READY_LOCAL,https://tripletraders.com/products/najdia-pure-concentrated-perfume-oil-by-lattafa-25ml-0-85-oz,https://cdn.shopify.com/s/files/1/0014/6590/9313/files/Najdia-Pure-Concentrated-Perfume-Oil-By-Lattafa-25ml-0.85-Oz.jpg?v=1691086978,specialty_retailer,ACQUIRED_NORMALIZED,Najdia 25ml oil
200,309,ARD-2637,عطر شيخ الشيوخ لوكس 25 مل زيتي,Lattafa,25 مل,mini-travel-perfume,READY_LOCAL,https://www.khanelkhaliliusa.com/products/sheikh-al-shuyukh-luxe-attar,https://cdn.shopify.com/s/files/1/1574/3729/files/s-l1200_16758390-1d61-4c89-9db4-98c64971ef80.webp?v=1690470535,specialty_retailer,ACQUIRED_NORMALIZED,Sheikh Al Shuyukh Luxe 25ml oil
201,310,ARD-2638,عطر وشوشة 25 مل زيتي,Lattafa,25 مل,mini-travel-perfume,READY_LOCAL,https://www.khanelkhaliliusa.com/products/washwashah-attar,https://cdn.shopify.com/s/files/1/1574/3729/files/s-l1200_13fb35e7-8e52-43eb-9dec-0094ee5add2b.webp?v=1690470600,specialty_retailer,ACQUIRED_NORMALIZED,Washwashah 25ml oil
202,311,ARD-2639,عطر سر الخلود بني 25 مل زيتي,Lattafa,25 مل,mini-travel-perfume,READY_LOCAL,https://tripletraders.com/products/ser-al-khulood-attar-concentrated-perfume-oil-by-lattafa-25ml-0-85-fl-oz,https://cdn.shopify.com/s/files/1/0014/6590/9313/files/lattafa-ser-al-khulood-attar-conentrated-oil-25ml-product-images-orv3v210tdo-p600184481-0-202304051658.webp?v=1752254726,specialty_retailer,ACQUIRED_NORMALIZED,Ser Al Khulood 25ml oil
203,312,ARD-2640,عطر محاسن كرستال فيوليت 25 مل زيتي,Lattafa,25 مل,mini-travel-perfume,HOLD_IMAGE_REVIEW,,,,HOLD_IMAGE_REVIEW,HOLD_IMAGE_REVIEW: Mahasin Crystal Violet 25ml oil CDN filename risk
204,313,ARD-4482,عطر زيتي يارا 20 مل,Lattafa,20 مل,mini-travel-perfume,READY_LOCAL,https://arabicparfums.com/products/yara-concentrated-perfume-oil-20ml-lattafa,https://cdn.shopify.com/s/files/1/0815/8848/6483/files/yara-arabic-oil-lattafa-20ml.jpg?v=1771077537,specialty_retailer,ACQUIRED_NORMALIZED,Yara 20ml oil
205,314,ARD-4483,عطر زيتي يارا توس 20 مل,Lattafa,20 مل,mini-travel-perfume,READY_LOCAL,https://www.intenseoud.com/products/yara-tous-concentrated-perfume-oil-20ml-0-68-oz-by-lattafa-exotic-fruits-meet-soft-florals-warm-sensuality,https://cdn.shopify.com/s/files/1/0127/7840/5947/files/1_336aac51-d3a4-4414-891e-273c0fd68511.webp?v=1774790282,specialty_retailer,ACQUIRED_NORMALIZED,Yara Tous 20ml oil
206,315,ARD-4484,عطر زيتي يارا كاندي 20 مل,Lattafa,20 مل,mini-travel-perfume,READY_LOCAL,https://www.intenseoud.com/products/yara-candy-concentrated-perfume-oil-20ml-0-68-oz-by-lattafa-sweet-fruity-playfully-irresistible,https://cdn.shopify.com/s/files/1/0127/7840/5947/files/1_ddf7ff5f-4e3f-48d2-9d53-7a22b379c25a.webp?v=1774790097,specialty_retailer,ACQUIRED_NORMALIZED,Yara Candy 20ml oil
207,316,ARD-4485,عطر زيتي يارا موي 20 مل,Lattafa,20 مل,mini-travel-perfume,READY_LOCAL,https://www.intenseoud.com/products/yara-moi-concentrated-perfume-oil-20ml-0-68oz-by-lattafa-graceful-confident-amp-captivating,https://cdn.shopify.com/s/files/1/0127/7840/5947/files/1_345d8e9a-d288-45f6-84c8-797eda27b4ca.webp?v=1774790063,specialty_retailer,ACQUIRED_NORMALIZED,Yara Moi 20ml oil
208,317,ARD-2623,بخور عود معطر النادر,Lattafa,,incense-maamoul,READY_LOCAL,https://bhandarperfume.ae/product/oud-mattar-al-nadir/,https://bhandarperfume.ae/wp-content/uploads/2022/07/Al-Nadir.png,specialty_retailer,ACQUIRED_NORMALIZED,Al Nadir bakhoor
209,318,ARD-2788,معطر جو لطافة جديد وشوشة,Lattafa,,home-linen-air,HOLD_IMAGE_REVIEW,,,,HOLD_IMAGE_REVIEW,HOLD_IMAGE_REVIEW: Washwashah AF listing handle mismatch risk
210,319,ARD-2789,معطر جو لطافة جديد بديع العود,Lattafa,,home-linen-air,HOLD_IMAGE_REVIEW,,,,HOLD_IMAGE_REVIEW,HOLD_IMAGE_REVIEW: unqualified بديع العود AF — refuse Sublime shared asset; Glory AF URL not verified
211,320,ARD-2790,معطر جو لطافة جديد رائد لوكس,Lattafa,,home-linen-air,READY_LOCAL,https://tripletraders.com/products/raed-luxe-air-freshener-by-lattafa-300-ml,http://tripletraders.com/cdn/shop/products/63707b91b778cedf3a1c8ab2_b38b86f0-8d62-40e0-839e-09c965a5ce93_1200x1200.png?v=1704300051,reputable_retailer,ACQUIRED_NORMALIZED,body/af raed-luxe-air-freshener-by-lattafa-300-ml
212,321,ARD-2792,معطر جو لطافة جديد قائد,Lattafa,,home-linen-air,READY_LOCAL,https://alharamperfumes.co.uk/products/qaaed-air-freshener-300ml-by-lattafa-1,https://cdn.shopify.com/s/files/1/0782/8527/5424/products/qaaed.jpg?v=1688241448,specialty_retailer,ACQUIRED_NORMALIZED,Qaaed AF 300ml exact
213,323,ARD-2794,معطر جو لطافة جديد انا الابيض,Lattafa,,home-linen-air,READY_LOCAL,https://tripletraders.com/products/ana-abiyedh-i-am-white-air-freshener-by-lattafa-300ml,http://tripletraders.com/cdn/shop/products/ana-abiyedh-i-am-white-air-freshener-lattafa-300ml_1200x1200.jpg?v=1679072994,reputable_retailer,ACQUIRED_NORMALIZED,body/af ana-abiyedh-i-am-white-air-freshener-by-lattafa-300ml
214,325,ARD-2798,معطر جو لطافة جديد رمز لطافة ذهبي,Lattafa,,home-linen-air,READY_LOCAL,https://tripletraders.com/products/ramz-gold-lattafa-air-freshener-by-lattafa-300-ml,http://tripletraders.com/cdn/shop/files/ramzgoldlattafaairfreshener01_1200x1200.png?v=1703276643,reputable_retailer,ACQUIRED_NORMALIZED,body/af ramz-gold-lattafa-air-freshener-by-lattafa-300-ml
215,326,ARD-4293,معطر جو خمرة 300 مل,Lattafa,300 مل,home-linen-air,READY_LOCAL,https://tripletraders.com/products/khamrah-air-freshener-by-lattafa-300-ml,http://tripletraders.com/cdn/shop/files/khamrah01_1200x1200.png?v=1762893241,reputable_retailer,ACQUIRED_NORMALIZED,body/af khamrah-air-freshener-by-lattafa-300-ml
216,327,ARD-4295,معطر جو عود مود 300 مل,Lattafa,300 مل,home-linen-air,READY_LOCAL,https://tripletraders.com/products/oud-mood-oud-air-freshener-by-lattafa-300ml,http://tripletraders.com/cdn/shop/products/oud-mood-air-freshener-by-lattafa-300ml_1200x1200.jpg?v=1679325871,reputable_retailer,ACQUIRED_NORMALIZED,body/af oud-mood-oud-air-freshener-by-lattafa-300ml
217,328,ARD-4296,معطر جو اسد 300 مل,Lattafa,300 مل,home-linen-air,READY_LOCAL,https://beautyhouse.com/products/lattafa-asad-air-freshener,http://beautyhouse.com/cdn/shop/files/02aszhy1xn.png?v=1747948376&width=2048,reputable_retailer,ACQUIRED_NORMALIZED,body/af lattafa-asad-air-freshener
218,329,ARD-4297,معطر جو اجود 300 مل,Lattafa,300 مل,home-linen-air,READY_LOCAL,https://beautyhouse.com/products/lattafa-ajwad-air-freshener,http://beautyhouse.com/cdn/shop/files/01uh1r6tqk.png?v=1747955054&width=2048,reputable_retailer,ACQUIRED_NORMALIZED,body/af lattafa-ajwad-air-freshener
219,330,ARD-4298,معطر جو لطافة جديد بديع العود اميثست,Lattafa,,home-linen-air,READY_LOCAL,https://tripletraders.com/products/amethyst-air-freshener-by-lattafa-300ml,http://tripletraders.com/cdn/shop/products/63707a81b778ce38991c6e84_cf641120-fd26-4f9b-8610-2f46b248720b_1200x1200.png?v=1689817851,reputable_retailer,ACQUIRED_NORMALIZED,body/af amethyst-air-freshener-by-lattafa-300ml
220,331,ARD-4299,معطر جو لطافة جديد بديع العود سبليم,Lattafa,,home-linen-air,READY_LOCAL,https://tripletraders.com/products/badee-al-oud-sublime-air-freshener-by-lattafa-300-ml,http://tripletraders.com/cdn/shop/files/02cclztx7e_1200x1200.jpg?v=1762892298,reputable_retailer,ACQUIRED_NORMALIZED,body/af badee-al-oud-sublime-air-freshener-by-lattafa-300-ml
