merchant_sku,current_text,proposed_text,exact_reason,source_evidence,confidence,char_count,approval_status,decision_status
ARD-1369,عطر عطر الدر المكنون سلفر من Lattafa بحجم 100 مل، للجنسين بطابع عطري عربي واضح مناسب لليومي والمناسبات الخاصة.,عطر الدر المكنون سلفر من Lattafa بحجم 100 مل، للجنسين بطابع عطري عربي واضح مناسب لليومي والمناسبات الخاصة.,remove duplicated عطر,QA defect register 09_DEFECT_REGISTER.csv + Batch100 import CSV,high,106,PROPOSED_PENDING_EXECUTION_AUTH,READY_FOR_EXECUTION_REVIEW
ARD-1480,عطر عطر عود ليل ملكي من Lattafa بحجم 100 مل، للجنسين بطابع عطري عربي واضح مناسب لليومي والمناسبات الخاصة.,عطر عود ليل ملكي من Lattafa بحجم 100 مل، للجنسين بطابع عطري عربي واضح مناسب لليومي والمناسبات الخاصة.,remove duplicated عطر,QA defect register 09_DEFECT_REGISTER.csv + Batch100 import CSV,high,101,PROPOSED_PENDING_EXECUTION_AUTH,READY_FOR_EXECUTION_REVIEW
ARD-1858,عطر يارا من لطافة بحجم 100 مل للنساء، برائحة فاكهية فانيليا أنثوية شهيرة بثبات عالٍ واستخدام يومي.,عطر يارا من لطافة بحجم 100 مل للنساء، برائحة فاكهية وفانيليا بطابع أنثوي ناعم يناسب الاستخدام اليومي.,remove unsupported ثبات عالٍ,QA defect register 09_DEFECT_REGISTER.csv + Batch100 import CSV,high,101,PROPOSED_PENDING_EXECUTION_AUTH,READY_FOR_EXECUTION_REVIEW
ARD-2436,عطر عطر سقراط من Lattafa بحجم 100 مل، مخصص للرجال بطابع عطري عربي واضح مناسب لليومي والمناسبات الخاصة.,عطر سقراط من Lattafa بحجم 100 مل، مخصص للرجال بطابع عطري عربي واضح مناسب لليومي والمناسبات الخاصة.,remove duplicated عطر,QA defect register 09_DEFECT_REGISTER.csv + Batch100 import CSV,high,98,PROPOSED_PENDING_EXECUTION_AUTH,READY_FOR_EXECUTION_REVIEW
ARD-2583,عطر عطر نجدية تربيوت من Lattafa بحجم 100 مل، للجنسين بطابع عطري عربي واضح مناسب لليومي والمناسبات الخاصة.,عطر نجدية تربيوت من Lattafa بحجم 100 مل، للجنسين بطابع عطري عربي واضح مناسب لليومي والمناسبات الخاصة.,remove duplicated عطر,QA defect register 09_DEFECT_REGISTER.csv + Batch100 import CSV,high,101,PROPOSED_PENDING_EXECUTION_AUTH,READY_FOR_EXECUTION_REVIEW
ARD-3117,عطر عطر انسام سلفر من Lattafa بحجم 100 مل، للجنسين بطابع عطري عربي واضح مناسب لليومي والمناسبات الخاصة.,عطر انسام سلفر من Lattafa بحجم 100 مل، للجنسين بطابع عطري عربي واضح مناسب لليومي والمناسبات الخاصة.,remove duplicated عطر,QA defect register 09_DEFECT_REGISTER.csv + Batch100 import CSV,high,99,PROPOSED_PENDING_EXECUTION_AUTH,READY_FOR_EXECUTION_REVIEW
ARD-3347,عطر عطر عود نجدية من Lattafa بحجم 100 مل، للجنسين بطابع عطري عربي واضح مناسب لليومي والمناسبات الخاصة ويتميز بطابع Oud ضمن تشكيلة موثّقة.,عطر عود نجدية من Lattafa بحجم 100 مل، للجنسين بطابع عطري عربي واضح مناسب لليومي والمناسبات الخاصة ويتميز بطابع Oud ضمن تشكيلة موثّقة.,remove duplicated عطر,QA defect register 09_DEFECT_REGISTER.csv + Batch100 import CSV,high,133,PROPOSED_PENDING_EXECUTION_AUTH,READY_FOR_EXECUTION_REVIEW
ARD-3711,عطر عطر قائد الفرسان انلمتد ابيض 90 مل من Lattafa بحجم 90 مل، للجنسين بطابع عطري عربي واضح مناسب لليومي والمناسبات الخاصة.,عطر قائد الفرسان انلمتد ابيض 90 مل من Lattafa بحجم 90 مل، للجنسين بطابع عطري عربي واضح مناسب لليومي والمناسبات الخاصة.,remove duplicated عطر,QA defect register 09_DEFECT_REGISTER.csv + Batch100 import CSV,high,118,PROPOSED_PENDING_EXECUTION_AUTH,READY_FOR_EXECUTION_REVIEW
ARD-3714,عطر عطر ليام 100 مل من Lattafa بحجم 100 مل، للجنسين بطابع عطري عربي واضح مناسب لليومي والمناسبات الخاصة.,عطر ليام 100 مل من Lattafa بحجم 100 مل، للجنسين بطابع عطري عربي واضح مناسب لليومي والمناسبات الخاصة.,remove duplicated عطر,QA defect register 09_DEFECT_REGISTER.csv + Batch100 import CSV,high,100,PROPOSED_PENDING_EXECUTION_AUTH,READY_FOR_EXECUTION_REVIEW
ARD-4214,عطر عطر عفيف 100 مل من Lattafa بحجم 100 مل، للجنسين بطابع عطري عربي واضح مناسب لليومي والمناسبات الخاصة ويتميز بطابع Afeef ضمن تشكيلة موثّقة.,عطر عفيف 100 مل من Lattafa بحجم 100 مل، للجنسين بطابع عطري عربي واضح مناسب لليومي والمناسبات الخاصة ويتميز بطابع Afeef ضمن تشكيلة موثّقة.,remove duplicated عطر,QA defect register 09_DEFECT_REGISTER.csv + Batch100 import CSV,high,137,PROPOSED_PENDING_EXECUTION_AUTH,READY_FOR_EXECUTION_REVIEW
ARD-4255,عطر عطر حياتي فلورنس 100 مل من Lattafa بحجم 100 مل، للجنسين بطابع عطري عربي واضح مناسب لليومي والمناسبات الخاصة.,عطر حياتي فلورنس 100 مل من Lattafa بحجم 100 مل، للجنسين بطابع عطري عربي واضح مناسب لليومي والمناسبات الخاصة.,remove duplicated عطر,QA defect register 09_DEFECT_REGISTER.csv + Batch100 import CSV,high,108,PROPOSED_PENDING_EXECUTION_AUTH,READY_FOR_EXECUTION_REVIEW
ARD-4256,عطر عطر انا الابيض كورال 60 مل من Lattafa بحجم 60 مل، للجنسين بطابع عطري عربي واضح مناسب لليومي والمناسبات الخاصة.,عطر انا الابيض كورال 60 مل من Lattafa بحجم 60 مل، للجنسين بطابع عطري عربي واضح مناسب لليومي والمناسبات الخاصة.,remove duplicated عطر,QA defect register 09_DEFECT_REGISTER.csv + Batch100 import CSV,high,110,PROPOSED_PENDING_EXECUTION_AUTH,READY_FOR_EXECUTION_REVIEW
ARD-4286,عطر عطر مشربية 100 مل من Lattafa بحجم 100 مل، للجنسين بطابع عطري عربي واضح مناسب لليومي والمناسبات الخاصة ويتميز بطابع Mashrabya ضمن تشكيلة موثّقة ويتميز بطابع Mashrabya ضمن تشكيلة موثّقة.,عطر مشربية 100 مل من Lattafa بحجم 100 مل، للجنسين بطابع عطري عربي واضح مناسب لليومي والمناسبات الخاصة ويتميز بطابع Mashrabya ضمن تشكيلة موثّقة.,remove duplicated عطر and duplicated Mashrabya clause,QA defect register 09_DEFECT_REGISTER.csv + Batch100 import CSV,high,143,PROPOSED_PENDING_EXECUTION_AUTH,READY_FOR_EXECUTION_REVIEW
ARD-4336,عطر عطر خمرة دخان 100 مل من Lattafa بحجم 100 مل، للجنسين بطابع عطري عربي واضح مناسب لليومي والمناسبات الخاصة.,عطر خمرة دخان 100 مل من Lattafa بحجم 100 مل، للجنسين بطابع عطري عربي واضح مناسب لليومي والمناسبات الخاصة.,remove duplicated عطر,QA defect register 09_DEFECT_REGISTER.csv + Batch100 import CSV,high,105,PROPOSED_PENDING_EXECUTION_AUTH,READY_FOR_EXECUTION_REVIEW
ARD-4637,عطر عطر اسد بوربون من Lattafa بحجم 100 مل، مخصص للرجال بطابع عطري عربي واضح مناسب لليومي والمناسبات الخاصة.,عطر اسد بوربون من Lattafa بحجم 100 مل، مخصص للرجال بطابع عطري عربي واضح مناسب لليومي والمناسبات الخاصة.,remove duplicated عطر,QA defect register 09_DEFECT_REGISTER.csv + Batch100 import CSV,high,103,PROPOSED_PENDING_EXECUTION_AUTH,READY_FOR_EXECUTION_REVIEW
ARD-4660,عطر عطر ليان 75 مل من Lattafa بحجم 75 مل، للجنسين بطابع عطري عربي واضح مناسب لليومي والمناسبات الخاصة.,عطر ليان 75 مل من Lattafa بحجم 75 مل، للجنسين بطابع عطري عربي واضح مناسب لليومي والمناسبات الخاصة.,remove duplicated عطر,QA defect register 09_DEFECT_REGISTER.csv + Batch100 import CSV,high,98,PROPOSED_PENDING_EXECUTION_AUTH,READY_FOR_EXECUTION_REVIEW
ARD-4680,عطر عطر شهد كبير 150 مل من Lattafa بحجم 150 مل، مخصص للنساء بطابع عطري عربي واضح مناسب لليومي والمناسبات الخاصة.,عطر شهد كبير 150 مل من Lattafa بحجم 150 مل، مخصص للنساء بطابع عطري عربي واضح مناسب لليومي والمناسبات الخاصة.,remove duplicated عطر,QA defect register 09_DEFECT_REGISTER.csv + Batch100 import CSV,high,108,PROPOSED_PENDING_EXECUTION_AUTH,READY_FOR_EXECUTION_REVIEW
ARD-4685,عطر عطر اسد الكسير 100 مل من Lattafa بحجم 100 مل، مخصص للرجال بطابع عطري عربي واضح مناسب لليومي والمناسبات الخاصة ويتميز بطابع Asad ضمن تشكيلة موثّقة.,عطر اسد الكسير 100 مل من Lattafa بحجم 100 مل، مخصص للرجال بطابع عطري عربي واضح مناسب لليومي والمناسبات الخاصة ويتميز بطابع Asad ضمن تشكيلة موثّقة.,remove duplicated عطر,QA defect register 09_DEFECT_REGISTER.csv + Batch100 import CSV,high,146,PROPOSED_PENDING_EXECUTION_AUTH,READY_FOR_EXECUTION_REVIEW
ARD-4686,عطر عطر يارا الكسير 100 مل من Lattafa بحجم 100 مل، مخصص للنساء بطابع عطري عربي واضح مناسب لليومي والمناسبات الخاصة.,عطر يارا الكسير 100 مل من Lattafa بحجم 100 مل، مخصص للنساء بطابع عطري عربي واضح مناسب لليومي والمناسبات الخاصة.,remove duplicated عطر,QA defect register 09_DEFECT_REGISTER.csv + Batch100 import CSV,high,111,PROPOSED_PENDING_EXECUTION_AUTH,READY_FOR_EXECUTION_REVIEW
ARD-5036,عطر عطر ماهر هونور 100 مل من Lattafa بحجم 100 مل، للجنسين بطابع عطري عربي واضح مناسب لليومي والمناسبات الخاصة.,عطر ماهر هونور 100 مل من Lattafa بحجم 100 مل، للجنسين بطابع عطري عربي واضح مناسب لليومي والمناسبات الخاصة.,remove duplicated عطر,QA defect register 09_DEFECT_REGISTER.csv + Batch100 import CSV,high,106,PROPOSED_PENDING_EXECUTION_AUTH,READY_FOR_EXECUTION_REVIEW
ARD-5058,عطر عطر خمرة واحة 100 مل من Lattafa بحجم 100 مل، للجنسين بطابع عطري عربي واضح مناسب لليومي والمناسبات الخاصة ويتميز بطابع Khamrah ضمن تشكيلة موثّقة.,عطر خمرة واحة 100 مل من Lattafa بحجم 100 مل، للجنسين بطابع عطري عربي واضح مناسب لليومي والمناسبات الخاصة ويتميز بطابع Khamrah ضمن تشكيلة موثّقة.,remove duplicated عطر,QA defect register 09_DEFECT_REGISTER.csv + Batch100 import CSV,high,144,PROPOSED_PENDING_EXECUTION_AUTH,READY_FOR_EXECUTION_REVIEW
