merchant_sku,cohort,image_url,name,brand,sizes,category_slug,slug,short_description,stock,is_active,is_published,visibility_status,match_proposed,execution_status,production_storage_writes,production_db_writes
ARD-92,unaffected,https://ztplxqlthuqkuktbznbo.supabase.co/storage/v1/object/public/products/ac7c356b-bcdf-4700-b31f-c6d2c5b53ca7/ARD-92.webp,عطر شيخ الشيوخ المركز 80 مل,Lattafa,80 مل,perfumes,عطر-شيخ-الشيوخ-المركز-80-مل-ard-92,عطر شيخ الشيوخ المركز من لطافة، بتركيبة عود وعنبر مركّزة بطابع رجالي فاخر يناسب الاستخدام اليومي والمناسبات.,0,false,false,private,N/A_BASELINE_EXACT,EXECUTED,YES,YES
ARD-287,unaffected,https://ztplxqlthuqkuktbznbo.supabase.co/storage/v1/object/public/products/ac7c356b-bcdf-4700-b31f-c6d2c5b53ca7/ARD-287.webp,عطر انا الابيض,Lattafa,100 مل,perfumes,عطر-انا-الابيض-ard-287,عطر أنا الأبيض من لطافة، رائحة مسكية منعشة للجنسين بطابع نظيف وأنيق للاستخدام اليومي.,0,false,false,private,N/A_BASELINE_EXACT,EXECUTED,YES,YES
ARD-308,unaffected,https://ztplxqlthuqkuktbznbo.supabase.co/storage/v1/object/public/products/ac7c356b-bcdf-4700-b31f-c6d2c5b53ca7/ARD-308.webp,عطر اختياري,Lattafa,100 مل,perfumes,عطر-اختياري-ard-308,عطر اختياري (إختياري) من لطافة، عطر فاكهي عطري للجنسين بطابع منعش يناسب الاستخدام اليومي.,0,false,false,private,N/A_BASELINE_EXACT,EXECUTED,YES,YES
ARD-309,unaffected,https://ztplxqlthuqkuktbznbo.supabase.co/storage/v1/object/public/products/ac7c356b-bcdf-4700-b31f-c6d2c5b53ca7/ARD-309.webp,عطر وشوشه,Lattafa,100 مل,perfumes,عطر-وشوشه-ard-309,عطر وشوشة من لطافة للنساء، بتركيبة زهرية فاكهية ناعمة تناسب الإطلالة اليومية والمناسبات.,0,false,false,private,N/A_BASELINE_EXACT,EXECUTED,YES,YES
ARD-310,unaffected,https://ztplxqlthuqkuktbznbo.supabase.co/storage/v1/object/public/products/ac7c356b-bcdf-4700-b31f-c6d2c5b53ca7/ARD-310.webp,عطر رغبه رجالي,Lattafa,100 مل,perfumes,عطر-رغبه-رجالي-ard-310,عطر رغبة الرجالي من لطافة، بطابع حلو دخاني رجالي يناسب الاستخدام اليومي والمساء.,0,false,false,private,N/A_BASELINE_EXACT,EXECUTED,YES,YES
ARD-311,unaffected,https://ztplxqlthuqkuktbznbo.supabase.co/storage/v1/object/public/products/ac7c356b-bcdf-4700-b31f-c6d2c5b53ca7/ARD-311.webp,عطر رمز لطافه فضي,Lattafa,100 مل,perfumes,عطر-رمز-لطافه-فضي-ard-311,عطر رمز لطافة الفضي من لطافة للرجال، بتركيبة منعشة حارة بطابع عصري واضح.,0,false,false,private,N/A_BASELINE_EXACT,EXECUTED,YES,YES
ARD-312,unaffected,https://ztplxqlthuqkuktbznbo.supabase.co/storage/v1/object/public/products/ac7c356b-bcdf-4700-b31f-c6d2c5b53ca7/ARD-312.webp,عطر اعجازي لطافة,Lattafa,90 مل,perfumes,عطر-اعجازي-لطافة-ard-312,عطر إعجازي من لطافة للرجال، بتركيبة عطرية خشبية بطابع قوي يناسب الحضور اليومي.,0,false,false,private,N/A_BASELINE_EXACT,EXECUTED,YES,YES
ARD-463,unaffected,https://ztplxqlthuqkuktbznbo.supabase.co/storage/v1/object/public/products/ac7c356b-bcdf-4700-b31f-c6d2c5b53ca7/ARD-463.webp,عطر روعة العود,Lattafa,100 مل,perfumes,عطر-روعة-العود-ard-463,عطر روعة العود من لطافة، بتركيبة عود خشبية فاخرة للجنسين تناسب الأمسيات والمناسبات.,0,false,false,private,N/A_BASELINE_EXACT,EXECUTED,YES,YES
ARD-465,unaffected,https://ztplxqlthuqkuktbznbo.supabase.co/storage/v1/object/public/products/ac7c356b-bcdf-4700-b31f-c6d2c5b53ca7/ARD-465.webp,عطر قمة النساء,Lattafa,100 مل,perfumes,عطر-قمة-النساء-ard-465,عطر قمة للنساء من لطافة، بتركيبة غورماند زهرية بطابع أنثوي جذاب للاستخدام اليومي والمساء.,0,false,false,private,N/A_BASELINE_EXACT,EXECUTED,YES,YES
ARD-466,unaffected,https://ztplxqlthuqkuktbznbo.supabase.co/storage/v1/object/public/products/ac7c356b-bcdf-4700-b31f-c6d2c5b53ca7/ARD-466.webp,عطر رغبه للنساء,Lattafa,100 مل,perfumes,عطر-رغبه-للنساء-ard-466,عطر رغبة من لطافة، بتركيبة شرقية حلوة بطابع أنثوي جذاب يناسب الاستخدام اليومي والمناسبات.,0,false,false,private,N/A_BASELINE_EXACT,EXECUTED,YES,YES
ARD-467,unaffected,https://ztplxqlthuqkuktbznbo.supabase.co/storage/v1/object/public/products/ac7c356b-bcdf-4700-b31f-c6d2c5b53ca7/ARD-467.webp,عطر مسك مود,Lattafa,100 مل,musk-oils-mukhammaria,عطر-مسك-مود-ard-467,عطر مسك مود من لطافة بحجم 100 مل، بطابع مسكي ناعم مناسب للاستخدام اليومي.,0,false,false,private,N/A_BASELINE_EXACT,EXECUTED,YES,YES
ARD-479,unaffected,https://ztplxqlthuqkuktbznbo.supabase.co/storage/v1/object/public/products/ac7c356b-bcdf-4700-b31f-c6d2c5b53ca7/ARD-479.webp,عطر قمة رجالي,Lattafa,100 مل,perfumes,عطر-قمة-رجالي-ard-479,عطر قمة الرجالي من لطافة، بتركيبة خشبية حارة بطابع رجالي قوي يناسب الحضور اليومي.,0,false,false,private,N/A_BASELINE_EXACT,EXECUTED,YES,YES
ARD-663,unaffected,https://ztplxqlthuqkuktbznbo.supabase.co/storage/v1/object/public/products/ac7c356b-bcdf-4700-b31f-c6d2c5b53ca7/ARD-663.webp,عطر انا الابيض روج,Lattafa,100 مل,perfumes,عطر-انا-الابيض-روج-ard-663,عطر أنا الأبيض روج من لطافة، إصدار أحمر بتركيبة فاكهية زهرية للجنسين بطابع حيوي.,0,false,false,private,N/A_BASELINE_EXACT,EXECUTED,YES,YES
ARD-715,unaffected,https://ztplxqlthuqkuktbznbo.supabase.co/storage/v1/object/public/products/ac7c356b-bcdf-4700-b31f-c6d2c5b53ca7/ARD-715.webp,عطر رمز لطافه ذهبي,Lattafa,100 مل,perfumes,عطر-رمز-لطافه-ذهبي-ard-715,عطر رمز لطافة الذهبي من لطافة، بتركيبة زهرية شرقية بطابع فاخر يناسب الاستخدام اليومي والمناسبات.,0,false,false,private,N/A_BASELINE_EXACT,EXECUTED,YES,YES
ARD-766,unaffected,https://ztplxqlthuqkuktbznbo.supabase.co/storage/v1/object/public/products/ac7c356b-bcdf-4700-b31f-c6d2c5b53ca7/ARD-766.webp,عطر اوراق العود,Lattafa,100 مل,perfumes,عطر-اوراق-العود-ard-766,عطر أوراق العود من لطافة، بتركيبة عود خشبية رجالية بطابع شرقي أصيل.,0,false,false,private,N/A_BASELINE_EXACT,EXECUTED,YES,YES
ARD-775,affected,https://ztplxqlthuqkuktbznbo.supabase.co/storage/v1/object/public/products/ac7c356b-bcdf-4700-b31f-c6d2c5b53ca7/ARD-775.webp,عطر سلامة من أسداف 100 مل,Asdaaf,100 مل,perfumes,عطر-سلامة-اسداف-100-مل-ard-775,عطر سلامة من أسداف بحجم 100 مل، أو دو بارفان للجنسين مناسب للاستخدام اليومي والمناسبات.,0,false,false,private,YES,EXECUTED,YES,YES
ARD-823,affected,https://ztplxqlthuqkuktbznbo.supabase.co/storage/v1/object/public/products/ac7c356b-bcdf-4700-b31f-c6d2c5b53ca7/ARD-823.webp,عطر شيخ الشيوخ 50 مل مع مزيل عرق,Lattafa,50 مل,perfumes,عطر-شيخ-الشيوخ-ard-823,عطر شيخ الشيوخ من لطافة، بتركيبة عود وعنبر رجالية كلاسيكية بطابع فاخر وثابت.,0,false,false,private,YES,EXECUTED,YES,YES
ARD-957,unaffected,https://ztplxqlthuqkuktbznbo.supabase.co/storage/v1/object/public/products/ac7c356b-bcdf-4700-b31f-c6d2c5b53ca7/ARD-957.webp,عطر 24 قيراط ذهبي,Lattafa,100 مل,perfumes,عطر-24-قيراط-ذهبي-ard-957,عطر 24 قيراط الذهبي من لطافة، بتركيبة عود وعنبر وفانيليا فاخرة للجنسين.,0,false,false,private,N/A_BASELINE_EXACT,EXECUTED,YES,YES
ARD-958,unaffected,https://ztplxqlthuqkuktbznbo.supabase.co/storage/v1/object/public/products/ac7c356b-bcdf-4700-b31f-c6d2c5b53ca7/ARD-958.webp,عطر 24 قيراط سلفر,Lattafa,100 مل,perfumes,عطر-24-قيراط-سلفر-ard-958,عطر 24 قيراط الأبيض/السلفر من لطافة، بتركيبة عنبرية خشبية أنيقة للجنسين.,0,false,false,private,N/A_BASELINE_EXACT,EXECUTED,YES,YES
ARD-959,unaffected,https://ztplxqlthuqkuktbznbo.supabase.co/storage/v1/object/public/products/ac7c356b-bcdf-4700-b31f-c6d2c5b53ca7/ARD-959.webp,عطر نجدية,Lattafa,100 مل,perfumes,عطر-نجدية-ard-959,عطر نجدية من لطافة للرجال، بتركيبة منعشة حارة بطابع يومي واضح وثابت.,0,false,false,private,N/A_BASELINE_EXACT,EXECUTED,YES,YES
ARD-970,unaffected,https://ztplxqlthuqkuktbznbo.supabase.co/storage/v1/object/public/products/ac7c356b-bcdf-4700-b31f-c6d2c5b53ca7/ARD-970.webp,عطر قائد الفرسان,Lattafa,90 مل,perfumes,عطر-قائد-الفرسان-ard-970,عطر قائد الفرسان من لطافة، بتركيبة حلوة دخانية رجالية بطابع جريء وثابت.,0,false,false,private,N/A_BASELINE_EXACT,EXECUTED,YES,YES
ARD-1015,unaffected,https://ztplxqlthuqkuktbznbo.supabase.co/storage/v1/object/public/products/products/8e6cb0f4-9409-45fb-a218-dbcf0e176c8a.webp,عطر فلفت عود,Lattafa,100 مل,perfumes,عطر-فلفت-عود-ard-1015,عطر شرقي خشبي للجنسين بحجم 100 مل من لطافة، يجمع لمسات التوابل والجلد والعود والعنبر في طابع دافئ ومتوازن.,0,false,false,private,N/A_BASELINE_EXACT,EXECUTED,YES,YES
ARD-1042,unaffected,https://ztplxqlthuqkuktbznbo.supabase.co/storage/v1/object/public/products/products/831383ab-171b-4d13-8a74-15f814ed4811.webp,عطر ليل ملكي,Lattafa,100 مل,perfumes,عطر-ليل-ملكي-ard-1042,عطر كهرماني للجنسين بحجم 100 مل من لطافة، بطابع فاكهي متبّل وزهري يستقر على قاعدة دافئة من خشب الصندل والعنبر.,0,false,false,private,N/A_BASELINE_EXACT,EXECUTED,YES,YES
ARD-1065,unaffected,https://ztplxqlthuqkuktbznbo.supabase.co/storage/v1/object/public/products/products/28d0628b-261a-4bf4-9213-bb66b44b62fd.webp,عود مود الكسير,Lattafa,100 مل,perfumes,عود-مود-الكسير-ard-1065,عطر شرقي بحجم 100 مل من لطافة، يبرز فيه العود والزعفران والتوابل مع قاعدة دافئة من الفانيليا والعنبر.,0,false,false,private,N/A_BASELINE_EXACT,EXECUTED,YES,YES
ARD-1172,unaffected,https://ztplxqlthuqkuktbznbo.supabase.co/storage/v1/object/public/products/products/8ffe2ecd-1f1d-4744-af08-f7c84b84dfb1.webp,عطر فخر لطافة رجالي,Lattafa,100 مل,perfumes,عطر-فخر-لطافة-رجالي-ard-1172,عطر رجالي بحجم 100 مل من لطافة، بطابع منعش وخشبي يبدأ بالبرغموت واللمسات البحرية ويتدرج إلى البنفسج والعنبر والباتشولي.,0,false,false,private,N/A_BASELINE_EXACT,EXECUTED,YES,YES
ARD-1173,unaffected,https://ztplxqlthuqkuktbznbo.supabase.co/storage/v1/object/public/products/products/e41e9ee8-948b-46ba-92c2-97c1626337d2.webp,عطر فخر لطافة نسائي,Lattafa,100 مل,perfumes,عطر-فخر-لطافة-نسائي-ard-1173,عطر نسائي بحجم 100 مل من لطافة، بتركيبة زهرية بيضاء تبدأ بزهر البرتقال وتجمع مسك الروم والياسمين على قاعدة من نجيل الهند والباتشولي.,0,false,false,private,N/A_BASELINE_EXACT,EXECUTED,YES,YES
ARD-1191,ard_1191,https://ztplxqlthuqkuktbznbo.supabase.co/storage/v1/object/public/products/products/820ac999-dddf-4921-9b8b-6bbe6de17489.webp,عطر عود مود ذهبي,Lattafa,100 مل,perfumes,عطر-عود-مود-ذهبي-ard-1191,,0,false,false,private,N/A_BASELINE_EXACT,EXECUTED,YES,YES
ARD-1318,unaffected,https://ztplxqlthuqkuktbznbo.supabase.co/storage/v1/object/public/products/ac7c356b-bcdf-4700-b31f-c6d2c5b53ca7/ARD-1318.webp,30 مل الشموخ,Lattafa,30 مل,mini-travel-perfume,30-مل-الشموخ-ard-1318,عطر الشموخ من لطافة بحجم 30 مل ضمن مجموعة ثمين، برائحة شرقية حارة وخشبية دافئة، مثالي للسفر والاستخدام اليومي بحجم ميني عملي.,0,false,false,private,N/A_BASELINE_EXACT,EXECUTED,YES,YES
ARD-1319,unaffected,https://ztplxqlthuqkuktbznbo.supabase.co/storage/v1/object/public/products/ac7c356b-bcdf-4700-b31f-c6d2c5b53ca7/ARD-1319.webp,30 مل ثراء,Lattafa,30 مل,mini-travel-perfume,30-مل-ثراء-ard-1319,عطر ثراء من لطافة بحجم 30 مل من مجموعة ثمين، بتركيبة زهرية دافئة مع لمسات خشبية، حجم ميني مناسب للسفر والاستخدام اليومي.,0,false,false,private,N/A_BASELINE_EXACT,EXECUTED,YES,YES
ARD-1320,unaffected,https://ztplxqlthuqkuktbznbo.supabase.co/storage/v1/object/public/products/ac7c356b-bcdf-4700-b31f-c6d2c5b53ca7/ARD-1320.webp,30 مل معالي,Lattafa,30 مل,mini-travel-perfume,30-مل-معالي-ard-1320,عطر معالي من لطافة بحجم 30 مل ضمن مجموعة ثمين، بافتتاحية حمضية وقلب زهري ناعم، حجم ميني عملي للسفر والاستخدام اليومي.,0,false,false,private,N/A_BASELINE_EXACT,EXECUTED,YES,YES
ARD-1369,affected,https://ztplxqlthuqkuktbznbo.supabase.co/storage/v1/object/public/products/ac7c356b-bcdf-4700-b31f-c6d2c5b53ca7/ARD-1369.webp,عطر الدر المكنون سلفر,Lattafa,100 مل,perfumes,عطر-الدر-المكنون-سلفر-ard-1369,عطر الدر المكنون سلفر من Lattafa بحجم 100 مل، للجنسين بطابع عطري عربي واضح مناسب لليومي والمناسبات الخاصة.,0,false,false,private,YES,EXECUTED,YES,YES
ARD-1430,unaffected,https://ztplxqlthuqkuktbznbo.supabase.co/storage/v1/object/public/products/ac7c356b-bcdf-4700-b31f-c6d2c5b53ca7/ARD-1430.webp,عطر امير العود / انتنس عود,Lattafa,100 مل,perfumes,عطر-امير-العود-انتنس-عود-ard-1430,عطر أمير العود إنتنس عود من لطافة بحجم 100 مل، بطابع عودي دخاني ثابت.,0,false,false,private,N/A_BASELINE_EXACT,EXECUTED,YES,YES
ARD-1480,affected,https://ztplxqlthuqkuktbznbo.supabase.co/storage/v1/object/public/products/ac7c356b-bcdf-4700-b31f-c6d2c5b53ca7/ARD-1480.webp,عطر عود ليل ملكي,Lattafa,100 مل,perfumes,عطر-عود-ليل-ملكي-ard-1480,عطر عود ليل ملكي من Lattafa بحجم 100 مل، للجنسين بطابع عطري عربي واضح مناسب لليومي والمناسبات الخاصة.,0,false,false,private,YES,EXECUTED,YES,YES
ARD-1826,unaffected,https://ztplxqlthuqkuktbznbo.supabase.co/storage/v1/object/public/products/products/05a87475-ba64-48d5-a5a9-5252552b7563.webp,عطر ناو اسود,RAVE,100 مل,perfumes,عطر-ناو-اسود-ard-1826,عطر رجالي بحجم 100 مل من RAVE، يبدأ بالفواكه والبرغموت ويتدرج إلى قلب زهري خشبي وقاعدة من المسك والفانيليا وطحلب البلوط.,0,false,false,private,N/A_BASELINE_EXACT,EXECUTED,YES,YES
ARD-1858,affected,https://ztplxqlthuqkuktbznbo.supabase.co/storage/v1/object/public/products/ac7c356b-bcdf-4700-b31f-c6d2c5b53ca7/ARD-1858.webp,عطر يارا,Lattafa,100 مل,perfumes,عطر-يارا-ard-1858,عطر يارا من لطافة بحجم 100 مل للنساء، برائحة فاكهية وفانيليا بطابع أنثوي ناعم يناسب الاستخدام اليومي.,0,false,false,private,YES,EXECUTED,YES,YES
ARD-2126,unaffected,https://ztplxqlthuqkuktbznbo.supabase.co/storage/v1/object/public/products/ac7c356b-bcdf-4700-b31f-c6d2c5b53ca7/ARD-2126.webp,عطر بديع العود اميثست,Lattafa,100 مل,perfumes,عطر-بديع-العود-اميثست-ard-2126,عطر بديع العود أميثست من لطافة بحجم 100 مل، برائحة خط بديع العود الرسمية.,0,false,false,private,N/A_BASELINE_EXACT,EXECUTED,YES,YES
ARD-2423,unaffected,https://ztplxqlthuqkuktbznbo.supabase.co/storage/v1/object/public/products/ac7c356b-bcdf-4700-b31f-c6d2c5b53ca7/ARD-2423.webp,عطر قائد الشباب 100 مل,Lattafa,100 مل,perfumes,عطر-قائد-الشباب-100-مل-ard-2423,عطر قائد الشباب من لطافة بحجم 100 مل للرجال، برائحة كهرمانية جلدية خشبية مع لمسة عود دافئة وثابتة.,0,false,false,private,N/A_BASELINE_EXACT,EXECUTED,YES,YES
ARD-2436,affected,https://ztplxqlthuqkuktbznbo.supabase.co/storage/v1/object/public/products/ac7c356b-bcdf-4700-b31f-c6d2c5b53ca7/ARD-2436.webp,عطر سقراط,Lattafa,100 مل,perfumes,عطر-سقراط-ard-2436,عطر سقراط من Lattafa بحجم 100 مل، مخصص للرجال بطابع عطري عربي واضح مناسب لليومي والمناسبات الخاصة.,0,false,false,private,YES,EXECUTED,YES,YES
ARD-2437,unaffected,https://ztplxqlthuqkuktbznbo.supabase.co/storage/v1/object/public/products/ac7c356b-bcdf-4700-b31f-c6d2c5b53ca7/ARD-2437.webp,عطر حياتي الملكي 100 مل,Lattafa,100 مل,perfumes,عطر-حياتي-الملكي-100-مل-ard-2437,عطر حياتي الملكي من لطافة بحجم 100 مل، بافتتاحية حمضية وقلب من الخوخ والزعفران والجلد، وقاعدة فانيليا ومسك عنبري.,0,false,false,private,N/A_BASELINE_EXACT,EXECUTED,YES,YES
ARD-2471,unaffected,https://ztplxqlthuqkuktbznbo.supabase.co/storage/v1/object/public/products/ac7c356b-bcdf-4700-b31f-c6d2c5b53ca7/ARD-2471.webp,عطر عودين 100 مل,Lattafa,100 مل,perfumes,عطر-عودين-100-مل-ard-2471,عطر عودين من لطافة بحجم 100 مل، بمزيج مشرق من البرتقال والزعفران مع كراميل وعنبر وفانيليا دافئة.,0,false,false,private,N/A_BASELINE_EXACT,EXECUTED,YES,YES
ARD-2493,unaffected,https://ztplxqlthuqkuktbznbo.supabase.co/storage/v1/object/public/products/ac7c356b-bcdf-4700-b31f-c6d2c5b53ca7/ARD-2493.webp,عطر سمبلي عود 100 مل,Lattafa,100 مل,perfumes,عطر-سمبلي-عود-100-مل-ard-2493,عطر سمبلي عود من لطافة بحجم 100 مل للجنسين، بتركيبة عودية دافئة مع لمسات زهرية وحارة ولمسة عنبرية ناعمة.,0,false,false,private,N/A_BASELINE_EXACT,EXECUTED,YES,YES
ARD-2494,unaffected,https://ztplxqlthuqkuktbznbo.supabase.co/storage/v1/object/public/products/ac7c356b-bcdf-4700-b31f-c6d2c5b53ca7/ARD-2494.webp,عطر سطور 100 مل,Lattafa,100 مل,perfumes,عطر-سطور-100-مل-ard-2494,عطر سطور من لطافة بحجم 100 مل، برائحة فاكهية شرقية غنية مع لمسات دافئة من الفانيليا والأخشاب الناعمة.,0,false,false,private,N/A_BASELINE_EXACT,EXECUTED,YES,YES
ARD-2511,affected,https://ztplxqlthuqkuktbznbo.supabase.co/storage/v1/object/public/products/ac7c356b-bcdf-4700-b31f-c6d2c5b53ca7/ARD-2511.webp,عطر انا الابيض بودري,Lattafa,60 مل,perfumes,عطر-انا-الابيض-بودري-ard-2511,عطر أنا الأبيض بودري من لطافة، إصدار بودري ناعم للجنسين بطابع مسكي أنيق.,0,false,false,private,YES,EXECUTED,YES,YES
ARD-2512,unaffected,https://ztplxqlthuqkuktbznbo.supabase.co/storage/v1/object/public/products/ac7c356b-bcdf-4700-b31f-c6d2c5b53ca7/ARD-2512.webp,عطر حياتي ذهبي الكسير,Lattafa,100 مل,perfumes,عطر-حياتي-ذهبي-الكسير-ard-2512,عطر حياتي الذهبي إكسير من لطافة بحجم 100 مل، بطابع دافئ أنيق.,0,false,false,private,N/A_BASELINE_EXACT,EXECUTED,YES,YES
ARD-2515,unaffected,https://ztplxqlthuqkuktbznbo.supabase.co/storage/v1/object/public/products/ac7c356b-bcdf-4700-b31f-c6d2c5b53ca7/ARD-2515.webp,عطر انا الابيض لذر 60 مل,Lattafa,60 مل,perfumes,عطر-انا-الابيض-لذر-60-مل-ard-2515,عطر أنا الأبيض ليذر من لطافة بحجم 60 مل، برائحة جلدية أنيقة مع لمسات حارة وزهرية وقاعدة مسك وعنبر.,0,false,false,private,N/A_BASELINE_EXACT,EXECUTED,YES,YES
ARD-2583,affected,https://ztplxqlthuqkuktbznbo.supabase.co/storage/v1/object/public/products/ac7c356b-bcdf-4700-b31f-c6d2c5b53ca7/ARD-2583.webp,عطر نجدية تربيوت,Lattafa,100 مل,perfumes,عطر-نجدية-تربيوت-ard-2583,عطر نجدية تربيوت من Lattafa بحجم 100 مل، للجنسين بطابع عطري عربي واضح مناسب لليومي والمناسبات الخاصة.,0,false,false,private,YES,EXECUTED,YES,YES
ARD-2648,unaffected,https://ztplxqlthuqkuktbznbo.supabase.co/storage/v1/object/public/products/ac7c356b-bcdf-4700-b31f-c6d2c5b53ca7/ARD-2648.webp,عطر الازل 100 مل,Lattafa,100 مل,perfumes,عطر-الازل-100-مل-ard-2648,عطر الأزل من لطافة بحجم 100 مل، بافتتاحية حمضية عشبية وقلب زهري وقاعدة فانيليا ومسك وخشب أرز دافئة.,0,false,false,private,N/A_BASELINE_EXACT,EXECUTED,YES,YES
ARD-2745,unaffected,https://ztplxqlthuqkuktbznbo.supabase.co/storage/v1/object/public/products/ac7c356b-bcdf-4700-b31f-c6d2c5b53ca7/ARD-2745.webp,عطر مهرة 100 مل,Lattafa,100 مل,perfumes,عطر-مهرة-100-مل-ard-2745,عطر مهرة من لطافة بحجم 100 مل للجنسين، بمزيج حار زهري مع زعفران وورد وقاعدة خشبية مسكية أنيقة.,0,false,false,private,N/A_BASELINE_EXACT,EXECUTED,YES,YES
ARD-2753,unaffected,https://ztplxqlthuqkuktbznbo.supabase.co/storage/v1/object/public/products/ac7c356b-bcdf-4700-b31f-c6d2c5b53ca7/ARD-2753.webp,عطر اوبلينت ريد 100 مل,Lattafa,100 مل,perfumes,عطر-اوبلينت-ريد-100-مل-ard-2753,عطر أوبلينت ريد من لطافة بحجم 100 مل، برائحة فاكهية زهرية دافئة مع زعفران وكاشمران وقاعدة عنبر وخشب.,0,false,false,private,N/A_BASELINE_EXACT,EXECUTED,YES,YES
ARD-2760,unaffected,https://ztplxqlthuqkuktbznbo.supabase.co/storage/v1/object/public/products/ac7c356b-bcdf-4700-b31f-c6d2c5b53ca7/ARD-2760.webp,عطر اسد 100 مل,Lattafa,100 مل,perfumes,عطر-اسد-100-مل-ard-2760,عطر أسد من لطافة بحجم 100 مل للرجال، برائحة كهرمانية قوية مع فلفل أسود وتبغ وقهوة وقاعدة فانيليا وعنبر.,0,false,false,private,N/A_BASELINE_EXACT,EXECUTED,YES,YES
ARD-2765,unaffected,https://ztplxqlthuqkuktbznbo.supabase.co/storage/v1/object/public/products/ac7c356b-bcdf-4700-b31f-c6d2c5b53ca7/ARD-2765.webp,عطر منى 100 مل,Lattafa,100 مل,perfumes,عطر-منى-100-مل-ard-2765,عطر منى من لطافة بحجم 100 مل، برائحة زهرية فاكهية خفيفة مع بطيخ وورد دمشق وقاعدة مسكية خشبية ناعمة.,0,false,false,private,N/A_BASELINE_EXACT,EXECUTED,YES,YES
ARD-2773,unaffected,https://ztplxqlthuqkuktbznbo.supabase.co/storage/v1/object/public/products/ac7c356b-bcdf-4700-b31f-c6d2c5b53ca7/ARD-2773.webp,عطر عود مود تذكر 100 مل,Lattafa,100 مل,perfumes,عطر-عود-مود-تذكر-100-مل-ard-2773,عطر عود مود تذكر من لطافة بحجم 100 مل، برائحة شرقية عودية مع ورد وزعفران وقاعدة فانيليا ومسك وطحلب.,0,false,false,private,N/A_BASELINE_EXACT,EXECUTED,YES,YES
ARD-2793,affected,https://ztplxqlthuqkuktbznbo.supabase.co/storage/v1/object/public/products/ac7c356b-bcdf-4700-b31f-c6d2c5b53ca7/ARD-2793.webp,معطر جو لطافة جديد فخر لطافة هوم,Lattafa,300 مل,home-linen-air,معطر-جو-لطافة-جديد-فخر-لطافة-هوم-ard-2793,معطر جو فخر لطافة من لطافة، لتعطير المنزل برائحة فخر الأنيقة المنعشة بحجم منزلي عملي وثابت.,0,false,false,private,YES,EXECUTED,YES,YES
ARD-2797,affected,https://ztplxqlthuqkuktbznbo.supabase.co/storage/v1/object/public/products/ac7c356b-bcdf-4700-b31f-c6d2c5b53ca7/ARD-2797.webp,معطر جو لطافة جديد فخر لطافة نسائي,Lattafa,300 مل,home-linen-air,معطر-جو-لطافة-جديد-فخر-لطافة-نسائي-ard-2797,معطر جو فخر لطافة نسائي من لطافة، يعطّر الأجواء برائحة زهرية أنثوية مستوحاة من عطر فخر للنساء.,0,false,false,private,YES,EXECUTED,YES,YES
ARD-2800,unaffected,https://ztplxqlthuqkuktbznbo.supabase.co/storage/v1/object/public/products/products/02d63533-5bc2-4812-9b46-16d3a546c52c.webp,عطر ناو انتينس ازرق,RAVE,100 مل,perfumes,عطر-ناو-انتينس-ازرق-ard-2800,عطر رجالي بحجم 100 مل من RAVE ضمن إصدار Now Intense، بعبوة زرقاء وتصميم عصري من مجموعة Now.,0,false,false,private,N/A_BASELINE_EXACT,EXECUTED,YES,YES
ARD-2876,unaffected,https://ztplxqlthuqkuktbznbo.supabase.co/storage/v1/object/public/products/ac7c356b-bcdf-4700-b31f-c6d2c5b53ca7/ARD-2876.webp,عطر قصائد السلطان 100 مل,Lattafa,100 مل,perfumes,عطر-قصائد-السلطان-100-مل-ard-2876,عطر قصائد السلطان من لطافة بحجم 100 مل، برائحة جلدية شرقية دافئة مع عسل وتوابل وقاعدة عود وفانيليا.,0,false,false,private,N/A_BASELINE_EXACT,EXECUTED,YES,YES
ARD-2879,unaffected,https://ztplxqlthuqkuktbznbo.supabase.co/storage/v1/object/public/products/ac7c356b-bcdf-4700-b31f-c6d2c5b53ca7/ARD-2879.webp,عطر خمرة 100 مل,Lattafa,100 مل,perfumes,عطر-خمرة-100-مل-ard-2879,عطر خمرة من لطافة بحجم 100 مل للجنسين، برائحة غورماند حارة مع قرفة وتمر وبراالين وقاعدة فانيليا وتونكا.,0,false,false,private,N/A_BASELINE_EXACT,EXECUTED,YES,YES
ARD-2932,affected,https://ztplxqlthuqkuktbznbo.supabase.co/storage/v1/object/public/products/ac7c356b-bcdf-4700-b31f-c6d2c5b53ca7/ARD-2932.webp,عطر الاوصاف 100 مل,Lattafa,100 مل,perfumes,عطر-الاوصاف-100-مل-ard-2932,عطر الأوصاف من لطافة بحجم 100 مل، برائحة خشبية راتنجية داكنة مع مر وعود وباتشولي تناسب الأمسيات والأجواء الباردة.,0,false,false,private,YES,EXECUTED,YES,YES
ARD-2933,unaffected,https://ztplxqlthuqkuktbznbo.supabase.co/storage/v1/object/public/products/ac7c356b-bcdf-4700-b31f-c6d2c5b53ca7/ARD-2933.webp,عطر تميمة 100 مل,Lattafa,100 مل,perfumes,عطر-تميمة-100-مل-ard-2933,عطر تميمة من لطافة بحجم 100 مل للنساء، برائحة فاكهية صيفية خفيفة مع توت وكيوي وقلب زهري وقاعدة صندل ومسك.,0,false,false,private,N/A_BASELINE_EXACT,EXECUTED,YES,YES
ARD-3117,affected,https://ztplxqlthuqkuktbznbo.supabase.co/storage/v1/object/public/products/ac7c356b-bcdf-4700-b31f-c6d2c5b53ca7/ARD-3117.webp,عطر انسام سلفر,Lattafa,100 مل,perfumes,عطر-انسام-سلفر-ard-3117,عطر انسام سلفر من Lattafa بحجم 100 مل، للجنسين بطابع عطري عربي واضح مناسب لليومي والمناسبات الخاصة.,0,false,false,private,YES,EXECUTED,YES,YES
ARD-3149,unaffected,https://ztplxqlthuqkuktbznbo.supabase.co/storage/v1/object/public/products/ac7c356b-bcdf-4700-b31f-c6d2c5b53ca7/ARD-3149.webp,عطر يارا موي 100 مل,Lattafa,100 مل,perfumes,عطر-يارا-موي-100-مل-ard-3149,عطر يارا موي من لطافة بحجم 100 مل للنساء، برائحة فاكهية زهرية أنثوية مع كمثرى وتيوبيروز وقاعدة فانيليا وكاشمران.,0,false,false,private,N/A_BASELINE_EXACT,EXECUTED,YES,YES
ARD-3240,unaffected,https://ztplxqlthuqkuktbznbo.supabase.co/storage/v1/object/public/products/ac7c356b-bcdf-4700-b31f-c6d2c5b53ca7/ARD-3240.webp,عطر هيا 100 مل,Lattafa,100 مل,perfumes,عطر-هيا-100-مل-ard-3240,عطر هيا من لطافة بحجم 100 مل للنساء، برائحة فاكهية زهرية حلوة مع شمبانيا وردية وغاردينيا وقاعدة برالين وعنبر.,0,false,false,private,N/A_BASELINE_EXACT,EXECUTED,YES,YES
ARD-3242,unaffected,https://ztplxqlthuqkuktbznbo.supabase.co/storage/v1/object/public/products/ac7c356b-bcdf-4700-b31f-c6d2c5b53ca7/ARD-3242.webp,عطر سكينة 100 مل,Lattafa,100 مل,perfumes,عطر-سكينة-100-مل-ard-3242,عطر سكينة من لطافة بحجم 100 مل للنساء، برائحة فاكهية غورماند مع باشون فروت وورد وقاعدة برالين وفانيليا.,0,false,false,private,N/A_BASELINE_EXACT,EXECUTED,YES,YES
ARD-3244,unaffected,https://ztplxqlthuqkuktbznbo.supabase.co/storage/v1/object/public/products/ac7c356b-bcdf-4700-b31f-c6d2c5b53ca7/ARD-3244.webp,عطر تاويل 100 مل,Lattafa,100 مل,perfumes,عطر-تاويل-100-مل-ard-3244,عطر تأويل من لطافة بحجم 100 مل للرجال، برائحة عطرية خشبية مع برغموت وزنجبيل ولافندر وقاعدة جلدية وأمبروكسان.,0,false,false,private,N/A_BASELINE_EXACT,EXECUTED,YES,YES
ARD-3245,unaffected,https://ztplxqlthuqkuktbznbo.supabase.co/storage/v1/object/public/products/ac7c356b-bcdf-4700-b31f-c6d2c5b53ca7/ARD-3245.webp,عطر ايمان 100 مل,Lattafa,100 مل,perfumes,عطر-ايمان-100-مل-ard-3245,عطر إيمان من لطافة بحجم 100 مل للنساء، برائحة شيبريه زهرية مع زهر البرتقال وتيوبيروز وقاعدة فانيليا ومسك أبيض.,0,false,false,private,N/A_BASELINE_EXACT,EXECUTED,YES,YES
ARD-3260,unaffected,https://ztplxqlthuqkuktbznbo.supabase.co/storage/v1/object/public/products/ac7c356b-bcdf-4700-b31f-c6d2c5b53ca7/ARD-3260.webp,عطر ماهر لاغسي 100 مل,Lattafa,100 مل,perfumes,عطر-ماهر-لاغسي-100-مل-ard-3260,عطر ماهر ليغاسي من لطافة بحجم 100 مل للرجال، برائحة حمضية منعشة مع نعناع وأناناس وقاعدة فيتيفير وأمبروكسان.,0,false,false,private,N/A_BASELINE_EXACT,EXECUTED,YES,YES
ARD-3270,unaffected,https://ztplxqlthuqkuktbznbo.supabase.co/storage/v1/object/public/products/products/c57c1c9b-c2d6-4944-a3a5-4f84af28aa28.webp,عطر اميرة العرب برايف روز 100 مل,Asdaaf,100 مل,perfumes,عطر-اميرة-العرب-برايف-روز-100-مل-ard-3270,عطر نسائي زهري فاكهي بحجم 100 مل من أصداف، يجمع الفراولة والعنب والبرتقال مع باقة زهرية وقاعدة دافئة من العنبر وخشب الصندل.,0,false,false,private,N/A_BASELINE_EXACT,EXECUTED,YES,YES
ARD-3274,unaffected,https://ztplxqlthuqkuktbznbo.supabase.co/storage/v1/object/public/products/ac7c356b-bcdf-4700-b31f-c6d2c5b53ca7/ARD-3274.webp,عطر ذوق 80 مل,Lattafa,80 مل,perfumes,عطر-ذوق-80-مل-ard-3274,عطر ذوق من لطافة بحجم 80 مل للنساء، بافتتاحية برغموت وليتشي وقلب ورد وبخور وقاعدة عنبر وفيتيفير.,0,false,false,private,N/A_BASELINE_EXACT,EXECUTED,YES,YES
ARD-3347,affected,https://ztplxqlthuqkuktbznbo.supabase.co/storage/v1/object/public/products/ac7c356b-bcdf-4700-b31f-c6d2c5b53ca7/ARD-3347.webp,عطر عود نجدية,Lattafa,100 مل,perfumes,عطر-عود-نجدية-ard-3347,عطر عود نجدية من Lattafa بحجم 100 مل، للجنسين بطابع عطري عربي واضح مناسب لليومي والمناسبات الخاصة ويتميز بطابع Oud ضمن تشكيلة موثّقة.,0,false,false,private,YES,EXECUTED,YES,YES
ARD-3349,unaffected,https://ztplxqlthuqkuktbznbo.supabase.co/storage/v1/object/public/products/ac7c356b-bcdf-4700-b31f-c6d2c5b53ca7/ARD-3349.webp,عطر اورا 60 مل,Lattafa,60 مل,perfumes,عطر-اورا-60-مل-ard-3349,عطر أورا من لطافة بحجم 60 مل للجنسين، بافتتاحية زعفران وقلب ياسمين وبلسم تنوب وقاعدة كاشمران ومسك وخشب أرز.,0,false,false,private,N/A_BASELINE_EXACT,EXECUTED,YES,YES
ARD-3350,unaffected,https://ztplxqlthuqkuktbznbo.supabase.co/storage/v1/object/public/products/ac7c356b-bcdf-4700-b31f-c6d2c5b53ca7/ARD-3350.webp,عطر فلفت روز 100 مل,Lattafa,100 مل,perfumes,عطر-فلفت-روز-100-مل-ard-3350,عطر فلفت روز من لطافة بحجم 100 مل، برائحة وردية مخملية مع هيل وباتشولي وقاعدة سويد وعنبر وعود.,0,false,false,private,N/A_BASELINE_EXACT,EXECUTED,YES,YES
ARD-3351,unaffected,https://ztplxqlthuqkuktbznbo.supabase.co/storage/v1/object/public/products/ac7c356b-bcdf-4700-b31f-c6d2c5b53ca7/ARD-3351.webp,عطر النبل امير 100 مل,Lattafa,100 مل,perfumes,عطر-النبل-امير-100-مل-ard-3351,عطر النبل أمير من لطافة بحجم 100 مل للجنسين، برائحة خشبية حارة مع تفاح وفلفل وردي وقاعدة عود وفيتيفير.,0,false,false,private,N/A_BASELINE_EXACT,EXECUTED,YES,YES
ARD-3352,unaffected,https://ztplxqlthuqkuktbznbo.supabase.co/storage/v1/object/public/products/ac7c356b-bcdf-4700-b31f-c6d2c5b53ca7/ARD-3352.webp,عطر النبل وزير 100 مل,Lattafa,100 مل,perfumes,عطر-النبل-وزير-100-مل-ard-3352,عطر النبل وزير من لطافة بحجم 100 مل للجنسين، بمزيج فاكهي خشبي مع نعناع وشوكولاتة وقاعدة فانيليا ومسك.,0,false,false,private,N/A_BASELINE_EXACT,EXECUTED,YES,YES
ARD-3353,unaffected,https://ztplxqlthuqkuktbznbo.supabase.co/storage/v1/object/public/products/ac7c356b-bcdf-4700-b31f-c6d2c5b53ca7/ARD-3353.webp,عطر النبل سفير 100 مل,Lattafa,100 مل,perfumes,عطر-النبل-سفير-100-مل-ard-3353,عطر النبل سفير من لطافة بحجم 100 مل للجنسين، برائحة عطرية خضراء خشبية مع برغموت وأعشاب وقاعدة راتنجية دافئة.,0,false,false,private,N/A_BASELINE_EXACT,EXECUTED,YES,YES
ARD-3531,unaffected,https://ztplxqlthuqkuktbznbo.supabase.co/storage/v1/object/public/products/ac7c356b-bcdf-4700-b31f-c6d2c5b53ca7/ARD-3531.webp,عطر اجواء 90 مل,Lattafa,60 مل,perfumes,عطر-اجواء-90-مل-ard-3531,عطر أجواء من لطافة، برائحة فاكهية زهرية شرقية مع ليتشي وياسمين وورد وقاعدة فانيليا وعنبر وخشب.,0,false,false,private,N/A_BASELINE_EXACT,EXECUTED,YES,YES
ARD-3536,unaffected,https://ztplxqlthuqkuktbznbo.supabase.co/storage/v1/object/public/products/ac7c356b-bcdf-4700-b31f-c6d2c5b53ca7/ARD-3536.webp,عطر فنتاج راديو 100 مل,Lattafa,100 مل,perfumes,عطر-فنتاج-راديو-100-مل-ard-3536,عطر فينتاج راديو من لطافة بحجم 100 مل للجنسين، برائحة عطرية نوستالجية مع لافندر ومريمية وبرقوق وقاعدة صندل.,0,false,false,private,N/A_BASELINE_EXACT,EXECUTED,YES,YES
ARD-3627,unaffected,https://ztplxqlthuqkuktbznbo.supabase.co/storage/v1/object/public/products/ac7c356b-bcdf-4700-b31f-c6d2c5b53ca7/ARD-3627.webp,عطر لا كولكشن 1910 بايك 100 مل,Lattafa,100 مل,perfumes,عطر-لا-كولكشن-1910-بايك-100-مل-ard-3627,عطر لا كولكشن 1910 بايك من لطافة بحجم 100 مل، برائحة وردية فاكهية مع تفاح وأوسمانتوس وقاعدة فانيليا وتونكا.,0,false,false,private,N/A_BASELINE_EXACT,EXECUTED,YES,YES
ARD-3628,unaffected,https://ztplxqlthuqkuktbznbo.supabase.co/storage/v1/object/public/products/ac7c356b-bcdf-4700-b31f-c6d2c5b53ca7/ARD-3628.webp,عطر لا كولكشن 1886 كار 100 مل,Lattafa,100 مل,perfumes,عطر-لا-كولكشن-1886-كار-100-مل-ard-3628,عطر لا كولكشن 1886 كار من لطافة برايد بحجم 100 مل، برائحة عطرية دافئة مع قرفة وشوكولاتة بيضاء وتبغ أبيض.,0,false,false,private,N/A_BASELINE_EXACT,EXECUTED,YES,YES
ARD-3709,unaffected,https://ztplxqlthuqkuktbznbo.supabase.co/storage/v1/object/public/products/ac7c356b-bcdf-4700-b31f-c6d2c5b53ca7/ARD-3709.webp,عطر خمرة قهوة 100 مل,Lattafa,100 مل,perfumes,عطر-خمرة-قهوة-100-مل-ard-3709,عطر خمرة قهوة من لطافة بحجم 100 مل للجنسين، برائحة غورماند قهوة وتوابل وفانيليا دافئة وثابتة.,0,false,false,private,N/A_BASELINE_EXACT,EXECUTED,YES,YES
ARD-3710,unaffected,https://ztplxqlthuqkuktbznbo.supabase.co/storage/v1/object/public/products/ac7c356b-bcdf-4700-b31f-c6d2c5b53ca7/ARD-3710.webp,عطر عجايب دبي بورتريت ابيض 100 مل,Lattafa,100 مل,perfumes,عطر-عجايب-دبي-بورتريت-ابيض-100-مل-ard-3710,عطر عجايب دبي من لطافة بحجم 100 مل، بطابع كهرماني حلو للجنسين.,0,false,false,private,N/A_BASELINE_EXACT,EXECUTED,YES,YES
ARD-3711,affected,https://ztplxqlthuqkuktbznbo.supabase.co/storage/v1/object/public/products/ac7c356b-bcdf-4700-b31f-c6d2c5b53ca7/ARD-3711.webp,عطر قائد الفرسان انلمتد ابيض 90 مل,Lattafa,90 مل,perfumes,عطر-قائد-الفرسان-انلمتد-ابيض-90-مل-ard-3711,عطر قائد الفرسان انلمتد ابيض 90 مل من Lattafa بحجم 90 مل، للجنسين بطابع عطري عربي واضح مناسب لليومي والمناسبات الخاصة.,0,false,false,private,YES,EXECUTED,YES,YES
ARD-3712,unaffected,https://ztplxqlthuqkuktbznbo.supabase.co/storage/v1/object/public/products/ac7c356b-bcdf-4700-b31f-c6d2c5b53ca7/ARD-3712.webp,عطر يارا توس 100 مل الاصفر,Lattafa,100 مل,perfumes,عطر-يارا-توس-100-مل-الاصفر-ard-3712,عطر يارا توس من لطافة بحجم 100 مل للنساء، بطابع فاكهي فانيليا أنثوي ضمن هوية لطافة الرسمية.,0,false,false,private,N/A_BASELINE_EXACT,EXECUTED,YES,YES
ARD-3714,affected,https://ztplxqlthuqkuktbznbo.supabase.co/storage/v1/object/public/products/ac7c356b-bcdf-4700-b31f-c6d2c5b53ca7/ARD-3714.webp,عطر ليام 100 مل,Lattafa,100 مل,perfumes,عطر-ليام-100-مل-ard-3714,عطر ليام 100 مل من Lattafa بحجم 100 مل، للجنسين بطابع عطري عربي واضح مناسب لليومي والمناسبات الخاصة.,0,false,false,private,YES,EXECUTED,YES,YES
ARD-3723,unaffected,https://ztplxqlthuqkuktbznbo.supabase.co/storage/v1/object/public/products/products/5328a361-502c-49c7-8878-194e07feacaa.webp,عطر ناو ومن 100 مل,RAVE,100 مل,perfumes,عطر-ناو-ومن-100-مل-ard-3723,عطر نسائي بحجم 100 مل من RAVE، بطابع فاكهي حلو يبدأ بالفواكه الحمراء والبرتقال وينتهي بالفانيليا والمسك والطحلب.,0,false,false,private,N/A_BASELINE_EXACT,EXECUTED,YES,YES
ARD-3897,unaffected,https://ztplxqlthuqkuktbznbo.supabase.co/storage/v1/object/public/products/ac7c356b-bcdf-4700-b31f-c6d2c5b53ca7/ARD-3897.webp,عطر بديع العود سبليم الاحمر,Lattafa,100 مل,perfumes,عطر-بديع-العود-سبليم-الاحمر-ard-3897,عطر بديع العود سبلايم من لطافة بحجم 100 مل، بطابع عودي فاخر.,0,false,false,private,N/A_BASELINE_EXACT,EXECUTED,YES,YES
ARD-4138,unaffected,https://ztplxqlthuqkuktbznbo.supabase.co/storage/v1/object/public/products/ac7c356b-bcdf-4700-b31f-c6d2c5b53ca7/ARD-4138.webp,عطر اكلاير 100 مل,Lattafa,100 مل,perfumes,عطر-اكلاير-100-مل-ard-4138,عطر إكلير من لطافة للنساء بحجم 100 مل، بتركيبة فانيليا غورماند حلوة بطابع أنثوي جذاب.,0,false,false,private,N/A_BASELINE_EXACT,EXECUTED,YES,YES
ARD-4214,affected,https://ztplxqlthuqkuktbznbo.supabase.co/storage/v1/object/public/products/ac7c356b-bcdf-4700-b31f-c6d2c5b53ca7/ARD-4214.webp,عطر عفيف 100 مل,Lattafa,100 مل,perfumes,عطر-عفيف-100-مل-ard-4214,عطر عفيف 100 مل من Lattafa بحجم 100 مل، للجنسين بطابع عطري عربي واضح مناسب لليومي والمناسبات الخاصة ويتميز بطابع Afeef ضمن تشكيلة موثّقة.,0,false,false,private,YES,EXECUTED,YES,YES
ARD-4215,unaffected,https://ztplxqlthuqkuktbznbo.supabase.co/storage/v1/object/public/products/ac7c356b-bcdf-4700-b31f-c6d2c5b53ca7/ARD-4215.webp,عطر فخر لطافة اكستراكت 100 مل,Lattafa,100 مل,perfumes,عطر-فخر-لطافة-اكستراكت-100-مل-ard-4215,عطر فخر لطافة إكسترايت من لطافة بحجم 100 مل، بطابع دخاني كهرماني ضمن خط فخر الرسمي.,0,false,false,private,N/A_BASELINE_EXACT,EXECUTED,YES,YES
ARD-4246,unaffected,https://ztplxqlthuqkuktbznbo.supabase.co/storage/v1/object/public/products/ac7c356b-bcdf-4700-b31f-c6d2c5b53ca7/ARD-4246.webp,عطر بديع العود نوبل بلش 100 مل,Lattafa,100 مل,perfumes,عطر-بديع-العود-نوبل-بلش-100-مل-ard-4246,عطر بديع العود نوبل بلش من لطافة بحجم 100 مل، بطابع عودي زهري أنيق.,0,false,false,private,N/A_BASELINE_EXACT,EXECUTED,YES,YES
ARD-4255,affected,https://ztplxqlthuqkuktbznbo.supabase.co/storage/v1/object/public/products/ac7c356b-bcdf-4700-b31f-c6d2c5b53ca7/ARD-4255.webp,عطر حياتي فلورنس 100 مل,Lattafa,100 مل,perfumes,عطر-حياتي-فلورنس-100-مل-ard-4255,عطر حياتي فلورنس 100 مل من Lattafa بحجم 100 مل، للجنسين بطابع عطري عربي واضح مناسب لليومي والمناسبات الخاصة.,0,false,false,private,YES,EXECUTED,YES,YES
ARD-4256,affected,https://ztplxqlthuqkuktbznbo.supabase.co/storage/v1/object/public/products/ac7c356b-bcdf-4700-b31f-c6d2c5b53ca7/ARD-4256.webp,عطر انا الابيض كورال 60 مل,Lattafa,60 مل,perfumes,عطر-انا-الابيض-كورال-60-مل-ard-4256,عطر انا الابيض كورال 60 مل من Lattafa بحجم 60 مل، للجنسين بطابع عطري عربي واضح مناسب لليومي والمناسبات الخاصة.,0,false,false,private,YES,EXECUTED,YES,YES
ARD-4273,unaffected,https://ztplxqlthuqkuktbznbo.supabase.co/storage/v1/object/public/products/ac7c356b-bcdf-4700-b31f-c6d2c5b53ca7/ARD-4273.webp,عطر انغام 100 مل,Lattafa,100 مل,perfumes,عطر-انغام-100-مل-ard-4273,عطر أنغام من لطافة بحجم 100 مل، برائحة دافئة أنيقة تناسب الاستخدام اليومي والمساء بهوية لطافة الرسمية.,0,false,false,private,N/A_BASELINE_EXACT,EXECUTED,YES,YES
ARD-4286,affected,https://ztplxqlthuqkuktbznbo.supabase.co/storage/v1/object/public/products/ac7c356b-bcdf-4700-b31f-c6d2c5b53ca7/ARD-4286.webp,عطر مشربية 100 مل,Lattafa,100 مل,perfumes,عطر-مشربية-100-مل-ard-4286,عطر مشربية 100 مل من Lattafa بحجم 100 مل، للجنسين بطابع عطري عربي واضح مناسب لليومي والمناسبات الخاصة ويتميز بطابع Mashrabya ضمن تشكيلة موثّقة.,0,false,false,private,YES,EXECUTED,YES,YES
ARD-4300,hold,https://ztplxqlthuqkuktbznbo.supabase.co/storage/v1/object/public/products/ac7c356b-bcdf-4700-b31f-c6d2c5b53ca7/ARD-4300.webp,معطر جو بديع العود ابيض 300 مل,Lattafa,300 مل,home-linen-air,معطر-جو-بديع-العود-ابيض-300-مل-ard-4300,معطر جو Badee Al Oud White من لطافة بحجم 300 مل، لتعطير المنزل والمفارش برائحة خط العطر الأصلي بتركيز منزلي عملي.,0,false,false,private,N/A_BASELINE_EXACT,EXECUTED,YES,YES
ARD-4336,affected,https://ztplxqlthuqkuktbznbo.supabase.co/storage/v1/object/public/products/ac7c356b-bcdf-4700-b31f-c6d2c5b53ca7/ARD-4336.webp,عطر خمرة دخان 100 مل,Lattafa,100 مل,perfumes,عطر-خمرة-دخان-100-مل-ard-4336,عطر خمرة دخان 100 مل من Lattafa بحجم 100 مل، للجنسين بطابع عطري عربي واضح مناسب لليومي والمناسبات الخاصة.,0,false,false,private,YES,EXECUTED,YES,YES
ARD-4564,affected,https://ztplxqlthuqkuktbznbo.supabase.co/storage/v1/object/public/products/ac7c356b-bcdf-4700-b31f-c6d2c5b53ca7/ARD-4564.webp,معطر جو ماهر 300 مل,Lattafa,300 مل,home-linen-air,معطر-جو-ماهر-300-مل-ard-4564,معطر جو Maahir من لطافة بحجم 300 مل، لتعطير المنزل والمفارش برائحة خط العطر الأصلي بتركيز منزلي عملي.,0,false,false,private,YES,EXECUTED,YES,YES
ARD-4637,affected,https://ztplxqlthuqkuktbznbo.supabase.co/storage/v1/object/public/products/ac7c356b-bcdf-4700-b31f-c6d2c5b53ca7/ARD-4637.webp,عطر اسد بوربون,Lattafa,100 مل,perfumes,عطر-اسد-بوربون-ard-4637,عطر اسد بوربون من Lattafa بحجم 100 مل، مخصص للرجال بطابع عطري عربي واضح مناسب لليومي والمناسبات الخاصة.,0,false,false,private,YES,EXECUTED,YES,YES
ARD-4660,affected,https://ztplxqlthuqkuktbznbo.supabase.co/storage/v1/object/public/products/ac7c356b-bcdf-4700-b31f-c6d2c5b53ca7/ARD-4660.webp,عطر ليان 75 مل,Lattafa,75 مل,perfumes,عطر-ليان-75-مل-ard-4660,عطر ليان 75 مل من Lattafa بحجم 75 مل، للجنسين بطابع عطري عربي واضح مناسب لليومي والمناسبات الخاصة.,0,false,false,private,YES,EXECUTED,YES,YES
ARD-4664,unaffected,https://ztplxqlthuqkuktbznbo.supabase.co/storage/v1/object/public/products/ac7c356b-bcdf-4700-b31f-c6d2c5b53ca7/ARD-4664.webp,عطر نبراس الكسير 100 مل / لطافة برايد,Lattafa Pride,100 مل,perfumes,عطر-نبراس-الكسير-100-مل-لطافة-برايد-ard-4664,عطر نبراس إكسير من لطافة برايد بحجم 100 مل، بطابع أنثوي غني.,0,false,false,private,N/A_BASELINE_EXACT,EXECUTED,YES,YES
ARD-4680,affected,https://ztplxqlthuqkuktbznbo.supabase.co/storage/v1/object/public/products/ac7c356b-bcdf-4700-b31f-c6d2c5b53ca7/ARD-4680.webp,عطر شهد كبير 150 مل,Lattafa,150 مل,perfumes,عطر-شهد-كبير-150-مل-ard-4680,عطر شهد كبير 150 مل من Lattafa بحجم 150 مل، مخصص للنساء بطابع عطري عربي واضح مناسب لليومي والمناسبات الخاصة.,0,false,false,private,YES,EXECUTED,YES,YES
ARD-4685,affected,https://ztplxqlthuqkuktbznbo.supabase.co/storage/v1/object/public/products/ac7c356b-bcdf-4700-b31f-c6d2c5b53ca7/ARD-4685.webp,عطر اسد الكسير 100 مل,Lattafa,100 مل,perfumes,عطر-اسد-الكسير-100-مل-ard-4685,عطر اسد الكسير 100 مل من Lattafa بحجم 100 مل، مخصص للرجال بطابع عطري عربي واضح مناسب لليومي والمناسبات الخاصة ويتميز بطابع Asad ضمن تشكيلة موثّقة.,0,false,false,private,YES,EXECUTED,YES,YES
ARD-4686,affected,https://ztplxqlthuqkuktbznbo.supabase.co/storage/v1/object/public/products/ac7c356b-bcdf-4700-b31f-c6d2c5b53ca7/ARD-4686.webp,عطر يارا الكسير 100 مل,Lattafa,100 مل,perfumes,عطر-يارا-الكسير-100-مل-ard-4686,عطر يارا الكسير 100 مل من Lattafa بحجم 100 مل، مخصص للنساء بطابع عطري عربي واضح مناسب لليومي والمناسبات الخاصة.,0,false,false,private,YES,EXECUTED,YES,YES
ARD-4750,hold,https://ztplxqlthuqkuktbznbo.supabase.co/storage/v1/object/public/products/ac7c356b-bcdf-4700-b31f-c6d2c5b53ca7/ARD-4750.webp,معطر جو اكلاير 300 مل,Lattafa,300 مل,home-linen-air,معطر-جو-اكلاير-300-مل-ard-4750,معطر جو Eclaire من لطافة بحجم 300 مل، لتعطير المنزل والمفارش برائحة خط العطر الأصلي بتركيز منزلي عملي ويتميز بطابع Eclaire ضمن تشكيلة موثّقة.,0,false,false,private,N/A_BASELINE_EXACT,EXECUTED,YES,YES
ARD-4751,hold,https://ztplxqlthuqkuktbznbo.supabase.co/storage/v1/object/public/products/ac7c356b-bcdf-4700-b31f-c6d2c5b53ca7/ARD-4751.webp,معطر جو مسمم ابيض 300 مل,Lattafa,300 مل,home-linen-air,معطر-جو-مسمم-ابيض-300-مل-ard-4751,معطر جو Musamam White من لطافة بحجم 300 مل، لتعطير المنزل والمفارش برائحة خط العطر الأصلي بتركيز منزلي عملي ويتميز بطابع Musamam ضمن تشكيلة موثّقة ويتميز بطابع Musamam ضمن تشكيلة موثّقة ويتميز بطابع Musamam ضمن تشكيلة موثّقة ويتميز بطابع Musamam ضمن تشكيلة موثّقة.,0,false,false,private,N/A_BASELINE_EXACT,EXECUTED,YES,YES
ARD-4752,affected,https://ztplxqlthuqkuktbznbo.supabase.co/storage/v1/object/public/products/ac7c356b-bcdf-4700-b31f-c6d2c5b53ca7/ARD-4752.webp,معطر جو بديع العود نوبل بلوش 300 مل,Lattafa,300 مل,home-linen-air,معطر-جو-بديع-العود-نوبل-بلوش-300-مل-ard-4752,معطر جو Noble Blush من لطافة بحجم 300 مل، لتعطير المنزل والمفارش برائحة خط العطر الأصلي بتركيز منزلي عملي ويتميز بطابع Badee ضمن تشكيلة موثّقة ويتميز بطابع Badee ضمن تشكيلة موثّقة.,0,false,false,private,YES,EXECUTED,YES,YES
ARD-4770,unaffected,https://ztplxqlthuqkuktbznbo.supabase.co/storage/v1/object/public/products/ac7c356b-bcdf-4700-b31f-c6d2c5b53ca7/ARD-4770.webp,عطر انا الابيض سكارليت 100 مل,Lattafa,100 مل,perfumes,عطر-انا-الابيض-سكارليت-100-مل-ard-4770,عطر أنا الأبيض سكارليت من لطافة بحجم 100 مل، بطابع أنثوي ضمن خط أنا الأبيض.,0,false,false,private,N/A_BASELINE_EXACT,EXECUTED,YES,YES
ARD-4792,affected,https://ztplxqlthuqkuktbznbo.supabase.co/storage/v1/object/public/products/ac7c356b-bcdf-4700-b31f-c6d2c5b53ca7/ARD-4792.webp,عطر مسمم اسود انتنس,Lattafa,100 مل,perfumes,عطر-مسمم-اسود-انتنس-ard-4792,عطر مسمم إنتنس من لطافة بحجم 100 مل، بطابع قوي ثابت.,0,false,false,private,YES,EXECUTED,YES,YES
ARD-4807,hold,https://ztplxqlthuqkuktbznbo.supabase.co/storage/v1/object/public/products/ac7c356b-bcdf-4700-b31f-c6d2c5b53ca7/ARD-4807.webp,معطر جو نبراس 300 مل / لطافة برايد,Lattafa,300 مل,home-linen-air,معطر-جو-نبراس-300-مل-لطافة-برايد-ard-4807,معطر جو نبراس من لطافة برايد بحجم 300 مل، لتعطير المنزل برائحة نبراس الغورماند الدافئة الأنيقة.,0,false,false,private,N/A_BASELINE_EXACT,EXECUTED,YES,YES
ARD-5036,affected,https://ztplxqlthuqkuktbznbo.supabase.co/storage/v1/object/public/products/ac7c356b-bcdf-4700-b31f-c6d2c5b53ca7/ARD-5036.webp,عطر ماهر هونور 100 مل,Lattafa,100 مل,perfumes,عطر-ماهر-هونور-100-مل-ard-5036,عطر ماهر هونور 100 مل من Lattafa بحجم 100 مل، للجنسين بطابع عطري عربي واضح مناسب لليومي والمناسبات الخاصة.,0,false,false,private,YES,EXECUTED,YES,YES
ARD-5058,affected,https://ztplxqlthuqkuktbznbo.supabase.co/storage/v1/object/public/products/ac7c356b-bcdf-4700-b31f-c6d2c5b53ca7/ARD-5058.webp,عطر خمرة واحة 100 مل,Lattafa,100 مل,perfumes,عطر-خمرة-واحة-100-مل-ard-5058,عطر خمرة واحة 100 مل من Lattafa بحجم 100 مل، للجنسين بطابع عطري عربي واضح مناسب لليومي والمناسبات الخاصة ويتميز بطابع Khamrah ضمن تشكيلة موثّقة.,0,false,false,private,YES,EXECUTED,YES,YES
