merchant_sku,product_id,merchant_id,name,slug,brand,sizes,price,category_slug,image_url,short_description,description,stock,is_active,is_published,visibility_status,discount_price,cohort,short_char_count,description_present
ARD-1015,757682dd-475a-461b-bd50-326219e5dbad,ac7c356b-bcdf-4700-b31f-c6d2c5b53ca7,عطر فلفت عود,عطر-فلفت-عود-ard-1015,Lattafa,100 مل,23000,perfumes,https://ztplxqlthuqkuktbznbo.supabase.co/storage/v1/object/public/products/products/8e6cb0f4-9409-45fb-a218-dbcf0e176c8a.webp,عطر شرقي خشبي للجنسين بحجم 100 مل من لطافة، يجمع لمسات التوابل والجلد والعود والعنبر في طابع دافئ ومتوازن.,يفتتح فيلفيت عود بالهيل والبرغموت، ثم ينتقل إلى قلب من أوراق البنفسج والباتشولي. وتستقر تركيبته على الجلد والعود والعنبر والمسك وطحلب البلوط، لتقدم رائحة شرقية خشبية لمن يفضلون الطابع الدافئ.,0,false,false,private,,golden10,106,true
ARD-1042,5f8acc35-0fd9-43bc-ae4b-e184cd3f2b39,ac7c356b-bcdf-4700-b31f-c6d2c5b53ca7,عطر ليل ملكي,عطر-ليل-ملكي-ard-1042,Lattafa,100 مل,15000,perfumes,https://ztplxqlthuqkuktbznbo.supabase.co/storage/v1/object/public/products/products/831383ab-171b-4d13-8a74-15f814ed4811.webp,عطر كهرماني للجنسين بحجم 100 مل من لطافة، بطابع فاكهي متبّل وزهري يستقر على قاعدة دافئة من خشب الصندل والعنبر.,تبدأ تركيبة ليل ملكي بالأناناس والألدهيدات والقرفة، ثم تنتقل إلى قلب زهري من الورد والياسمين، وتستقر على قاعدة من خشب الصندل والعنبر. توليفة تجمع الانتعاش الفاكهي والدفء المتبّل في عطر واحد.,0,false,false,private,,golden10,110,true
ARD-1065,61ed019c-8bca-496d-b65a-ddc182d1192b,ac7c356b-bcdf-4700-b31f-c6d2c5b53ca7,عود مود الكسير,عود-مود-الكسير-ard-1065,Lattafa,100 مل,19000,perfumes,https://ztplxqlthuqkuktbznbo.supabase.co/storage/v1/object/public/products/products/28d0628b-261a-4bf4-9213-bb66b44b62fd.webp,عطر شرقي بحجم 100 مل من لطافة، يبرز فيه العود والزعفران والتوابل مع قاعدة دافئة من الفانيليا والعنبر.,يفتتح عود مود إليكسير بجوزة الطيب والقرفة والزعفران، ثم يظهر في القلب خشب الصندل والعود والجلد. وتكتمل التركيبة بقاعدة دافئة من الفانيليا والعنبر، بطابع شرقي خشبي ومتبل.,0,false,false,private,,golden10,101,true
ARD-1172,e0f66058-d532-4b41-a14b-6ba88bdf9d37,ac7c356b-bcdf-4700-b31f-c6d2c5b53ca7,عطر فخر لطافة رجالي,عطر-فخر-لطافة-رجالي-ard-1172,Lattafa,100 مل,24000,perfumes,https://ztplxqlthuqkuktbznbo.supabase.co/storage/v1/object/public/products/products/8ffe2ecd-1f1d-4744-af08-f7c84b84dfb1.webp,عطر رجالي بحجم 100 مل من لطافة، بطابع منعش وخشبي يبدأ بالبرغموت واللمسات البحرية ويتدرج إلى البنفسج والعنبر والباتشولي.,يفتتح فخر لطافة الرجالي بالبرغموت والسوسن واللمسات البحرية، ثم ينتقل إلى قلب من البنفسج والعنبر. وتستقر تركيبته على طحلب البلوط والباتشولي، لتقدم طابعاً رجولياً منعشاً وخشبياً.,0,false,false,private,,golden10,119,true
ARD-1173,dc7e7453-661b-4058-8eb9-9dfcf6c3e8c4,ac7c356b-bcdf-4700-b31f-c6d2c5b53ca7,عطر فخر لطافة نسائي,عطر-فخر-لطافة-نسائي-ard-1173,Lattafa,100 مل,24000,perfumes,https://ztplxqlthuqkuktbznbo.supabase.co/storage/v1/object/public/products/products/e41e9ee8-948b-46ba-92c2-97c1626337d2.webp,عطر نسائي بحجم 100 مل من لطافة، بتركيبة زهرية بيضاء تبدأ بزهر البرتقال وتجمع مسك الروم والياسمين على قاعدة من نجيل الهند والباتشولي.,تبدأ تركيبة فخر لطافة النسائي بزهر البرتقال، ثم تتفتح في القلب نفحات مسك الروم والياسمين. وتستقر على قاعدة من نجيل الهند والباتشولي، بطابع زهري أنثوي واضح.,0,false,false,private,,golden10,132,true
ARD-1191,8d07851c-392a-404c-b9eb-91a6004dc16d,ac7c356b-bcdf-4700-b31f-c6d2c5b53ca7,عطر عود مود ذهبي,عطر-عود-مود-ذهبي-ard-1191,Lattafa,100 مل,19000,perfumes,https://ztplxqlthuqkuktbznbo.supabase.co/storage/v1/object/public/products/products/820ac999-dddf-4921-9b8b-6bbe6de17489.webp,,,0,false,false,private,,golden10,0,false
ARD-1318,19083415-2b0d-4367-bbd6-f793baccbc8c,ac7c356b-bcdf-4700-b31f-c6d2c5b53ca7,30 مل الشموخ,30-مل-الشموخ-ard-1318,Lattafa,30 مل,7000,mini-travel-perfume,https://ztplxqlthuqkuktbznbo.supabase.co/storage/v1/object/public/products/ac7c356b-bcdf-4700-b31f-c6d2c5b53ca7/ARD-1318.webp,عطر الشموخ من لطافة بحجم 30 مل ضمن مجموعة ثمين، برائحة شرقية حارة وخشبية دافئة، مثالي للسفر والاستخدام اليومي بحجم ميني عملي.,"عائلة عطرية: Sweet Spicy / Oriental | المقدمة: Spicy floral | القلب: Spicy | القاعدة: Balsamic vanilla, amber, woody",0,false,false,private,,batch100,125,true
ARD-1319,ea508cf2-b502-4e2e-aa62-f8f6815f29c1,ac7c356b-bcdf-4700-b31f-c6d2c5b53ca7,30 مل ثراء,30-مل-ثراء-ard-1319,Lattafa,30 مل,7000,mini-travel-perfume,https://ztplxqlthuqkuktbznbo.supabase.co/storage/v1/object/public/products/ac7c356b-bcdf-4700-b31f-c6d2c5b53ca7/ARD-1319.webp,عطر ثراء من لطافة بحجم 30 مل من مجموعة ثمين، بتركيبة زهرية دافئة مع لمسات خشبية، حجم ميني مناسب للسفر والاستخدام اليومي.,"عائلة عطرية: Floral Woody | المقدمة: Allspice, purple freesia | القلب: Heliotrope, jasmine, hibiscus, Bulgarian rose | القاعدة: Himalayan cedar, warm skin accord, sandalwood, incense",0,false,false,private,,batch100,120,true
ARD-1320,f550ffae-8e84-4cd6-af3d-726db00d0c05,ac7c356b-bcdf-4700-b31f-c6d2c5b53ca7,30 مل معالي,30-مل-معالي-ard-1320,Lattafa,30 مل,7000,mini-travel-perfume,https://ztplxqlthuqkuktbznbo.supabase.co/storage/v1/object/public/products/ac7c356b-bcdf-4700-b31f-c6d2c5b53ca7/ARD-1320.webp,عطر معالي من لطافة بحجم 30 مل ضمن مجموعة ثمين، بافتتاحية حمضية وقلب زهري ناعم، حجم ميني عملي للسفر والاستخدام اليومي.,"عائلة عطرية: Citrus Floral | المقدمة: Fresh citrus | القلب: Magnolia, honeysuckle, raspberry | القاعدة: Cashmere wood, amber, musk",0,false,false,private,,batch100,117,true
ARD-1369,44b6769e-1fa7-4eff-aee0-6aaeaa359f09,ac7c356b-bcdf-4700-b31f-c6d2c5b53ca7,عطر الدر المكنون سلفر,عطر-الدر-المكنون-سلفر-ard-1369,Lattafa,100 مل,12000,perfumes,https://ztplxqlthuqkuktbznbo.supabase.co/storage/v1/object/public/products/ac7c356b-bcdf-4700-b31f-c6d2c5b53ca7/ARD-1369.webp,عطر عطر الدر المكنون سلفر من Lattafa بحجم 100 مل، للجنسين بطابع عطري عربي واضح مناسب لليومي والمناسبات الخاصة.,,0,false,false,private,,batch100,110,false
ARD-1430,1995f2cc-21d1-4e46-8dbc-89505313c316,ac7c356b-bcdf-4700-b31f-c6d2c5b53ca7,عطر امير العود / انتنس عود,عطر-امير-العود-انتنس-عود-ard-1430,Lattafa,100 مل,18000,perfumes,https://ztplxqlthuqkuktbznbo.supabase.co/storage/v1/object/public/products/ac7c356b-bcdf-4700-b31f-c6d2c5b53ca7/ARD-1430.webp,عطر أمير العود إنتنس عود من لطافة بحجم 100 مل، بطابع عودي دخاني ثابت.,,0,false,false,private,,batch100,69,false
ARD-1480,df4a2fc0-53bc-45b0-8c5e-032a523c4ada,ac7c356b-bcdf-4700-b31f-c6d2c5b53ca7,عطر عود ليل ملكي,عطر-عود-ليل-ملكي-ard-1480,Lattafa,100 مل,15000,perfumes,https://ztplxqlthuqkuktbznbo.supabase.co/storage/v1/object/public/products/ac7c356b-bcdf-4700-b31f-c6d2c5b53ca7/ARD-1480.webp,عطر عطر عود ليل ملكي من Lattafa بحجم 100 مل، للجنسين بطابع عطري عربي واضح مناسب لليومي والمناسبات الخاصة.,,0,false,false,private,,batch100,105,false
ARD-1826,40e2deb6-4bb6-4a04-b549-00acb617c8f5,ac7c356b-bcdf-4700-b31f-c6d2c5b53ca7,عطر ناو اسود,عطر-ناو-اسود-ard-1826,RAVE,100 مل,20000,perfumes,https://ztplxqlthuqkuktbznbo.supabase.co/storage/v1/object/public/products/products/05a87475-ba64-48d5-a5a9-5252552b7563.webp,عطر رجالي بحجم 100 مل من RAVE، يبدأ بالفواكه والبرغموت ويتدرج إلى قلب زهري خشبي وقاعدة من المسك والفانيليا وطحلب البلوط.,يفتتح Rave Now بالأناناس والكشمش الأسود والبرغموت والتفاح، ثم ينتقل إلى قلب من الورد وخشب البتولا والياسمين المغربي والباتشولي. وتستقر تركيبته على المسك والفانيليا وطحلب البلوط والعنبر الرمادي.,0,false,false,private,,golden10,120,true
ARD-1858,0efda44b-94f2-4352-8de8-ccbfa8c4e224,ac7c356b-bcdf-4700-b31f-c6d2c5b53ca7,عطر يارا,عطر-يارا-ard-1858,Lattafa,100 مل,30000,perfumes,https://ztplxqlthuqkuktbznbo.supabase.co/storage/v1/object/public/products/ac7c356b-bcdf-4700-b31f-c6d2c5b53ca7/ARD-1858.webp,عطر يارا من لطافة بحجم 100 مل للنساء، برائحة فاكهية فانيليا أنثوية شهيرة بثبات عالٍ واستخدام يومي.,"عائلة عطرية: Amber Vanilla | المقدمة: Tangerine, heliotrope, orchid | القلب: Tropical notes, gourmand | القاعدة: Vanilla, sandalwood, musk",0,false,false,private,,batch100,98,true
ARD-2126,df231857-3081-4c6a-85e6-18b25b66d9e3,ac7c356b-bcdf-4700-b31f-c6d2c5b53ca7,عطر بديع العود اميثست,عطر-بديع-العود-اميثست-ard-2126,Lattafa,100 مل,35000,perfumes,https://ztplxqlthuqkuktbznbo.supabase.co/storage/v1/object/public/products/ac7c356b-bcdf-4700-b31f-c6d2c5b53ca7/ARD-2126.webp,عطر بديع العود أميثست من لطافة بحجم 100 مل، برائحة خط بديع العود الرسمية.,,0,false,false,private,,batch100,73,false
ARD-2423,fcba2e4c-9a35-40cb-a4c3-20820c8a6520,ac7c356b-bcdf-4700-b31f-c6d2c5b53ca7,عطر قائد الشباب 100 مل,عطر-قائد-الشباب-100-مل-ard-2423,Lattafa,100 مل,18000,perfumes,https://ztplxqlthuqkuktbznbo.supabase.co/storage/v1/object/public/products/ac7c356b-bcdf-4700-b31f-c6d2c5b53ca7/ARD-2423.webp,عطر قائد الشباب من لطافة بحجم 100 مل للرجال، برائحة كهرمانية جلدية خشبية مع لمسة عود دافئة وثابتة.,"عائلة عطرية: Amber / Leather Woody | المقدمة: Osmanthus, ylang-ylang | القلب: Leather, cedar | القاعدة: Oud, light amber",0,false,false,private,,batch100,98,true
ARD-2436,045101a0-93fd-41b8-8f8c-f812f5557bec,ac7c356b-bcdf-4700-b31f-c6d2c5b53ca7,عطر سقراط,عطر-سقراط-ard-2436,Lattafa,100 مل,18000,perfumes,https://ztplxqlthuqkuktbznbo.supabase.co/storage/v1/object/public/products/ac7c356b-bcdf-4700-b31f-c6d2c5b53ca7/ARD-2436.webp,عطر عطر سقراط من Lattafa بحجم 100 مل، مخصص للرجال بطابع عطري عربي واضح مناسب لليومي والمناسبات الخاصة.,,0,false,false,private,,batch100,102,false
ARD-2437,96597b43-c10c-40f4-8395-c8202ef174a7,ac7c356b-bcdf-4700-b31f-c6d2c5b53ca7,عطر حياتي الملكي 100 مل,عطر-حياتي-الملكي-100-مل-ard-2437,Lattafa,100 مل,15000,perfumes,https://ztplxqlthuqkuktbznbo.supabase.co/storage/v1/object/public/products/ac7c356b-bcdf-4700-b31f-c6d2c5b53ca7/ARD-2437.webp,عطر حياتي الملكي من لطافة بحجم 100 مل، بافتتاحية حمضية وقلب من الخوخ والزعفران والجلد، وقاعدة فانيليا ومسك عنبري.,"عائلة عطرية: Amber | المقدمة: Grapefruit, bergamot, cassis | القلب: Peach, saffron, leather | القاعدة: Vetiver, vanilla, amber musk",0,false,false,private,,batch100,113,true
ARD-2471,5a44f177-a1ed-4d91-85b7-b69a4852dfb9,ac7c356b-bcdf-4700-b31f-c6d2c5b53ca7,عطر عودين 100 مل,عطر-عودين-100-مل-ard-2471,Lattafa,100 مل,16000,perfumes,https://ztplxqlthuqkuktbznbo.supabase.co/storage/v1/object/public/products/ac7c356b-bcdf-4700-b31f-c6d2c5b53ca7/ARD-2471.webp,عطر عودين من لطافة بحجم 100 مل، بمزيج مشرق من البرتقال والزعفران مع كراميل وعنبر وفانيليا دافئة.,"عائلة عطرية: Sweet Oriental Woody | المقدمة: Orange, saffron | القلب: Caramel, dry amber | القاعدة: Tonka, vanilla",0,false,false,private,,batch100,96,true
ARD-2493,07b9cf6e-a45d-4528-8567-72bd87612588,ac7c356b-bcdf-4700-b31f-c6d2c5b53ca7,عطر سمبلي عود 100 مل,عطر-سمبلي-عود-100-مل-ard-2493,Lattafa,100 مل,19000,perfumes,https://ztplxqlthuqkuktbznbo.supabase.co/storage/v1/object/public/products/ac7c356b-bcdf-4700-b31f-c6d2c5b53ca7/ARD-2493.webp,عطر سمبلي عود من لطافة بحجم 100 مل للجنسين، بتركيبة عودية دافئة مع لمسات زهرية وحارة ولمسة عنبرية ناعمة.,"عائلة عطرية: Woody Oud | المقدمة: Cardamom, pepper | القلب: Jasmine, praline, raspberry, rose | القاعدة: Oud, amber, moss, musk",0,false,false,private,,batch100,104,true
ARD-2494,8803b56e-51ad-49b9-86af-13fb8b98ad2f,ac7c356b-bcdf-4700-b31f-c6d2c5b53ca7,عطر سطور 100 مل,عطر-سطور-100-مل-ard-2494,Lattafa,100 مل,20000,perfumes,https://ztplxqlthuqkuktbznbo.supabase.co/storage/v1/object/public/products/ac7c356b-bcdf-4700-b31f-c6d2c5b53ca7/ARD-2494.webp,عطر سطور من لطافة بحجم 100 مل، برائحة فاكهية شرقية غنية مع لمسات دافئة من الفانيليا والأخشاب الناعمة.,"عائلة عطرية: Fruity Oriental | المقدمة: Peach, blood orange, cardamom | القلب: Brandy, rum, jasmine, davana | القاعدة: Amber, vanilla, cashmere wood, sandalwood, styrax, vetiver, patchouli, tonka, cistus",0,false,false,private,,batch100,101,true
ARD-2511,50e81234-f7ae-41d3-9e47-63afc2e64e54,ac7c356b-bcdf-4700-b31f-c6d2c5b53ca7,عطر انا الابيض بودري,عطر-انا-الابيض-بودري-ard-2511,Lattafa,100 مل,18000,perfumes,https://ztplxqlthuqkuktbznbo.supabase.co/storage/v1/object/public/products/ac7c356b-bcdf-4700-b31f-c6d2c5b53ca7/ARD-2511.webp,عطر أنا الأبيض بودري من لطافة، إصدار بودري ناعم للجنسين بطابع مسكي أنيق.,عائلة عطرية: powdery musky,0,false,false,private,,batch100,72,true
ARD-2512,42b8a1b0-cb71-4540-8e5b-88649153587f,ac7c356b-bcdf-4700-b31f-c6d2c5b53ca7,عطر حياتي ذهبي الكسير,عطر-حياتي-ذهبي-الكسير-ard-2512,Lattafa,100 مل,15000,perfumes,https://ztplxqlthuqkuktbznbo.supabase.co/storage/v1/object/public/products/ac7c356b-bcdf-4700-b31f-c6d2c5b53ca7/ARD-2512.webp,عطر حياتي الذهبي إكسير من لطافة بحجم 100 مل، بطابع دافئ أنيق.,,0,false,false,private,,batch100,61,false
ARD-2515,0c7b9665-d267-4daf-bd5b-cd3e09af28a5,ac7c356b-bcdf-4700-b31f-c6d2c5b53ca7,عطر انا الابيض لذر 60 مل,عطر-انا-الابيض-لذر-60-مل-ard-2515,Lattafa,60 مل,16000,perfumes,https://ztplxqlthuqkuktbznbo.supabase.co/storage/v1/object/public/products/ac7c356b-bcdf-4700-b31f-c6d2c5b53ca7/ARD-2515.webp,عطر أنا الأبيض ليذر من لطافة بحجم 60 مل، برائحة جلدية أنيقة مع لمسات حارة وزهرية وقاعدة مسك وعنبر.,"عائلة عطرية: Leather Woody | المقدمة: Juniper berries, cardamom, pink pepper, raspberry | القلب: Iris, ginger, rose | القاعدة: Leather, white musk, amber",0,false,false,private,,batch100,98,true
ARD-2583,f61f42fc-8956-46f2-a544-64f9ba0bdd30,ac7c356b-bcdf-4700-b31f-c6d2c5b53ca7,عطر نجدية تربيوت,عطر-نجدية-تربيوت-ard-2583,Lattafa,100 مل,14000,perfumes,https://ztplxqlthuqkuktbznbo.supabase.co/storage/v1/object/public/products/ac7c356b-bcdf-4700-b31f-c6d2c5b53ca7/ARD-2583.webp,عطر عطر نجدية تربيوت من Lattafa بحجم 100 مل، للجنسين بطابع عطري عربي واضح مناسب لليومي والمناسبات الخاصة.,,0,false,false,private,,batch100,105,false
ARD-2648,3430e3a1-d7c2-4ccc-af19-0ce9dbaaf30f,ac7c356b-bcdf-4700-b31f-c6d2c5b53ca7,عطر الازل 100 مل,عطر-الازل-100-مل-ard-2648,Lattafa,100 مل,14000,perfumes,https://ztplxqlthuqkuktbznbo.supabase.co/storage/v1/object/public/products/ac7c356b-bcdf-4700-b31f-c6d2c5b53ca7/ARD-2648.webp,عطر الأزل من لطافة بحجم 100 مل، بافتتاحية حمضية عشبية وقلب زهري وقاعدة فانيليا ومسك وخشب أرز دافئة.,"عائلة عطرية: Woody Oriental | المقدمة: Bergamot, lemon, rosemary | القلب: Lavender, geranium, rose | القاعدة: Vanilla, musk, cedarwood",0,false,false,private,,batch100,99,true
ARD-2745,1bd28cea-3159-40a8-a6a8-2c796e158bb3,ac7c356b-bcdf-4700-b31f-c6d2c5b53ca7,عطر مهرة 100 مل,عطر-مهرة-100-مل-ard-2745,Lattafa,100 مل,19000,perfumes,https://ztplxqlthuqkuktbznbo.supabase.co/storage/v1/object/public/products/ac7c356b-bcdf-4700-b31f-c6d2c5b53ca7/ARD-2745.webp,عطر مهرة من لطافة بحجم 100 مل للجنسين، بمزيج حار زهري مع زعفران وورد وقاعدة خشبية مسكية أنيقة.,"عائلة عطرية: Woody Spicy Floral | المقدمة: Bergamot, blood orange, lavender, saffron | القلب: Rose, black pepper, cashmeran | القاعدة: Cedar, sandalwood, patchouli, labdanum, musk",0,false,false,private,,batch100,94,true
ARD-2753,a990f968-2c45-41c7-b123-5b07ede68aa1,ac7c356b-bcdf-4700-b31f-c6d2c5b53ca7,عطر اوبلينت ريد 100 مل,عطر-اوبلينت-ريد-100-مل-ard-2753,Lattafa,100 مل,14000,perfumes,https://ztplxqlthuqkuktbznbo.supabase.co/storage/v1/object/public/products/ac7c356b-bcdf-4700-b31f-c6d2c5b53ca7/ARD-2753.webp,عطر أوبلينت ريد من لطافة بحجم 100 مل، برائحة فاكهية زهرية دافئة مع زعفران وكاشمران وقاعدة عنبر وخشب.,"عائلة عطرية: Floral Fruity / Gourmand Woody | المقدمة: Saffron, bergamot | القلب: Patchouli, cashmeran, gourmand | القاعدة: Dry amber, leatherwood, cedarwood",0,false,false,private,,batch100,100,true
ARD-2760,a733d687-ad6d-4a21-9d23-4ef4c24650ba,ac7c356b-bcdf-4700-b31f-c6d2c5b53ca7,عطر اسد 100 مل,عطر-اسد-100-مل-ard-2760,Lattafa,100 مل,30000,perfumes,https://ztplxqlthuqkuktbznbo.supabase.co/storage/v1/object/public/products/ac7c356b-bcdf-4700-b31f-c6d2c5b53ca7/ARD-2760.webp,عطر أسد من لطافة بحجم 100 مل للرجال، برائحة كهرمانية قوية مع فلفل أسود وتبغ وقهوة وقاعدة فانيليا وعنبر.,"عائلة عطرية: Amber | المقدمة: Black pepper, pineapple, tobacco | القلب: Coffee, iris, patchouli | القاعدة: Amber, vanilla, dry woods, benzoin, labdanum",0,false,false,private,,batch100,103,true
ARD-2765,7ed1c7c0-9451-4da2-8509-e8b7c79a897b,ac7c356b-bcdf-4700-b31f-c6d2c5b53ca7,عطر منى 100 مل,عطر-منى-100-مل-ard-2765,Lattafa,100 مل,14000,perfumes,https://ztplxqlthuqkuktbznbo.supabase.co/storage/v1/object/public/products/ac7c356b-bcdf-4700-b31f-c6d2c5b53ca7/ARD-2765.webp,عطر منى من لطافة بحجم 100 مل، برائحة زهرية فاكهية خفيفة مع بطيخ وورد دمشق وقاعدة مسكية خشبية ناعمة.,"عائلة عطرية: Floral Fruity | المقدمة: Watermelon, strawberry | القلب: Damascus rose, cyclamen, peony, magnolia | القاعدة: Woody notes, musk",0,false,false,private,,batch100,99,true
ARD-2773,25807a80-5272-47f6-9356-b58c4179d214,ac7c356b-bcdf-4700-b31f-c6d2c5b53ca7,عطر عود مود تذكر 100 مل,عطر-عود-مود-تذكر-100-مل-ard-2773,Lattafa,100 مل,19000,perfumes,https://ztplxqlthuqkuktbznbo.supabase.co/storage/v1/object/public/products/ac7c356b-bcdf-4700-b31f-c6d2c5b53ca7/ARD-2773.webp,عطر عود مود تذكر من لطافة بحجم 100 مل، برائحة شرقية عودية مع ورد وزعفران وقاعدة فانيليا ومسك وطحلب.,"عائلة عطرية: Oriental Woody | المقدمة: Rose, saffron, cinnamon | القلب: Patchouli, dry amber | القاعدة: Vanilla, musk, oakmoss, oud",0,false,false,private,,batch100,99,true
ARD-2793,0ad730ac-da6f-4493-a333-b816b58b308d,ac7c356b-bcdf-4700-b31f-c6d2c5b53ca7,معطر جو لطافة جديد فخر لطافة هوم,معطر-جو-لطافة-جديد-فخر-لطافة-هوم-ard-2793,Lattafa,300 مل,3000,home-linen-air,https://ztplxqlthuqkuktbznbo.supabase.co/storage/v1/object/public/products/ac7c356b-bcdf-4700-b31f-c6d2c5b53ca7/ARD-2793.webp,معطر جو فخر لطافة من لطافة، لتعطير المنزل برائحة فخر الأنيقة المنعشة بحجم منزلي عملي وثابت.,,0,false,false,private,,batch100,91,false
ARD-2797,a4fdeaaf-ef5d-4464-9d98-a2f2e2e79e16,ac7c356b-bcdf-4700-b31f-c6d2c5b53ca7,معطر جو لطافة جديد فخر لطافة نسائي,معطر-جو-لطافة-جديد-فخر-لطافة-نسائي-ard-2797,Lattafa,300 مل,3000,home-linen-air,https://ztplxqlthuqkuktbznbo.supabase.co/storage/v1/object/public/products/ac7c356b-bcdf-4700-b31f-c6d2c5b53ca7/ARD-2797.webp,معطر جو فخر لطافة نسائي من لطافة، يعطّر الأجواء برائحة زهرية أنثوية مستوحاة من عطر فخر للنساء.,"المقدمة: Orange blossom | القلب: Tuberose, jasmine | القاعدة: Vetiver, patchouli | التصنيف الرسمي: women",0,false,false,private,,batch100,94,true
ARD-2800,5893b483-9ff1-487d-a721-20f5a20efea7,ac7c356b-bcdf-4700-b31f-c6d2c5b53ca7,عطر ناو انتينس ازرق,عطر-ناو-انتينس-ازرق-ard-2800,RAVE,100 مل,20000,perfumes,https://ztplxqlthuqkuktbznbo.supabase.co/storage/v1/object/public/products/products/02d63533-5bc2-4812-9b46-16d3a546c52c.webp,عطر رجالي بحجم 100 مل من RAVE ضمن إصدار Now Intense، بعبوة زرقاء وتصميم عصري من مجموعة Now.,,0,false,false,private,,golden10,91,false
ARD-287,0210fcbf-9ca9-4279-910c-9814835511d9,ac7c356b-bcdf-4700-b31f-c6d2c5b53ca7,عطر انا الابيض,عطر-انا-الابيض-ard-287,Lattafa,100 مل,18000,perfumes,https://ztplxqlthuqkuktbznbo.supabase.co/storage/v1/object/public/products/ac7c356b-bcdf-4700-b31f-c6d2c5b53ca7/ARD-287.webp,عطر أنا الأبيض من لطافة، رائحة مسكية منعشة للجنسين بطابع نظيف وأنيق للاستخدام اليومي.,عائلة عطرية: musky fresh,0,false,false,private,,batch100,85,true
ARD-2876,7690edb5-05cc-4972-a2be-d0b98afb0aab,ac7c356b-bcdf-4700-b31f-c6d2c5b53ca7,عطر قصائد السلطان 100 مل,عطر-قصائد-السلطان-100-مل-ard-2876,Lattafa,100 مل,15000,perfumes,https://ztplxqlthuqkuktbznbo.supabase.co/storage/v1/object/public/products/ac7c356b-bcdf-4700-b31f-c6d2c5b53ca7/ARD-2876.webp,عطر قصائد السلطان من لطافة بحجم 100 مل، برائحة جلدية شرقية دافئة مع عسل وتوابل وقاعدة عود وفانيليا.,"عائلة عطرية: Leather Oriental | المقدمة: Bergamot, amber | القلب: Spices, honey, leather | القاعدة: Sandalwood, patchouli, vanilla, oud",0,false,false,private,,batch100,99,true
ARD-2879,c256c0f3-a76f-4e9f-a6e2-0c06b7cf3221,ac7c356b-bcdf-4700-b31f-c6d2c5b53ca7,عطر خمرة 100 مل,عطر-خمرة-100-مل-ard-2879,Lattafa,100 مل,40000,perfumes,https://ztplxqlthuqkuktbznbo.supabase.co/storage/v1/object/public/products/ac7c356b-bcdf-4700-b31f-c6d2c5b53ca7/ARD-2879.webp,عطر خمرة من لطافة بحجم 100 مل للجنسين، برائحة غورماند حارة مع قرفة وتمر وبراالين وقاعدة فانيليا وتونكا.,"عائلة عطرية: Aromatic Spicy Gourmand | المقدمة: Bergamot, cinnamon, nutmeg | القلب: Dates, lily of the valley, praline, tuberose | القاعدة: Roasted tonka, benzoin, myrrh, akigalawood, vanilla, amberwood",0,false,false,private,,batch100,103,true
ARD-2932,eec78115-f3cd-4e5d-8cbe-0b71f92f27f6,ac7c356b-bcdf-4700-b31f-c6d2c5b53ca7,عطر الاوصاف 100 مل,عطر-الاوصاف-100-مل-ard-2932,Lattafa,100 مل,13000,perfumes,https://ztplxqlthuqkuktbznbo.supabase.co/storage/v1/object/public/products/ac7c356b-bcdf-4700-b31f-c6d2c5b53ca7/ARD-2932.webp,عطر الأوصاف من لطافة بحجم 100 مل، برائحة خشبية راتنجية داكنة مع مر وعود وباتشولي تناسب الأمسيات والأجواء الباردة.,"عائلة عطرية: Woody Resinous Amber | المقدمة: Myrrh, tonka bean, spices, cedar | القاعدة: Patchouli, oud, cedar, musk, oakmoss",0,false,false,private,,batch100,113,true
ARD-2933,0a6fc7e8-181a-4f3b-8563-6d583ae8f243,ac7c356b-bcdf-4700-b31f-c6d2c5b53ca7,عطر تميمة 100 مل,عطر-تميمة-100-مل-ard-2933,Lattafa,100 مل,16000,perfumes,https://ztplxqlthuqkuktbznbo.supabase.co/storage/v1/object/public/products/ac7c356b-bcdf-4700-b31f-c6d2c5b53ca7/ARD-2933.webp,عطر تميمة من لطافة بحجم 100 مل للنساء، برائحة فاكهية صيفية خفيفة مع توت وكيوي وقلب زهري وقاعدة صندل ومسك.,"عائلة عطرية: Fruity Floral | المقدمة: Pink pepper, rhubarb, redcurrant, kiwi | القلب: Cyclamen, jasmine, watermelon | القاعدة: Sandalwood, musk, woody notes, cedar | التصنيف الرسمي: women",0,false,false,private,,batch100,105,true
ARD-308,6bae4a29-eefb-4033-9158-1b232a7ea144,ac7c356b-bcdf-4700-b31f-c6d2c5b53ca7,عطر اختياري,عطر-اختياري-ard-308,Lattafa,100 مل,12000,perfumes,https://ztplxqlthuqkuktbznbo.supabase.co/storage/v1/object/public/products/ac7c356b-bcdf-4700-b31f-c6d2c5b53ca7/ARD-308.webp,عطر اختياري (إختياري) من لطافة، عطر فاكهي عطري للجنسين بطابع منعش يناسب الاستخدام اليومي.,عائلة عطرية: aromatic fruity,0,false,false,private,,batch100,89,true
ARD-309,d5ecc6a9-006d-4d62-b747-7826a7181010,ac7c356b-bcdf-4700-b31f-c6d2c5b53ca7,عطر وشوشه,عطر-وشوشه-ard-309,Lattafa,100 مل,15000,perfumes,https://ztplxqlthuqkuktbznbo.supabase.co/storage/v1/object/public/products/ac7c356b-bcdf-4700-b31f-c6d2c5b53ca7/ARD-309.webp,عطر وشوشة من لطافة للنساء، بتركيبة زهرية فاكهية ناعمة تناسب الإطلالة اليومية والمناسبات.,عائلة عطرية: floral fruity,0,false,false,private,,batch100,88,true
ARD-310,ccbdb71f-388d-46e0-8a84-8ccd062c9ba5,ac7c356b-bcdf-4700-b31f-c6d2c5b53ca7,عطر رغبه رجالي,عطر-رغبه-رجالي-ard-310,Lattafa,100 مل,14000,perfumes,https://ztplxqlthuqkuktbznbo.supabase.co/storage/v1/object/public/products/ac7c356b-bcdf-4700-b31f-c6d2c5b53ca7/ARD-310.webp,عطر رغبة الرجالي من لطافة، بطابع حلو دخاني رجالي يناسب الاستخدام اليومي والمساء.,عائلة عطرية: sweet smoky,0,false,false,private,,batch100,80,true
ARD-311,147aae07-ae36-4406-acab-d8edbeded244,ac7c356b-bcdf-4700-b31f-c6d2c5b53ca7,عطر رمز لطافه فضي,عطر-رمز-لطافه-فضي-ard-311,Lattafa,100 مل,17000,perfumes,https://ztplxqlthuqkuktbznbo.supabase.co/storage/v1/object/public/products/ac7c356b-bcdf-4700-b31f-c6d2c5b53ca7/ARD-311.webp,عطر رمز لطافة الفضي من لطافة للرجال، بتركيبة منعشة حارة بطابع عصري واضح.,عائلة عطرية: fresh spicy,0,false,false,private,,batch100,72,true
ARD-3117,a246eabe-ca06-4def-9ab8-63f994fcf0b4,ac7c356b-bcdf-4700-b31f-c6d2c5b53ca7,عطر انسام سلفر,عطر-انسام-سلفر-ard-3117,Lattafa,100 مل,45000,perfumes,https://ztplxqlthuqkuktbznbo.supabase.co/storage/v1/object/public/products/ac7c356b-bcdf-4700-b31f-c6d2c5b53ca7/ARD-3117.webp,عطر عطر انسام سلفر من Lattafa بحجم 100 مل، للجنسين بطابع عطري عربي واضح مناسب لليومي والمناسبات الخاصة.,,0,false,false,private,,batch100,103,false
ARD-312,9a52adc8-3c64-419c-a638-5febf80a3276,ac7c356b-bcdf-4700-b31f-c6d2c5b53ca7,عطر اعجازي لطافة,عطر-اعجازي-لطافة-ard-312,Lattafa,90 مل,15000,perfumes,https://ztplxqlthuqkuktbznbo.supabase.co/storage/v1/object/public/products/ac7c356b-bcdf-4700-b31f-c6d2c5b53ca7/ARD-312.webp,عطر إعجازي من لطافة للرجال، بتركيبة عطرية خشبية بطابع قوي يناسب الحضور اليومي.,عائلة عطرية: woody aromatic,0,false,false,private,,batch100,78,true
ARD-3149,8f62c791-3da1-48d1-8ec0-220b6d53e562,ac7c356b-bcdf-4700-b31f-c6d2c5b53ca7,عطر يارا موي 100 مل,عطر-يارا-موي-100-مل-ard-3149,Lattafa,100 مل,30000,perfumes,https://ztplxqlthuqkuktbznbo.supabase.co/storage/v1/object/public/products/ac7c356b-bcdf-4700-b31f-c6d2c5b53ca7/ARD-3149.webp,عطر يارا موي من لطافة بحجم 100 مل للنساء، برائحة فاكهية زهرية أنثوية مع كمثرى وتيوبيروز وقاعدة فانيليا وكاشمران.,"عائلة عطرية: Floral Fruity | المقدمة: Pear, pink pepper, blackcurrant | القلب: Tuberose, jasmine, almond | القاعدة: Vanilla, cashmeran, patchouli",0,false,false,private,,batch100,112,true
ARD-3240,801dcc70-f6e5-4dbc-a9e3-066505d8dc80,ac7c356b-bcdf-4700-b31f-c6d2c5b53ca7,عطر هيا 100 مل,عطر-هيا-100-مل-ard-3240,Lattafa,100 مل,30000,perfumes,https://ztplxqlthuqkuktbznbo.supabase.co/storage/v1/object/public/products/ac7c356b-bcdf-4700-b31f-c6d2c5b53ca7/ARD-3240.webp,عطر هيا من لطافة بحجم 100 مل للنساء، برائحة فاكهية زهرية حلوة مع شمبانيا وردية وغاردينيا وقاعدة برالين وعنبر.,"عائلة عطرية: Fruity Floral Gourmand | المقدمة: Pink champagne, pink berries, orange, mandarin, pink strawberry | القلب: Gardenia, vanilla, orchid, jasmine | القاعدة: Praline, amber, sandalwood",0,false,false,private,,batch100,109,true
ARD-3242,021c053a-6dc8-4228-be82-ae118c26187b,ac7c356b-bcdf-4700-b31f-c6d2c5b53ca7,عطر سكينة 100 مل,عطر-سكينة-100-مل-ard-3242,Lattafa,100 مل,30000,perfumes,https://ztplxqlthuqkuktbznbo.supabase.co/storage/v1/object/public/products/ac7c356b-bcdf-4700-b31f-c6d2c5b53ca7/ARD-3242.webp,عطر سكينة من لطافة بحجم 100 مل للنساء، برائحة فاكهية غورماند مع باشون فروت وورد وقاعدة برالين وفانيليا.,"عائلة عطرية: Fruity Gourmand | المقدمة: Mandarin, ozonic notes, passion fruit | القلب: Orange blossom, rose, sea salt, berries | القاعدة: Musk, vanilla, praline, toffee",0,false,false,private,,batch100,103,true
ARD-3244,aa94896d-f737-4e5f-8c5b-15578d3f23b8,ac7c356b-bcdf-4700-b31f-c6d2c5b53ca7,عطر تاويل 100 مل,عطر-تاويل-100-مل-ard-3244,Lattafa,100 مل,27000,perfumes,https://ztplxqlthuqkuktbznbo.supabase.co/storage/v1/object/public/products/ac7c356b-bcdf-4700-b31f-c6d2c5b53ca7/ARD-3244.webp,عطر تأويل من لطافة بحجم 100 مل للرجال، برائحة عطرية خشبية مع برغموت وزنجبيل ولافندر وقاعدة جلدية وأمبروكسان.,"عائلة عطرية: Aromatic Woody | المقدمة: Bergamot, ginger, juniper, nutmeg | القلب: Orange blossom, lavender | القاعدة: Vetiver, patchouli, leather, ambroxan | التصنيف الرسمي: men",0,false,false,private,,batch100,108,true
ARD-3245,9f74b366-927b-4601-a15b-a402ccff081d,ac7c356b-bcdf-4700-b31f-c6d2c5b53ca7,عطر ايمان 100 مل,عطر-ايمان-100-مل-ard-3245,Lattafa,100 مل,30000,perfumes,https://ztplxqlthuqkuktbznbo.supabase.co/storage/v1/object/public/products/ac7c356b-bcdf-4700-b31f-c6d2c5b53ca7/ARD-3245.webp,عطر إيمان من لطافة بحجم 100 مل للنساء، برائحة شيبريه زهرية مع زهر البرتقال وتيوبيروز وقاعدة فانيليا ومسك أبيض.,"عائلة عطرية: Chypre Floral | المقدمة: Orange blossom, bergamot, blackcurrant | القلب: Tuberose, marigold, jasmine | القاعدة: Vanilla, white musk, cedarwood, patchouli | التصنيف الرسمي: women",0,false,false,private,,batch100,110,true
ARD-3260,6b13c3a2-f7da-4aab-bf42-678fa3d768cd,ac7c356b-bcdf-4700-b31f-c6d2c5b53ca7,عطر ماهر لاغسي 100 مل,عطر-ماهر-لاغسي-100-مل-ard-3260,Lattafa,100 مل,35000,perfumes,https://ztplxqlthuqkuktbznbo.supabase.co/storage/v1/object/public/products/ac7c356b-bcdf-4700-b31f-c6d2c5b53ca7/ARD-3260.webp,عطر ماهر ليغاسي من لطافة بحجم 100 مل للرجال، برائحة حمضية منعشة مع نعناع وأناناس وقاعدة فيتيفير وأمبروكسان.,"عائلة عطرية: Citrus Aromatic Woody | المقدمة: Lime, grapefruit, lavender, spearmint, pineapple | القلب: Juniper berry, rosemary, olibanum, geranium, black pepper | القاعدة: Vetiver, cashmeran, ambrox, oakmoss, tonka bean",0,false,false,private,,batch100,107,true
ARD-3270,f59acf15-c62f-4e8e-9844-98d11df16a16,ac7c356b-bcdf-4700-b31f-c6d2c5b53ca7,عطر اميرة العرب برايف روز 100 مل,عطر-اميرة-العرب-برايف-روز-100-مل-ard-3270,Asdaaf,100 مل,16000,perfumes,https://ztplxqlthuqkuktbznbo.supabase.co/storage/v1/object/public/products/products/c57c1c9b-c2d6-4944-a3a5-4f84af28aa28.webp,عطر نسائي زهري فاكهي بحجم 100 مل من أصداف، يجمع الفراولة والعنب والبرتقال مع باقة زهرية وقاعدة دافئة من العنبر وخشب الصندل.,تبدأ أميرة العرب برايف روز بالفراولة والعنب والبرتقال، ثم تنتقل إلى قلب زهري من الورد والمسك الأبيض والغاردينيا والياسمين والزنبق والإيلنغ. وتستقر على حبوب التونكا والعنبر وخشب الصندل.,0,false,false,private,,golden10,123,true
ARD-3274,d8cdb9d2-5441-4dee-b4bb-c1d4c23787eb,ac7c356b-bcdf-4700-b31f-c6d2c5b53ca7,عطر ذوق 80 مل,عطر-ذوق-80-مل-ard-3274,Lattafa,80 مل,45000,perfumes,https://ztplxqlthuqkuktbznbo.supabase.co/storage/v1/object/public/products/ac7c356b-bcdf-4700-b31f-c6d2c5b53ca7/ARD-3274.webp,عطر ذوق من لطافة بحجم 80 مل للنساء، بافتتاحية برغموت وليتشي وقلب ورد وبخور وقاعدة عنبر وفيتيفير.,"عائلة عطرية: Floral Woody | المقدمة: Bergamot, litchi | القلب: Rose, incense | القاعدة: Amber, vetiver",0,false,false,private,,batch100,96,true
ARD-3347,72d976c6-769c-43f0-b8f3-3878685b2070,ac7c356b-bcdf-4700-b31f-c6d2c5b53ca7,عطر عود نجدية,عطر-عود-نجدية-ard-3347,Lattafa,100 مل,14000,perfumes,https://ztplxqlthuqkuktbznbo.supabase.co/storage/v1/object/public/products/ac7c356b-bcdf-4700-b31f-c6d2c5b53ca7/ARD-3347.webp,عطر عطر عود نجدية من Lattafa بحجم 100 مل، للجنسين بطابع عطري عربي واضح مناسب لليومي والمناسبات الخاصة ويتميز بطابع Oud ضمن تشكيلة موثّقة.,,0,false,false,private,,batch100,137,false
ARD-3349,b5173fb9-b143-41a0-9231-06093445f0e3,ac7c356b-bcdf-4700-b31f-c6d2c5b53ca7,عطر اورا 60 مل,عطر-اورا-60-مل-ard-3349,Lattafa,60 مل,26000,perfumes,https://ztplxqlthuqkuktbznbo.supabase.co/storage/v1/object/public/products/ac7c356b-bcdf-4700-b31f-c6d2c5b53ca7/ARD-3349.webp,عطر أورا من لطافة بحجم 60 مل للجنسين، بافتتاحية زعفران وقلب ياسمين وبلسم تنوب وقاعدة كاشمران ومسك وخشب أرز.,"عائلة عطرية: Woody Spicy | المقدمة: Saffron | القلب: Jasmine, fir balsam | القاعدة: Cashmeran, ambergris, moss, musk, cedarwood | التصنيف الرسمي: unisex",0,false,false,private,,batch100,107,true
ARD-3350,5cc4a9cf-684f-4452-b1aa-8b0e78208dc6,ac7c356b-bcdf-4700-b31f-c6d2c5b53ca7,عطر فلفت روز 100 مل,عطر-فلفت-روز-100-مل-ard-3350,Lattafa,100 مل,23000,perfumes,https://ztplxqlthuqkuktbznbo.supabase.co/storage/v1/object/public/products/ac7c356b-bcdf-4700-b31f-c6d2c5b53ca7/ARD-3350.webp,عطر فلفت روز من لطافة بحجم 100 مل، برائحة وردية مخملية مع هيل وباتشولي وقاعدة سويد وعنبر وعود.,"عائلة عطرية: Rose Woody | المقدمة: Cardamom, bergamot | القلب: Violet leaf, patchouli | القاعدة: Suede, amber musk, oakmoss, oud",0,false,false,private,,batch100,94,true
ARD-3351,5ef7f9a6-b90f-4d88-a07a-1d42cc615912,ac7c356b-bcdf-4700-b31f-c6d2c5b53ca7,عطر النبل امير 100 مل,عطر-النبل-امير-100-مل-ard-3351,Lattafa,100 مل,19000,perfumes,https://ztplxqlthuqkuktbznbo.supabase.co/storage/v1/object/public/products/ac7c356b-bcdf-4700-b31f-c6d2c5b53ca7/ARD-3351.webp,عطر النبل أمير من لطافة بحجم 100 مل للجنسين، برائحة خشبية حارة مع تفاح وفلفل وردي وقاعدة عود وفيتيفير.,"عائلة عطرية: Woody Spicy | المقدمة: Apple, pink pepper, rosemary | القلب: Cloves, floral notes | القاعدة: Oud, patchouli, cypress, labdanum, vetiver",0,false,false,private,,batch100,102,true
ARD-3352,eef0eec7-41c1-492b-9706-61dee8b7a9b4,ac7c356b-bcdf-4700-b31f-c6d2c5b53ca7,عطر النبل وزير 100 مل,عطر-النبل-وزير-100-مل-ard-3352,Lattafa,100 مل,19000,perfumes,https://ztplxqlthuqkuktbznbo.supabase.co/storage/v1/object/public/products/ac7c356b-bcdf-4700-b31f-c6d2c5b53ca7/ARD-3352.webp,عطر النبل وزير من لطافة بحجم 100 مل للجنسين، بمزيج فاكهي خشبي مع نعناع وشوكولاتة وقاعدة فانيليا ومسك.,"عائلة عطرية: Fruity Woody Powdery | المقدمة: Mint, bitter orange, bergamot, juniper | القلب: Iris, dark chocolate, berries, caramel, pear | القاعدة: Amber, vanilla, musk",0,false,false,private,,batch100,101,true
ARD-3353,ec5c0ab9-6a06-4d02-830f-f90f1f772a26,ac7c356b-bcdf-4700-b31f-c6d2c5b53ca7,عطر النبل سفير 100 مل,عطر-النبل-سفير-100-مل-ard-3353,Lattafa,100 مل,19000,perfumes,https://ztplxqlthuqkuktbznbo.supabase.co/storage/v1/object/public/products/ac7c356b-bcdf-4700-b31f-c6d2c5b53ca7/ARD-3353.webp,عطر النبل سفير من لطافة بحجم 100 مل للجنسين، برائحة عطرية خضراء خشبية مع برغموت وأعشاب وقاعدة راتنجية دافئة.,"عائلة عطرية: Aromatic Woody | المقدمة: Artemisia, bergamot | القلب: Herbal notes, green notes, spicy notes | القاعدة: Guaiac wood, juniper, frankincense, patchouli, labdanum | التصنيف الرسمي: unisex",0,false,false,private,,batch100,108,true
ARD-3531,d805397e-23c9-4c7a-961e-1047a1464002,ac7c356b-bcdf-4700-b31f-c6d2c5b53ca7,عطر اجواء 90 مل,عطر-اجواء-90-مل-ard-3531,Lattafa,60 مل,45000,perfumes,https://ztplxqlthuqkuktbznbo.supabase.co/storage/v1/object/public/products/ac7c356b-bcdf-4700-b31f-c6d2c5b53ca7/ARD-3531.webp,عطر أجواء من لطافة، برائحة فاكهية زهرية شرقية مع ليتشي وياسمين وورد وقاعدة فانيليا وعنبر وخشب.,"عائلة عطرية: Fruity Floral Oriental | المقدمة: Bergamot, litchi, fruity notes | القلب: Jasmine, rose, cinnamon | القاعدة: Amber, cedar, musk, sandalwood, vanilla",0,false,false,private,,batch100,94,true
ARD-3536,0a8fe100-69de-4b44-81f7-4d962a239ceb,ac7c356b-bcdf-4700-b31f-c6d2c5b53ca7,عطر فنتاج راديو 100 مل,عطر-فنتاج-راديو-100-مل-ard-3536,Lattafa,100 مل,45000,perfumes,https://ztplxqlthuqkuktbznbo.supabase.co/storage/v1/object/public/products/ac7c356b-bcdf-4700-b31f-c6d2c5b53ca7/ARD-3536.webp,عطر فينتاج راديو من لطافة بحجم 100 مل للجنسين، برائحة عطرية نوستالجية مع لافندر ومريمية وبرقوق وقاعدة صندل.,"عائلة عطرية: Aromatic Woody | المقدمة: Lavender, sage, bergamot | القلب: Plum, palo santo, black pepper | القاعدة: Sandalwood, amberwood",0,false,false,private,,batch100,107,true
ARD-3627,e4679dc4-cdc9-44c1-a9ab-6ddbdb334196,ac7c356b-bcdf-4700-b31f-c6d2c5b53ca7,عطر لا كولكشن 1910 بايك 100 مل,عطر-لا-كولكشن-1910-بايك-100-مل-ard-3627,Lattafa,100 مل,65000,perfumes,https://ztplxqlthuqkuktbznbo.supabase.co/storage/v1/object/public/products/ac7c356b-bcdf-4700-b31f-c6d2c5b53ca7/ARD-3627.webp,عطر لا كولكشن 1910 بايك من لطافة بحجم 100 مل، برائحة وردية فاكهية مع تفاح وأوسمانتوس وقاعدة فانيليا وتونكا.,"عائلة عطرية: Floral Fruity Woody | المقدمة: Rose, apple, davana | القلب: Osmanthus, cedarwood | القاعدة: Tonka bean, vanilla, patchouli",0,false,false,private,,batch100,107,true
ARD-3628,224239d5-efc4-4ec3-899c-9fee32ec9e2d,ac7c356b-bcdf-4700-b31f-c6d2c5b53ca7,عطر لا كولكشن 1886 كار 100 مل,عطر-لا-كولكشن-1886-كار-100-مل-ard-3628,Lattafa,100 مل,65000,perfumes,https://ztplxqlthuqkuktbznbo.supabase.co/storage/v1/object/public/products/ac7c356b-bcdf-4700-b31f-c6d2c5b53ca7/ARD-3628.webp,عطر لا كولكشن 1886 كار من لطافة برايد بحجم 100 مل، برائحة عطرية دافئة مع قرفة وشوكولاتة بيضاء وتبغ أبيض.,"عائلة عطرية: Aromatic Gourmand | المقدمة: Bergamot, mate | القلب: Cinnamon bark, jasmine, orris, tonka, bran | القاعدة: Vanilla, white musk, white chocolate, white tobacco, patchouli | التصنيف الرسمي: unisex",0,false,false,private,,batch100,104,true
ARD-3709,744306d2-87df-4679-8f56-60e5aef5225c,ac7c356b-bcdf-4700-b31f-c6d2c5b53ca7,عطر خمرة قهوة 100 مل,عطر-خمرة-قهوة-100-مل-ard-3709,Lattafa,100 مل,40000,perfumes,https://ztplxqlthuqkuktbznbo.supabase.co/storage/v1/object/public/products/ac7c356b-bcdf-4700-b31f-c6d2c5b53ca7/ARD-3709.webp,عطر خمرة قهوة من لطافة بحجم 100 مل للجنسين، برائحة غورماند قهوة وتوابل وفانيليا دافئة وثابتة.,"عائلة عطرية: Oriental Vanilla Coffee | المقدمة: Ginger, cinnamon, cardamom | القلب: Praline, candied fruits, white flowers | القاعدة: Coffee Arabica, tonka, musk, benzoin, vanilla",0,false,false,private,,batch100,93,true
ARD-3710,cd5ae895-e38c-4ed3-a6e9-c17a7f67d207,ac7c356b-bcdf-4700-b31f-c6d2c5b53ca7,عطر عجايب دبي بورتريت ابيض 100 مل,عطر-عجايب-دبي-بورتريت-ابيض-100-مل-ard-3710,Lattafa,100 مل,20000,perfumes,https://ztplxqlthuqkuktbznbo.supabase.co/storage/v1/object/public/products/ac7c356b-bcdf-4700-b31f-c6d2c5b53ca7/ARD-3710.webp,عطر عجايب دبي من لطافة بحجم 100 مل، بطابع كهرماني حلو للجنسين.,,0,false,false,private,,batch100,62,false
ARD-3711,1c423251-8d0c-4aff-b242-5b07bd75b629,ac7c356b-bcdf-4700-b31f-c6d2c5b53ca7,عطر قائد الفرسان انلمتد ابيض 90 مل,عطر-قائد-الفرسان-انلمتد-ابيض-90-مل-ard-3711,Lattafa,90 مل,15000,perfumes,https://ztplxqlthuqkuktbznbo.supabase.co/storage/v1/object/public/products/ac7c356b-bcdf-4700-b31f-c6d2c5b53ca7/ARD-3711.webp,عطر عطر قائد الفرسان انلمتد ابيض 90 مل من Lattafa بحجم 90 مل، للجنسين بطابع عطري عربي واضح مناسب لليومي والمناسبات الخاصة.,,0,false,false,private,,batch100,122,false
ARD-3712,c428991b-aede-45e4-9f2c-b0027acd81e8,ac7c356b-bcdf-4700-b31f-c6d2c5b53ca7,عطر يارا توس 100 مل الاصفر,عطر-يارا-توس-100-مل-الاصفر-ard-3712,Lattafa,100 مل,30000,perfumes,https://ztplxqlthuqkuktbznbo.supabase.co/storage/v1/object/public/products/ac7c356b-bcdf-4700-b31f-c6d2c5b53ca7/ARD-3712.webp,عطر يارا توس من لطافة بحجم 100 مل للنساء، بطابع فاكهي فانيليا أنثوي ضمن هوية لطافة الرسمية.,,0,false,false,private,,batch100,91,false
ARD-3714,a542e3e8-bd95-449b-af7f-c21faaad83c8,ac7c356b-bcdf-4700-b31f-c6d2c5b53ca7,عطر ليام 100 مل,عطر-ليام-100-مل-ard-3714,Lattafa,100 مل,25000,perfumes,https://ztplxqlthuqkuktbznbo.supabase.co/storage/v1/object/public/products/ac7c356b-bcdf-4700-b31f-c6d2c5b53ca7/ARD-3714.webp,عطر عطر ليام 100 مل من Lattafa بحجم 100 مل، للجنسين بطابع عطري عربي واضح مناسب لليومي والمناسبات الخاصة.,,0,false,false,private,,batch100,104,false
ARD-3723,811e9de1-c78f-492d-aff6-29433694da17,ac7c356b-bcdf-4700-b31f-c6d2c5b53ca7,عطر ناو ومن 100 مل,عطر-ناو-ومن-100-مل-ard-3723,RAVE,100 مل,20000,perfumes,https://ztplxqlthuqkuktbznbo.supabase.co/storage/v1/object/public/products/products/5328a361-502c-49c7-8878-194e07feacaa.webp,عطر نسائي بحجم 100 مل من RAVE، بطابع فاكهي حلو يبدأ بالفواكه الحمراء والبرتقال وينتهي بالفانيليا والمسك والطحلب.,تبدأ تركيبة Rave Now Women بالفواكه الحمراء والبرتقال، ثم تنتقل إلى قلب حلو وزهري من المارشميلو وزنبق الوادي والياسمين. وتستقر على قاعدة من الفانيليا والطحلب والمسك.,0,false,false,private,,golden10,112,true
ARD-3897,cf95e34f-39ca-48ed-9d95-d71d6cf899da,ac7c356b-bcdf-4700-b31f-c6d2c5b53ca7,عطر بديع العود سبليم الاحمر,عطر-بديع-العود-سبليم-الاحمر-ard-3897,Lattafa,100 مل,35000,perfumes,https://ztplxqlthuqkuktbznbo.supabase.co/storage/v1/object/public/products/ac7c356b-bcdf-4700-b31f-c6d2c5b53ca7/ARD-3897.webp,عطر بديع العود سبلايم من لطافة بحجم 100 مل، بطابع عودي فاخر.,,0,false,false,private,,batch100,60,false
ARD-4138,8a981308-8111-4ce2-95d9-2df84646e760,ac7c356b-bcdf-4700-b31f-c6d2c5b53ca7,عطر اكلاير 100 مل,عطر-اكلاير-100-مل-ard-4138,Lattafa,100 مل,40000,perfumes,https://ztplxqlthuqkuktbznbo.supabase.co/storage/v1/object/public/products/ac7c356b-bcdf-4700-b31f-c6d2c5b53ca7/ARD-4138.webp,عطر إكلير من لطافة للنساء بحجم 100 مل، بتركيبة فانيليا غورماند حلوة بطابع أنثوي جذاب.,عائلة عطرية: gourmand vanilla,0,false,false,private,,batch100,85,true
ARD-4214,75b59634-76ac-470d-a3eb-61d0670f6a63,ac7c356b-bcdf-4700-b31f-c6d2c5b53ca7,عطر عفيف 100 مل,عطر-عفيف-100-مل-ard-4214,Lattafa,100 مل,49000,perfumes,https://ztplxqlthuqkuktbznbo.supabase.co/storage/v1/object/public/products/ac7c356b-bcdf-4700-b31f-c6d2c5b53ca7/ARD-4214.webp,عطر عطر عفيف 100 مل من Lattafa بحجم 100 مل، للجنسين بطابع عطري عربي واضح مناسب لليومي والمناسبات الخاصة ويتميز بطابع Afeef ضمن تشكيلة موثّقة.,,0,false,false,private,,batch100,141,false
ARD-4215,3f656acf-6f0d-43bd-a34a-14c7f7e21018,ac7c356b-bcdf-4700-b31f-c6d2c5b53ca7,عطر فخر لطافة اكستراكت 100 مل,عطر-فخر-لطافة-اكستراكت-100-مل-ard-4215,Lattafa,100 مل,25000,perfumes,https://ztplxqlthuqkuktbznbo.supabase.co/storage/v1/object/public/products/ac7c356b-bcdf-4700-b31f-c6d2c5b53ca7/ARD-4215.webp,عطر فخر لطافة إكسترايت من لطافة بحجم 100 مل، بطابع دخاني كهرماني ضمن خط فخر الرسمي.,,0,false,false,private,,batch100,83,false
ARD-4246,5a62505a-4e4e-4502-9831-a2311d425f07,ac7c356b-bcdf-4700-b31f-c6d2c5b53ca7,عطر بديع العود نوبل بلش 100 مل,عطر-بديع-العود-نوبل-بلش-100-مل-ard-4246,Lattafa,100 مل,35000,perfumes,https://ztplxqlthuqkuktbznbo.supabase.co/storage/v1/object/public/products/ac7c356b-bcdf-4700-b31f-c6d2c5b53ca7/ARD-4246.webp,عطر بديع العود نوبل بلش من لطافة بحجم 100 مل، بطابع عودي زهري أنيق.,,0,false,false,private,,batch100,67,false
ARD-4255,c4603422-b7ab-414d-a2b6-c3151556c932,ac7c356b-bcdf-4700-b31f-c6d2c5b53ca7,عطر حياتي فلورنس 100 مل,عطر-حياتي-فلورنس-100-مل-ard-4255,Lattafa,100 مل,15000,perfumes,https://ztplxqlthuqkuktbznbo.supabase.co/storage/v1/object/public/products/ac7c356b-bcdf-4700-b31f-c6d2c5b53ca7/ARD-4255.webp,عطر عطر حياتي فلورنس 100 مل من Lattafa بحجم 100 مل، للجنسين بطابع عطري عربي واضح مناسب لليومي والمناسبات الخاصة.,,0,false,false,private,,batch100,112,false
ARD-4256,e33f738a-fd31-42bc-8cb5-5eff12dbb415,ac7c356b-bcdf-4700-b31f-c6d2c5b53ca7,عطر انا الابيض كورال 60 مل,عطر-انا-الابيض-كورال-60-مل-ard-4256,Lattafa,60 مل,18000,perfumes,https://ztplxqlthuqkuktbznbo.supabase.co/storage/v1/object/public/products/ac7c356b-bcdf-4700-b31f-c6d2c5b53ca7/ARD-4256.webp,عطر عطر انا الابيض كورال 60 مل من Lattafa بحجم 60 مل، للجنسين بطابع عطري عربي واضح مناسب لليومي والمناسبات الخاصة.,,0,false,false,private,,batch100,114,false
ARD-4273,5bc9e785-e12a-4fe4-870e-719f3628f594,ac7c356b-bcdf-4700-b31f-c6d2c5b53ca7,عطر انغام 100 مل,عطر-انغام-100-مل-ard-4273,Lattafa,100 مل,29000,perfumes,https://ztplxqlthuqkuktbznbo.supabase.co/storage/v1/object/public/products/ac7c356b-bcdf-4700-b31f-c6d2c5b53ca7/ARD-4273.webp,عطر أنغام من لطافة بحجم 100 مل، برائحة دافئة أنيقة تناسب الاستخدام اليومي والمساء بهوية لطافة الرسمية.,,0,false,false,private,,batch100,102,false
ARD-4286,2d91ead3-f751-4bf1-873b-80a1da4301ac,ac7c356b-bcdf-4700-b31f-c6d2c5b53ca7,عطر مشربية 100 مل,عطر-مشربية-100-مل-ard-4286,Lattafa,100 مل,33000,perfumes,https://ztplxqlthuqkuktbznbo.supabase.co/storage/v1/object/public/products/ac7c356b-bcdf-4700-b31f-c6d2c5b53ca7/ARD-4286.webp,عطر عطر مشربية 100 مل من Lattafa بحجم 100 مل، للجنسين بطابع عطري عربي واضح مناسب لليومي والمناسبات الخاصة ويتميز بطابع Mashrabya ضمن تشكيلة موثّقة ويتميز بطابع Mashrabya ضمن تشكيلة موثّقة.,,0,false,false,private,,batch100,188,false
ARD-4300,d0fbe636-a30e-4271-b6b5-81b2c3ea687a,ac7c356b-bcdf-4700-b31f-c6d2c5b53ca7,معطر جو بديع العود ابيض 300 مل,معطر-جو-بديع-العود-ابيض-300-مل-ard-4300,Lattafa,300 مل,3000,home-linen-air,https://ztplxqlthuqkuktbznbo.supabase.co/storage/v1/object/public/products/ac7c356b-bcdf-4700-b31f-c6d2c5b53ca7/ARD-4300.webp,معطر جو Badee Al Oud White من لطافة بحجم 300 مل، لتعطير المنزل والمفارش برائحة خط العطر الأصلي بتركيز منزلي عملي.,,0,false,false,private,,batch100,113,false
ARD-4336,168c1b49-0ef5-4f54-92ef-425b5de2a27c,ac7c356b-bcdf-4700-b31f-c6d2c5b53ca7,عطر خمرة دخان 100 مل,عطر-خمرة-دخان-100-مل-ard-4336,Lattafa,100 مل,40000,perfumes,https://ztplxqlthuqkuktbznbo.supabase.co/storage/v1/object/public/products/ac7c356b-bcdf-4700-b31f-c6d2c5b53ca7/ARD-4336.webp,عطر عطر خمرة دخان 100 مل من Lattafa بحجم 100 مل، للجنسين بطابع عطري عربي واضح مناسب لليومي والمناسبات الخاصة.,,0,false,false,private,,batch100,109,false
ARD-4564,24ba4b48-7ca3-4e03-a8df-8368248d63c4,ac7c356b-bcdf-4700-b31f-c6d2c5b53ca7,معطر جو ماهر 300 مل,معطر-جو-ماهر-300-مل-ard-4564,Lattafa,300 مل,3000,home-linen-air,https://ztplxqlthuqkuktbznbo.supabase.co/storage/v1/object/public/products/ac7c356b-bcdf-4700-b31f-c6d2c5b53ca7/ARD-4564.webp,معطر جو Maahir من لطافة بحجم 300 مل، لتعطير المنزل والمفارش برائحة خط العطر الأصلي بتركيز منزلي عملي.,,0,false,false,private,,batch100,101,false
ARD-463,71ae8d9d-6f1d-430a-8589-8853c44e35cb,ac7c356b-bcdf-4700-b31f-c6d2c5b53ca7,عطر روعة العود,عطر-روعة-العود-ard-463,Lattafa,100 مل,19000,perfumes,https://ztplxqlthuqkuktbznbo.supabase.co/storage/v1/object/public/products/ac7c356b-bcdf-4700-b31f-c6d2c5b53ca7/ARD-463.webp,عطر روعة العود من لطافة، بتركيبة عود خشبية فاخرة للجنسين تناسب الأمسيات والمناسبات.,عائلة عطرية: oud woody,0,false,false,private,,batch100,83,true
ARD-4637,0162afa5-df1e-40ff-aeb3-ab367dda8dd0,ac7c356b-bcdf-4700-b31f-c6d2c5b53ca7,عطر اسد بوربون,عطر-اسد-بوربون-ard-4637,Lattafa,100 مل,30000,perfumes,https://ztplxqlthuqkuktbznbo.supabase.co/storage/v1/object/public/products/ac7c356b-bcdf-4700-b31f-c6d2c5b53ca7/ARD-4637.webp,عطر عطر اسد بوربون من Lattafa بحجم 100 مل، مخصص للرجال بطابع عطري عربي واضح مناسب لليومي والمناسبات الخاصة.,,0,false,false,private,,batch100,107,false
ARD-465,afe9a923-5dec-4c81-b440-9329df11a376,ac7c356b-bcdf-4700-b31f-c6d2c5b53ca7,عطر قمة النساء,عطر-قمة-النساء-ard-465,Lattafa,100 مل,16000,perfumes,https://ztplxqlthuqkuktbznbo.supabase.co/storage/v1/object/public/products/ac7c356b-bcdf-4700-b31f-c6d2c5b53ca7/ARD-465.webp,عطر قمة للنساء من لطافة، بتركيبة غورماند زهرية بطابع أنثوي جذاب للاستخدام اليومي والمساء.,عائلة عطرية: gourmand floral,0,false,false,private,,batch100,89,true
ARD-466,25ae9867-7a5c-41ca-99a8-c33013eebfd7,ac7c356b-bcdf-4700-b31f-c6d2c5b53ca7,عطر رغبه للنساء,عطر-رغبه-للنساء-ard-466,Lattafa,100 مل,13000,perfumes,https://ztplxqlthuqkuktbznbo.supabase.co/storage/v1/object/public/products/ac7c356b-bcdf-4700-b31f-c6d2c5b53ca7/ARD-466.webp,عطر رغبة من لطافة، بتركيبة شرقية حلوة بطابع أنثوي جذاب يناسب الاستخدام اليومي والمناسبات.,عائلة عطرية: oriental sweet,0,false,false,private,,batch100,89,true
ARD-4660,d5521d55-3eb5-40c2-b451-b28413d50ceb,ac7c356b-bcdf-4700-b31f-c6d2c5b53ca7,عطر ليان 75 مل,عطر-ليان-75-مل-ard-4660,Lattafa,75 مل,33000,perfumes,https://ztplxqlthuqkuktbznbo.supabase.co/storage/v1/object/public/products/ac7c356b-bcdf-4700-b31f-c6d2c5b53ca7/ARD-4660.webp,عطر عطر ليان 75 مل من Lattafa بحجم 75 مل، للجنسين بطابع عطري عربي واضح مناسب لليومي والمناسبات الخاصة.,,0,false,false,private,,batch100,102,false
ARD-4664,554d6f4b-d4c2-49b9-8e6b-789d07af0a59,ac7c356b-bcdf-4700-b31f-c6d2c5b53ca7,عطر نبراس الكسير 100 مل / لطافة برايد,عطر-نبراس-الكسير-100-مل-لطافة-برايد-ard-4664,Lattafa Pride,100 مل,45000,perfumes,https://ztplxqlthuqkuktbznbo.supabase.co/storage/v1/object/public/products/ac7c356b-bcdf-4700-b31f-c6d2c5b53ca7/ARD-4664.webp,عطر نبراس إكسير من لطافة برايد بحجم 100 مل، بطابع أنثوي غني.,,0,false,false,private,,batch100,60,false
ARD-467,a4fb0574-89d2-4d21-b1d7-2b546b3f05ef,ac7c356b-bcdf-4700-b31f-c6d2c5b53ca7,عطر مسك مود,عطر-مسك-مود-ard-467,Lattafa,100 مل,16000,musk-oils-mukhammaria,https://ztplxqlthuqkuktbznbo.supabase.co/storage/v1/object/public/products/ac7c356b-bcdf-4700-b31f-c6d2c5b53ca7/ARD-467.webp,عطر مسك مود من لطافة بحجم 100 مل، بطابع مسكي ناعم مناسب للاستخدام اليومي.,,0,false,false,private,,batch100,73,false
ARD-4680,3dc3bafb-de82-4959-a0f8-24fb745a875f,ac7c356b-bcdf-4700-b31f-c6d2c5b53ca7,عطر شهد كبير 150 مل,عطر-شهد-كبير-150-مل-ard-4680,Lattafa,150 مل,17000,perfumes,https://ztplxqlthuqkuktbznbo.supabase.co/storage/v1/object/public/products/ac7c356b-bcdf-4700-b31f-c6d2c5b53ca7/ARD-4680.webp,عطر عطر شهد كبير 150 مل من Lattafa بحجم 150 مل، مخصص للنساء بطابع عطري عربي واضح مناسب لليومي والمناسبات الخاصة.,,0,false,false,private,,batch100,112,false
ARD-4685,565095bd-e6fd-4a45-a073-4a130f84179b,ac7c356b-bcdf-4700-b31f-c6d2c5b53ca7,عطر اسد الكسير 100 مل,عطر-اسد-الكسير-100-مل-ard-4685,Lattafa,100 مل,30000,perfumes,https://ztplxqlthuqkuktbznbo.supabase.co/storage/v1/object/public/products/ac7c356b-bcdf-4700-b31f-c6d2c5b53ca7/ARD-4685.webp,عطر عطر اسد الكسير 100 مل من Lattafa بحجم 100 مل، مخصص للرجال بطابع عطري عربي واضح مناسب لليومي والمناسبات الخاصة ويتميز بطابع Asad ضمن تشكيلة موثّقة.,,0,false,false,private,,batch100,150,false
ARD-4686,6aca5860-da38-4d92-a5b3-2d3ab01b36f6,ac7c356b-bcdf-4700-b31f-c6d2c5b53ca7,عطر يارا الكسير 100 مل,عطر-يارا-الكسير-100-مل-ard-4686,Lattafa,100 مل,30000,perfumes,https://ztplxqlthuqkuktbznbo.supabase.co/storage/v1/object/public/products/ac7c356b-bcdf-4700-b31f-c6d2c5b53ca7/ARD-4686.webp,عطر عطر يارا الكسير 100 مل من Lattafa بحجم 100 مل، مخصص للنساء بطابع عطري عربي واضح مناسب لليومي والمناسبات الخاصة.,,0,false,false,private,,batch100,115,false
ARD-4750,e445333b-6a4c-41ca-a820-0a665c34b05a,ac7c356b-bcdf-4700-b31f-c6d2c5b53ca7,معطر جو اكلاير 300 مل,معطر-جو-اكلاير-300-مل-ard-4750,Lattafa,300 مل,3000,home-linen-air,https://ztplxqlthuqkuktbznbo.supabase.co/storage/v1/object/public/products/ac7c356b-bcdf-4700-b31f-c6d2c5b53ca7/ARD-4750.webp,معطر جو Eclaire من لطافة بحجم 300 مل، لتعطير المنزل والمفارش برائحة خط العطر الأصلي بتركيز منزلي عملي ويتميز بطابع Eclaire ضمن تشكيلة موثّقة.,,0,false,false,private,,batch100,141,false
ARD-4751,14cff61c-cf4e-42eb-be80-015cbdbd9d33,ac7c356b-bcdf-4700-b31f-c6d2c5b53ca7,معطر جو مسمم ابيض 300 مل,معطر-جو-مسمم-ابيض-300-مل-ard-4751,Lattafa,300 مل,3000,home-linen-air,https://ztplxqlthuqkuktbznbo.supabase.co/storage/v1/object/public/products/ac7c356b-bcdf-4700-b31f-c6d2c5b53ca7/ARD-4751.webp,معطر جو Musamam White من لطافة بحجم 300 مل، لتعطير المنزل والمفارش برائحة خط العطر الأصلي بتركيز منزلي عملي ويتميز بطابع Musamam ضمن تشكيلة موثّقة ويتميز بطابع Musamam ضمن تشكيلة موثّقة ويتميز بطابع Musamam ضمن تشكيلة موثّقة ويتميز بطابع Musamam ضمن تشكيلة موثّقة.,,0,false,false,private,,batch100,264,false
ARD-4752,c8dcd9c4-a485-44d4-b7a3-27bdb7b7e94c,ac7c356b-bcdf-4700-b31f-c6d2c5b53ca7,معطر جو بديع العود نوبل بلوش 300 مل,معطر-جو-بديع-العود-نوبل-بلوش-300-مل-ard-4752,Lattafa,300 مل,3000,home-linen-air,https://ztplxqlthuqkuktbznbo.supabase.co/storage/v1/object/public/products/ac7c356b-bcdf-4700-b31f-c6d2c5b53ca7/ARD-4752.webp,معطر جو Noble Blush من لطافة بحجم 300 مل، لتعطير المنزل والمفارش برائحة خط العطر الأصلي بتركيز منزلي عملي ويتميز بطابع Badee ضمن تشكيلة موثّقة ويتميز بطابع Badee ضمن تشكيلة موثّقة.,,0,false,false,private,,batch100,180,false
ARD-4770,454bd3d9-b768-4de6-b91b-c9af8703196a,ac7c356b-bcdf-4700-b31f-c6d2c5b53ca7,عطر انا الابيض سكارليت 100 مل,عطر-انا-الابيض-سكارليت-100-مل-ard-4770,Lattafa,100 مل,18000,perfumes,https://ztplxqlthuqkuktbznbo.supabase.co/storage/v1/object/public/products/ac7c356b-bcdf-4700-b31f-c6d2c5b53ca7/ARD-4770.webp,عطر أنا الأبيض سكارليت من لطافة بحجم 100 مل، بطابع أنثوي ضمن خط أنا الأبيض.,,0,false,false,private,,batch100,75,false
ARD-479,35919e03-111b-49b4-9283-d3022de4753d,ac7c356b-bcdf-4700-b31f-c6d2c5b53ca7,عطر قمة رجالي,عطر-قمة-رجالي-ard-479,Lattafa,100 مل,15000,perfumes,https://ztplxqlthuqkuktbznbo.supabase.co/storage/v1/object/public/products/ac7c356b-bcdf-4700-b31f-c6d2c5b53ca7/ARD-479.webp,عطر قمة الرجالي من لطافة، بتركيبة خشبية حارة بطابع رجالي قوي يناسب الحضور اليومي.,عائلة عطرية: woody spicy,0,false,false,private,,batch100,81,true
ARD-4792,324cc543-e7f0-44dd-8bb4-08c0406ce5be,ac7c356b-bcdf-4700-b31f-c6d2c5b53ca7,عطر مسمم اسود انتنس,عطر-مسمم-اسود-انتنس-ard-4792,Lattafa,100 مل,43000,perfumes,https://ztplxqlthuqkuktbznbo.supabase.co/storage/v1/object/public/products/ac7c356b-bcdf-4700-b31f-c6d2c5b53ca7/ARD-4792.webp,عطر مسمم إنتنس من لطافة بحجم 100 مل، بطابع قوي ثابت.,,0,false,false,private,,batch100,52,false
ARD-4807,c107da64-a884-4d42-9589-765d05c304f5,ac7c356b-bcdf-4700-b31f-c6d2c5b53ca7,معطر جو نبراس 300 مل / لطافة برايد,معطر-جو-نبراس-300-مل-لطافة-برايد-ard-4807,Lattafa,300 مل,3000,home-linen-air,https://ztplxqlthuqkuktbznbo.supabase.co/storage/v1/object/public/products/ac7c356b-bcdf-4700-b31f-c6d2c5b53ca7/ARD-4807.webp,معطر جو نبراس من لطافة برايد بحجم 300 مل، لتعطير المنزل برائحة نبراس الغورماند الدافئة الأنيقة.,,0,false,false,private,,batch100,95,false
ARD-5036,890d8ebd-0dcd-4fd2-9136-392977ea4ddc,ac7c356b-bcdf-4700-b31f-c6d2c5b53ca7,عطر ماهر هونور 100 مل,عطر-ماهر-هونور-100-مل-ard-5036,Lattafa,100 مل,35000,perfumes,https://ztplxqlthuqkuktbznbo.supabase.co/storage/v1/object/public/products/ac7c356b-bcdf-4700-b31f-c6d2c5b53ca7/ARD-5036.webp,عطر عطر ماهر هونور 100 مل من Lattafa بحجم 100 مل، للجنسين بطابع عطري عربي واضح مناسب لليومي والمناسبات الخاصة.,,0,false,false,private,,batch100,110,false
ARD-5058,1f290741-9b46-4a36-bb60-e39baffd0437,ac7c356b-bcdf-4700-b31f-c6d2c5b53ca7,عطر خمرة واحة 100 مل,عطر-خمرة-واحة-100-مل-ard-5058,Lattafa,100 مل,40000,perfumes,https://ztplxqlthuqkuktbznbo.supabase.co/storage/v1/object/public/products/ac7c356b-bcdf-4700-b31f-c6d2c5b53ca7/ARD-5058.webp,عطر عطر خمرة واحة 100 مل من Lattafa بحجم 100 مل، للجنسين بطابع عطري عربي واضح مناسب لليومي والمناسبات الخاصة ويتميز بطابع Khamrah ضمن تشكيلة موثّقة.,,0,false,false,private,,batch100,148,false
ARD-663,3b2d56e7-5a57-4c0f-be0b-6576059a452d,ac7c356b-bcdf-4700-b31f-c6d2c5b53ca7,عطر انا الابيض روج,عطر-انا-الابيض-روج-ard-663,Lattafa,100 مل,18000,perfumes,https://ztplxqlthuqkuktbznbo.supabase.co/storage/v1/object/public/products/ac7c356b-bcdf-4700-b31f-c6d2c5b53ca7/ARD-663.webp,عطر أنا الأبيض روج من لطافة، إصدار أحمر بتركيبة فاكهية زهرية للجنسين بطابع حيوي.,عائلة عطرية: fruity floral,0,false,false,private,,batch100,80,true
ARD-715,74ecad34-af4f-4f1e-9f52-8796f191822d,ac7c356b-bcdf-4700-b31f-c6d2c5b53ca7,عطر رمز لطافه ذهبي,عطر-رمز-لطافه-ذهبي-ard-715,Lattafa,100 مل,17000,perfumes,https://ztplxqlthuqkuktbznbo.supabase.co/storage/v1/object/public/products/ac7c356b-bcdf-4700-b31f-c6d2c5b53ca7/ARD-715.webp,عطر رمز لطافة الذهبي من لطافة، بتركيبة زهرية شرقية بطابع فاخر يناسب الاستخدام اليومي والمناسبات.,عائلة عطرية: floral oriental,0,false,false,private,,batch100,96,true
ARD-766,d56f56a8-5261-4c2d-b2cb-05014d9753fd,ac7c356b-bcdf-4700-b31f-c6d2c5b53ca7,عطر اوراق العود,عطر-اوراق-العود-ard-766,Lattafa,100 مل,14000,perfumes,https://ztplxqlthuqkuktbznbo.supabase.co/storage/v1/object/public/products/ac7c356b-bcdf-4700-b31f-c6d2c5b53ca7/ARD-766.webp,عطر أوراق العود من لطافة، بتركيبة عود خشبية رجالية بطابع شرقي أصيل.,عائلة عطرية: oud woody,0,false,false,private,,batch100,67,true
ARD-775,6159fc97-9fd3-405e-91b9-986fe0741140,ac7c356b-bcdf-4700-b31f-c6d2c5b53ca7,عطر مسك السلامه,عطر-مسك-السلامه-ard-775,Lattafa,100 مل,15000,musk-oils-mukhammaria,https://ztplxqlthuqkuktbznbo.supabase.co/storage/v1/object/public/products/ac7c356b-bcdf-4700-b31f-c6d2c5b53ca7/ARD-775.webp,زيت عطري / مسك عطر مسك السلامه من Lattafa بحجم 100 مل، للجنسين بطابع عطري عربي واضح مناسب لليومي والمناسبات الخاصة.,,0,false,false,private,,batch100,115,false
ARD-823,f5ba19f3-c763-460f-b42f-de809d393117,ac7c356b-bcdf-4700-b31f-c6d2c5b53ca7,عطر شيخ الشيوخ,عطر-شيخ-الشيوخ-ard-823,Lattafa,100 مل,12000,perfumes,https://ztplxqlthuqkuktbznbo.supabase.co/storage/v1/object/public/products/ac7c356b-bcdf-4700-b31f-c6d2c5b53ca7/ARD-823.webp,عطر شيخ الشيوخ من لطافة، بتركيبة عود وعنبر رجالية كلاسيكية بطابع فاخر وثابت.,عائلة عطرية: oud amber,0,false,false,private,,batch100,76,true
ARD-92,92ea2610-7cb3-4663-8bee-35623df92d2e,ac7c356b-bcdf-4700-b31f-c6d2c5b53ca7,عطر شيخ الشيوخ المركز 80 مل,عطر-شيخ-الشيوخ-المركز-80-مل-ard-92,Lattafa,80 مل,14000,perfumes,https://ztplxqlthuqkuktbznbo.supabase.co/storage/v1/object/public/products/ac7c356b-bcdf-4700-b31f-c6d2c5b53ca7/ARD-92.webp,عطر شيخ الشيوخ المركز من لطافة، بتركيبة عود وعنبر مركّزة بطابع رجالي فاخر يناسب الاستخدام اليومي والمناسبات.,عائلة عطرية: oud amber,0,false,false,private,,batch100,108,true
ARD-957,761ff1ea-d30d-4057-bc96-a27b4da19578,ac7c356b-bcdf-4700-b31f-c6d2c5b53ca7,عطر 24 قيراط ذهبي,عطر-24-قيراط-ذهبي-ard-957,Lattafa,100 مل,19000,perfumes,https://ztplxqlthuqkuktbznbo.supabase.co/storage/v1/object/public/products/ac7c356b-bcdf-4700-b31f-c6d2c5b53ca7/ARD-957.webp,عطر 24 قيراط الذهبي من لطافة، بتركيبة عود وعنبر وفانيليا فاخرة للجنسين.,عائلة عطرية: amber vanilla oud,0,false,false,private,,batch100,71,true
ARD-958,87ca90e4-c5a5-44cf-9d23-5de23429689d,ac7c356b-bcdf-4700-b31f-c6d2c5b53ca7,عطر 24 قيراط سلفر,عطر-24-قيراط-سلفر-ard-958,Lattafa,100 مل,15000,perfumes,https://ztplxqlthuqkuktbznbo.supabase.co/storage/v1/object/public/products/ac7c356b-bcdf-4700-b31f-c6d2c5b53ca7/ARD-958.webp,عطر 24 قيراط الأبيض/السلفر من لطافة، بتركيبة عنبرية خشبية أنيقة للجنسين.,عائلة عطرية: amber woody,0,false,false,private,,batch100,72,true
ARD-959,8f743fd8-4c40-40bf-8029-88895f6d7297,ac7c356b-bcdf-4700-b31f-c6d2c5b53ca7,عطر نجدية,عطر-نجدية-ard-959,Lattafa,100 مل,15000,perfumes,https://ztplxqlthuqkuktbznbo.supabase.co/storage/v1/object/public/products/ac7c356b-bcdf-4700-b31f-c6d2c5b53ca7/ARD-959.webp,عطر نجدية من لطافة للرجال، بتركيبة منعشة حارة بطابع يومي واضح وثابت.,عائلة عطرية: fresh spicy,0,false,false,private,,batch100,68,true
ARD-970,b5c5c9d2-f14c-4f10-832c-abf68cdfd9b2,ac7c356b-bcdf-4700-b31f-c6d2c5b53ca7,عطر قائد الفرسان,عطر-قائد-الفرسان-ard-970,Lattafa,90 مل,15000,perfumes,https://ztplxqlthuqkuktbznbo.supabase.co/storage/v1/object/public/products/ac7c356b-bcdf-4700-b31f-c6d2c5b53ca7/ARD-970.webp,عطر قائد الفرسان من لطافة، بتركيبة حلوة دخانية رجالية بطابع جريء وثابت.,عائلة عطرية: sweet smoky,0,false,false,private,,batch100,71,true
