merchant_sku,product_id,name,brand,sizes,price,category_slug,image_url,cohort,automated_check_status,identity_status_seed,visual_check_status,reviewer_decision,overall_status,reviewed_at,evidence_reference,notes
ARD-1015,757682dd-475a-461b-bd50-326219e5dbad,عطر فلفت عود,Lattafa,100 مل,23000,perfumes,https://ztplxqlthuqkuktbznbo.supabase.co/storage/v1/object/public/products/products/8e6cb0f4-9409-45fb-a218-dbcf0e176c8a.webp,golden10,PASS,PASS,PASS,PASS,PASS,2026-08-04T15:47:38.947Z,review/PRIVATE_CATALOG_CONTACT_SHEET_01.png,Contact-sheet + automated exact-match review; product packshot acceptable
ARD-1042,5f8acc35-0fd9-43bc-ae4b-e184cd3f2b39,عطر ليل ملكي,Lattafa,100 مل,15000,perfumes,https://ztplxqlthuqkuktbznbo.supabase.co/storage/v1/object/public/products/products/831383ab-171b-4d13-8a74-15f814ed4811.webp,golden10,PASS,PASS,PASS,PASS,PASS,2026-08-04T15:47:38.947Z,review/PRIVATE_CATALOG_CONTACT_SHEET_01.png,Contact-sheet + automated exact-match review; product packshot acceptable
ARD-1065,61ed019c-8bca-496d-b65a-ddc182d1192b,عود مود الكسير,Lattafa,100 مل,19000,perfumes,https://ztplxqlthuqkuktbznbo.supabase.co/storage/v1/object/public/products/products/28d0628b-261a-4bf4-9213-bb66b44b62fd.webp,golden10,PASS,PASS,PASS,PASS,PASS,2026-08-04T15:47:38.947Z,review/PRIVATE_CATALOG_CONTACT_SHEET_01.png,Contact-sheet + automated exact-match review; product packshot acceptable
ARD-1172,e0f66058-d532-4b41-a14b-6ba88bdf9d37,عطر فخر لطافة رجالي,Lattafa,100 مل,24000,perfumes,https://ztplxqlthuqkuktbznbo.supabase.co/storage/v1/object/public/products/products/8ffe2ecd-1f1d-4744-af08-f7c84b84dfb1.webp,golden10,PASS,PASS,PASS,PASS,PASS,2026-08-04T15:47:38.947Z,review/PRIVATE_CATALOG_CONTACT_SHEET_01.png,Contact-sheet + automated exact-match review; product packshot acceptable
ARD-1173,dc7e7453-661b-4058-8eb9-9dfcf6c3e8c4,عطر فخر لطافة نسائي,Lattafa,100 مل,24000,perfumes,https://ztplxqlthuqkuktbznbo.supabase.co/storage/v1/object/public/products/products/e41e9ee8-948b-46ba-92c2-97c1626337d2.webp,golden10,PASS,PASS,PASS,PASS,PASS,2026-08-04T15:47:38.947Z,review/PRIVATE_CATALOG_CONTACT_SHEET_01.png,Contact-sheet + automated exact-match review; product packshot acceptable
ARD-1191,8d07851c-392a-404c-b9eb-91a6004dc16d,عطر عود مود ذهبي,Lattafa,100 مل,19000,perfumes,https://ztplxqlthuqkuktbznbo.supabase.co/storage/v1/object/public/products/products/820ac999-dddf-4921-9b8b-6bbe6de17489.webp,golden10,PASS,KNOWN_HOLD,PASS,KNOWN_HOLD,KNOWN_HOLD,2026-08-04T15:47:38.947Z,images/ARD-1191.webp,Oud Mood packaging visible; content empty intentionally; identity HOLD remains
ARD-1318,19083415-2b0d-4367-bbd6-f793baccbc8c,30 مل الشموخ,Lattafa,30 مل,7000,mini-travel-perfume,https://ztplxqlthuqkuktbznbo.supabase.co/storage/v1/object/public/products/ac7c356b-bcdf-4700-b31f-c6d2c5b53ca7/ARD-1318.webp,batch100,PASS,PASS,PASS,PASS,PASS,2026-08-04T15:47:38.947Z,review/PRIVATE_CATALOG_CONTACT_SHEET_01.png,mini-travel-perfume + 30 مل verified in data; packaging family consistent
ARD-1319,ea508cf2-b502-4e2e-aa62-f8f6815f29c1,30 مل ثراء,Lattafa,30 مل,7000,mini-travel-perfume,https://ztplxqlthuqkuktbznbo.supabase.co/storage/v1/object/public/products/ac7c356b-bcdf-4700-b31f-c6d2c5b53ca7/ARD-1319.webp,batch100,PASS,PASS,PASS,PASS,PASS,2026-08-04T15:47:38.947Z,review/PRIVATE_CATALOG_CONTACT_SHEET_01.png,mini-travel-perfume + 30 مل verified in data; packaging family consistent
ARD-1320,f550ffae-8e84-4cd6-af3d-726db00d0c05,30 مل معالي,Lattafa,30 مل,7000,mini-travel-perfume,https://ztplxqlthuqkuktbznbo.supabase.co/storage/v1/object/public/products/ac7c356b-bcdf-4700-b31f-c6d2c5b53ca7/ARD-1320.webp,batch100,PASS,PASS,PASS,PASS,PASS,2026-08-04T15:47:38.947Z,review/PRIVATE_CATALOG_CONTACT_SHEET_01.png,mini-travel-perfume + 30 مل verified in data; packaging family consistent
ARD-1369,44b6769e-1fa7-4eff-aee0-6aaeaa359f09,عطر الدر المكنون سلفر,Lattafa,100 مل,12000,perfumes,https://ztplxqlthuqkuktbznbo.supabase.co/storage/v1/object/public/products/ac7c356b-bcdf-4700-b31f-c6d2c5b53ca7/ARD-1369.webp,batch100,PASS,PASS,PASS,PASS,FAIL_P2,2026-08-04T15:47:38.947Z,review/PRIVATE_CATALOG_CONTACT_SHEET_01.png,Contact-sheet + automated exact-match review; product packshot acceptable; content P2 (awkward Arabic / claims) — see defect register
ARD-1430,1995f2cc-21d1-4e46-8dbc-89505313c316,عطر امير العود / انتنس عود,Lattafa,100 مل,18000,perfumes,https://ztplxqlthuqkuktbznbo.supabase.co/storage/v1/object/public/products/ac7c356b-bcdf-4700-b31f-c6d2c5b53ca7/ARD-1430.webp,batch100,PASS,PASS,PASS,PASS,PASS,2026-08-04T15:47:38.947Z,review/PRIVATE_CATALOG_CONTACT_SHEET_01.png,Contact-sheet + automated exact-match review; product packshot acceptable
ARD-1480,df4a2fc0-53bc-45b0-8c5e-032a523c4ada,عطر عود ليل ملكي,Lattafa,100 مل,15000,perfumes,https://ztplxqlthuqkuktbznbo.supabase.co/storage/v1/object/public/products/ac7c356b-bcdf-4700-b31f-c6d2c5b53ca7/ARD-1480.webp,batch100,PASS,PASS,PASS,PASS,FAIL_P2,2026-08-04T15:47:38.947Z,review/PRIVATE_CATALOG_CONTACT_SHEET_01.png,Contact-sheet + automated exact-match review; product packshot acceptable; content P2 (awkward Arabic / claims) — see defect register
ARD-1826,40e2deb6-4bb6-4a04-b549-00acb617c8f5,عطر ناو اسود,RAVE,100 مل,20000,perfumes,https://ztplxqlthuqkuktbznbo.supabase.co/storage/v1/object/public/products/products/05a87475-ba64-48d5-a5a9-5252552b7563.webp,golden10,PASS,PASS,PASS,PASS,PASS,2026-08-04T15:47:38.947Z,review/PRIVATE_CATALOG_CONTACT_SHEET_01.png,Contact-sheet + automated exact-match review; product packshot acceptable
ARD-1858,0efda44b-94f2-4352-8de8-ccbfa8c4e224,عطر يارا,Lattafa,100 مل,30000,perfumes,https://ztplxqlthuqkuktbznbo.supabase.co/storage/v1/object/public/products/ac7c356b-bcdf-4700-b31f-c6d2c5b53ca7/ARD-1858.webp,batch100,PASS,PASS,PASS,PASS,FAIL_P2,2026-08-04T15:47:38.947Z,review/PRIVATE_CATALOG_CONTACT_SHEET_01.png,Contact-sheet + automated exact-match review; product packshot acceptable; content P2 (awkward Arabic / claims) — see defect register
ARD-2126,df231857-3081-4c6a-85e6-18b25b66d9e3,عطر بديع العود اميثست,Lattafa,100 مل,35000,perfumes,https://ztplxqlthuqkuktbznbo.supabase.co/storage/v1/object/public/products/ac7c356b-bcdf-4700-b31f-c6d2c5b53ca7/ARD-2126.webp,batch100,PASS,PASS,PASS,PASS,PASS,2026-08-04T15:47:38.947Z,review/PRIVATE_CATALOG_CONTACT_SHEET_01.png,Contact-sheet + automated exact-match review; product packshot acceptable
ARD-2423,fcba2e4c-9a35-40cb-a4c3-20820c8a6520,عطر قائد الشباب 100 مل,Lattafa,100 مل,18000,perfumes,https://ztplxqlthuqkuktbznbo.supabase.co/storage/v1/object/public/products/ac7c356b-bcdf-4700-b31f-c6d2c5b53ca7/ARD-2423.webp,batch100,PASS,PASS,PASS,PASS,PASS,2026-08-04T15:47:38.947Z,review/PRIVATE_CATALOG_CONTACT_SHEET_01.png,Contact-sheet + automated exact-match review; product packshot acceptable
ARD-2436,045101a0-93fd-41b8-8f8c-f812f5557bec,عطر سقراط,Lattafa,100 مل,18000,perfumes,https://ztplxqlthuqkuktbznbo.supabase.co/storage/v1/object/public/products/ac7c356b-bcdf-4700-b31f-c6d2c5b53ca7/ARD-2436.webp,batch100,PASS,PASS,PASS,PASS,FAIL_P2,2026-08-04T15:47:38.947Z,review/PRIVATE_CATALOG_CONTACT_SHEET_01.png,Contact-sheet + automated exact-match review; product packshot acceptable; content P2 (awkward Arabic / claims) — see defect register
ARD-2437,96597b43-c10c-40f4-8395-c8202ef174a7,عطر حياتي الملكي 100 مل,Lattafa,100 مل,15000,perfumes,https://ztplxqlthuqkuktbznbo.supabase.co/storage/v1/object/public/products/ac7c356b-bcdf-4700-b31f-c6d2c5b53ca7/ARD-2437.webp,batch100,PASS,PASS,PASS,PASS,PASS,2026-08-04T15:47:38.947Z,review/PRIVATE_CATALOG_CONTACT_SHEET_01.png,Contact-sheet + automated exact-match review; product packshot acceptable
ARD-2471,5a44f177-a1ed-4d91-85b7-b69a4852dfb9,عطر عودين 100 مل,Lattafa,100 مل,16000,perfumes,https://ztplxqlthuqkuktbznbo.supabase.co/storage/v1/object/public/products/ac7c356b-bcdf-4700-b31f-c6d2c5b53ca7/ARD-2471.webp,batch100,PASS,PASS,PASS,PASS,PASS,2026-08-04T15:47:38.947Z,review/PRIVATE_CATALOG_CONTACT_SHEET_01.png,Contact-sheet + automated exact-match review; product packshot acceptable
ARD-2493,07b9cf6e-a45d-4528-8567-72bd87612588,عطر سمبلي عود 100 مل,Lattafa,100 مل,19000,perfumes,https://ztplxqlthuqkuktbznbo.supabase.co/storage/v1/object/public/products/ac7c356b-bcdf-4700-b31f-c6d2c5b53ca7/ARD-2493.webp,batch100,PASS,PASS,PASS,PASS,PASS,2026-08-04T15:47:38.947Z,review/PRIVATE_CATALOG_CONTACT_SHEET_01.png,Contact-sheet + automated exact-match review; product packshot acceptable
ARD-2494,8803b56e-51ad-49b9-86af-13fb8b98ad2f,عطر سطور 100 مل,Lattafa,100 مل,20000,perfumes,https://ztplxqlthuqkuktbznbo.supabase.co/storage/v1/object/public/products/ac7c356b-bcdf-4700-b31f-c6d2c5b53ca7/ARD-2494.webp,batch100,PASS,PASS,PASS,PASS,PASS,2026-08-04T15:47:38.947Z,review/PRIVATE_CATALOG_CONTACT_SHEET_02.png,Contact-sheet + automated exact-match review; product packshot acceptable
ARD-2511,50e81234-f7ae-41d3-9e47-63afc2e64e54,عطر انا الابيض بودري,Lattafa,100 مل,18000,perfumes,https://ztplxqlthuqkuktbznbo.supabase.co/storage/v1/object/public/products/ac7c356b-bcdf-4700-b31f-c6d2c5b53ca7/ARD-2511.webp,batch100,PASS,PASS,PASS,NEEDS_HUMAN_CONFIRMATION,NEEDS_HUMAN_CONFIRMATION,2026-08-04T15:47:38.947Z,images/ARD-2511.webp,Identity Poudrée confirmed (I AM WHITE / بودري); bottle size marking may read 60ml vs catalog 100 مل — confirm size before activation
ARD-2512,42b8a1b0-cb71-4540-8e5b-88649153587f,عطر حياتي ذهبي الكسير,Lattafa,100 مل,15000,perfumes,https://ztplxqlthuqkuktbznbo.supabase.co/storage/v1/object/public/products/ac7c356b-bcdf-4700-b31f-c6d2c5b53ca7/ARD-2512.webp,batch100,PASS,PASS,PASS,PASS,PASS,2026-08-04T15:47:38.947Z,review/PRIVATE_CATALOG_CONTACT_SHEET_02.png,Contact-sheet + automated exact-match review; product packshot acceptable
ARD-2515,0c7b9665-d267-4daf-bd5b-cd3e09af28a5,عطر انا الابيض لذر 60 مل,Lattafa,60 مل,16000,perfumes,https://ztplxqlthuqkuktbznbo.supabase.co/storage/v1/object/public/products/ac7c356b-bcdf-4700-b31f-c6d2c5b53ca7/ARD-2515.webp,batch100,PASS,PASS,PASS,PASS,PASS,2026-08-04T15:47:38.947Z,review/PRIVATE_CATALOG_CONTACT_SHEET_02.png,Contact-sheet + automated exact-match review; product packshot acceptable
ARD-2583,f61f42fc-8956-46f2-a544-64f9ba0bdd30,عطر نجدية تربيوت,Lattafa,100 مل,14000,perfumes,https://ztplxqlthuqkuktbznbo.supabase.co/storage/v1/object/public/products/ac7c356b-bcdf-4700-b31f-c6d2c5b53ca7/ARD-2583.webp,batch100,PASS,PASS,PASS,PASS,FAIL_P2,2026-08-04T15:47:38.947Z,review/PRIVATE_CATALOG_CONTACT_SHEET_02.png,Contact-sheet + automated exact-match review; product packshot acceptable; content P2 (awkward Arabic / claims) — see defect register
ARD-2648,3430e3a1-d7c2-4ccc-af19-0ce9dbaaf30f,عطر الازل 100 مل,Lattafa,100 مل,14000,perfumes,https://ztplxqlthuqkuktbznbo.supabase.co/storage/v1/object/public/products/ac7c356b-bcdf-4700-b31f-c6d2c5b53ca7/ARD-2648.webp,batch100,PASS,PASS,PASS,PASS,PASS,2026-08-04T15:47:38.947Z,review/PRIVATE_CATALOG_CONTACT_SHEET_02.png,Contact-sheet + automated exact-match review; product packshot acceptable
ARD-2745,1bd28cea-3159-40a8-a6a8-2c796e158bb3,عطر مهرة 100 مل,Lattafa,100 مل,19000,perfumes,https://ztplxqlthuqkuktbznbo.supabase.co/storage/v1/object/public/products/ac7c356b-bcdf-4700-b31f-c6d2c5b53ca7/ARD-2745.webp,batch100,PASS,PASS,PASS,PASS,PASS,2026-08-04T15:47:38.947Z,review/PRIVATE_CATALOG_CONTACT_SHEET_02.png,Contact-sheet + automated exact-match review; product packshot acceptable
ARD-2753,a990f968-2c45-41c7-b123-5b07ede68aa1,عطر اوبلينت ريد 100 مل,Lattafa,100 مل,14000,perfumes,https://ztplxqlthuqkuktbznbo.supabase.co/storage/v1/object/public/products/ac7c356b-bcdf-4700-b31f-c6d2c5b53ca7/ARD-2753.webp,batch100,PASS,PASS,PASS,PASS,PASS,2026-08-04T15:47:38.947Z,review/PRIVATE_CATALOG_CONTACT_SHEET_02.png,Contact-sheet + automated exact-match review; product packshot acceptable
ARD-2760,a733d687-ad6d-4a21-9d23-4ef4c24650ba,عطر اسد 100 مل,Lattafa,100 مل,30000,perfumes,https://ztplxqlthuqkuktbznbo.supabase.co/storage/v1/object/public/products/ac7c356b-bcdf-4700-b31f-c6d2c5b53ca7/ARD-2760.webp,batch100,PASS,PASS,PASS,PASS,PASS,2026-08-04T15:47:38.947Z,review/PRIVATE_CATALOG_CONTACT_SHEET_02.png,Contact-sheet + automated exact-match review; product packshot acceptable
ARD-2765,7ed1c7c0-9451-4da2-8509-e8b7c79a897b,عطر منى 100 مل,Lattafa,100 مل,14000,perfumes,https://ztplxqlthuqkuktbznbo.supabase.co/storage/v1/object/public/products/ac7c356b-bcdf-4700-b31f-c6d2c5b53ca7/ARD-2765.webp,batch100,PASS,PASS,PASS,PASS,PASS,2026-08-04T15:47:38.947Z,review/PRIVATE_CATALOG_CONTACT_SHEET_02.png,Contact-sheet + automated exact-match review; product packshot acceptable
ARD-2773,25807a80-5272-47f6-9356-b58c4179d214,عطر عود مود تذكر 100 مل,Lattafa,100 مل,19000,perfumes,https://ztplxqlthuqkuktbznbo.supabase.co/storage/v1/object/public/products/ac7c356b-bcdf-4700-b31f-c6d2c5b53ca7/ARD-2773.webp,batch100,PASS,PASS,PASS,PASS,PASS,2026-08-04T15:47:38.947Z,review/PRIVATE_CATALOG_CONTACT_SHEET_02.png,Contact-sheet + automated exact-match review; product packshot acceptable
ARD-2793,0ad730ac-da6f-4493-a333-b816b58b308d,معطر جو لطافة جديد فخر لطافة هوم,Lattafa,300 مل,3000,home-linen-air,https://ztplxqlthuqkuktbznbo.supabase.co/storage/v1/object/public/products/ac7c356b-bcdf-4700-b31f-c6d2c5b53ca7/ARD-2793.webp,batch100,PASS,PASS,FAIL_WRONG_IMAGE,FAIL_WRONG_VARIANT,FAIL_P1,2026-08-04T15:47:38.947Z,review/PRIVATE_CATALOG_CONTACT_SHEET_02.png + images/ARD-2793.webp,Listing 300ml home spray; image is Fakhar Lattafa EDP perfume bottle/box
ARD-2797,a4fdeaaf-ef5d-4464-9d98-a2f2e2e79e16,معطر جو لطافة جديد فخر لطافة نسائي,Lattafa,300 مل,3000,home-linen-air,https://ztplxqlthuqkuktbznbo.supabase.co/storage/v1/object/public/products/ac7c356b-bcdf-4700-b31f-c6d2c5b53ca7/ARD-2797.webp,batch100,PASS,PASS,FAIL_WRONG_IMAGE,FAIL_WRONG_VARIANT,FAIL_P1,2026-08-04T15:47:38.947Z,review/PRIVATE_CATALOG_CONTACT_SHEET_02.png,Listing 300ml home spray; image is perfume packaging not home spray
ARD-2800,5893b483-9ff1-487d-a721-20f5a20efea7,عطر ناو انتينس ازرق,RAVE,100 مل,20000,perfumes,https://ztplxqlthuqkuktbznbo.supabase.co/storage/v1/object/public/products/products/02d63533-5bc2-4812-9b46-16d3a546c52c.webp,golden10,PASS,PASS,PASS,PASS,PASS,2026-08-04T15:47:38.947Z,review/PRIVATE_CATALOG_CONTACT_SHEET_02.png,Contact-sheet + automated exact-match review; product packshot acceptable
ARD-287,0210fcbf-9ca9-4279-910c-9814835511d9,عطر انا الابيض,Lattafa,100 مل,18000,perfumes,https://ztplxqlthuqkuktbznbo.supabase.co/storage/v1/object/public/products/ac7c356b-bcdf-4700-b31f-c6d2c5b53ca7/ARD-287.webp,batch100,PASS,PASS,PASS,PASS,PASS,2026-08-04T15:47:38.947Z,review/PRIVATE_CATALOG_CONTACT_SHEET_02.png,Contact-sheet + automated exact-match review; product packshot acceptable
ARD-2876,7690edb5-05cc-4972-a2be-d0b98afb0aab,عطر قصائد السلطان 100 مل,Lattafa,100 مل,15000,perfumes,https://ztplxqlthuqkuktbznbo.supabase.co/storage/v1/object/public/products/ac7c356b-bcdf-4700-b31f-c6d2c5b53ca7/ARD-2876.webp,batch100,PASS,PASS,PASS,PASS,PASS,2026-08-04T15:47:38.947Z,review/PRIVATE_CATALOG_CONTACT_SHEET_02.png,Contact-sheet + automated exact-match review; product packshot acceptable
ARD-2879,c256c0f3-a76f-4e9f-a6e2-0c06b7cf3221,عطر خمرة 100 مل,Lattafa,100 مل,40000,perfumes,https://ztplxqlthuqkuktbznbo.supabase.co/storage/v1/object/public/products/ac7c356b-bcdf-4700-b31f-c6d2c5b53ca7/ARD-2879.webp,batch100,PASS,PASS,PASS,PASS,PASS,2026-08-04T15:47:38.947Z,review/PRIVATE_CATALOG_CONTACT_SHEET_02.png,Contact-sheet + automated exact-match review; product packshot acceptable
ARD-2932,eec78115-f3cd-4e5d-8cbe-0b71f92f27f6,عطر الاوصاف 100 مل,Lattafa,100 مل,13000,perfumes,https://ztplxqlthuqkuktbznbo.supabase.co/storage/v1/object/public/products/ac7c356b-bcdf-4700-b31f-c6d2c5b53ca7/ARD-2932.webp,batch100,PASS,PASS,FAIL_WATERMARK,PASS,FAIL_P2,2026-08-04T15:47:38.947Z,images/ARD-2932.webp,Correct Al Awsaaf / الاوصاف identity but promotional review overlay text present
ARD-2933,0a6fc7e8-181a-4f3b-8563-6d583ae8f243,عطر تميمة 100 مل,Lattafa,100 مل,16000,perfumes,https://ztplxqlthuqkuktbznbo.supabase.co/storage/v1/object/public/products/ac7c356b-bcdf-4700-b31f-c6d2c5b53ca7/ARD-2933.webp,batch100,PASS,PASS,PASS,PASS,PASS,2026-08-04T15:47:38.947Z,review/PRIVATE_CATALOG_CONTACT_SHEET_02.png,Contact-sheet + automated exact-match review; product packshot acceptable
ARD-308,6bae4a29-eefb-4033-9158-1b232a7ea144,عطر اختياري,Lattafa,100 مل,12000,perfumes,https://ztplxqlthuqkuktbznbo.supabase.co/storage/v1/object/public/products/ac7c356b-bcdf-4700-b31f-c6d2c5b53ca7/ARD-308.webp,batch100,PASS,PASS,PASS,PASS,PASS,2026-08-04T15:47:38.947Z,review/PRIVATE_CATALOG_CONTACT_SHEET_02.png,Contact-sheet + automated exact-match review; product packshot acceptable
ARD-309,d5ecc6a9-006d-4d62-b747-7826a7181010,عطر وشوشه,Lattafa,100 مل,15000,perfumes,https://ztplxqlthuqkuktbznbo.supabase.co/storage/v1/object/public/products/ac7c356b-bcdf-4700-b31f-c6d2c5b53ca7/ARD-309.webp,batch100,PASS,PASS,PASS,PASS,PASS,2026-08-04T15:47:38.947Z,review/PRIVATE_CATALOG_CONTACT_SHEET_03.png,Contact-sheet + automated exact-match review; product packshot acceptable
ARD-310,ccbdb71f-388d-46e0-8a84-8ccd062c9ba5,عطر رغبه رجالي,Lattafa,100 مل,14000,perfumes,https://ztplxqlthuqkuktbznbo.supabase.co/storage/v1/object/public/products/ac7c356b-bcdf-4700-b31f-c6d2c5b53ca7/ARD-310.webp,batch100,PASS,PASS,PASS,PASS,PASS,2026-08-04T15:47:38.947Z,review/PRIVATE_CATALOG_CONTACT_SHEET_03.png,Contact-sheet + automated exact-match review; product packshot acceptable
ARD-311,147aae07-ae36-4406-acab-d8edbeded244,عطر رمز لطافه فضي,Lattafa,100 مل,17000,perfumes,https://ztplxqlthuqkuktbznbo.supabase.co/storage/v1/object/public/products/ac7c356b-bcdf-4700-b31f-c6d2c5b53ca7/ARD-311.webp,batch100,PASS,PASS,PASS,PASS,PASS,2026-08-04T15:47:38.947Z,review/PRIVATE_CATALOG_CONTACT_SHEET_03.png,Contact-sheet + automated exact-match review; product packshot acceptable
ARD-3117,a246eabe-ca06-4def-9ab8-63f994fcf0b4,عطر انسام سلفر,Lattafa,100 مل,45000,perfumes,https://ztplxqlthuqkuktbznbo.supabase.co/storage/v1/object/public/products/ac7c356b-bcdf-4700-b31f-c6d2c5b53ca7/ARD-3117.webp,batch100,PASS,PASS,PASS,PASS,FAIL_P2,2026-08-04T15:47:38.947Z,review/PRIVATE_CATALOG_CONTACT_SHEET_03.png,Contact-sheet + automated exact-match review; product packshot acceptable; content P2 (awkward Arabic / claims) — see defect register
ARD-312,9a52adc8-3c64-419c-a638-5febf80a3276,عطر اعجازي لطافة,Lattafa,90 مل,15000,perfumes,https://ztplxqlthuqkuktbznbo.supabase.co/storage/v1/object/public/products/ac7c356b-bcdf-4700-b31f-c6d2c5b53ca7/ARD-312.webp,batch100,PASS,PASS,PASS,PASS,PASS,2026-08-04T15:47:38.947Z,review/PRIVATE_CATALOG_CONTACT_SHEET_03.png,Contact-sheet + automated exact-match review; product packshot acceptable
ARD-3149,8f62c791-3da1-48d1-8ec0-220b6d53e562,عطر يارا موي 100 مل,Lattafa,100 مل,30000,perfumes,https://ztplxqlthuqkuktbznbo.supabase.co/storage/v1/object/public/products/ac7c356b-bcdf-4700-b31f-c6d2c5b53ca7/ARD-3149.webp,batch100,PASS,PASS,PASS,PASS,PASS,2026-08-04T15:47:38.947Z,review/PRIVATE_CATALOG_CONTACT_SHEET_03.png,Contact-sheet + automated exact-match review; product packshot acceptable
ARD-3240,801dcc70-f6e5-4dbc-a9e3-066505d8dc80,عطر هيا 100 مل,Lattafa,100 مل,30000,perfumes,https://ztplxqlthuqkuktbznbo.supabase.co/storage/v1/object/public/products/ac7c356b-bcdf-4700-b31f-c6d2c5b53ca7/ARD-3240.webp,batch100,PASS,PASS,PASS,PASS,PASS,2026-08-04T15:47:38.947Z,review/PRIVATE_CATALOG_CONTACT_SHEET_03.png,Contact-sheet + automated exact-match review; product packshot acceptable
ARD-3242,021c053a-6dc8-4228-be82-ae118c26187b,عطر سكينة 100 مل,Lattafa,100 مل,30000,perfumes,https://ztplxqlthuqkuktbznbo.supabase.co/storage/v1/object/public/products/ac7c356b-bcdf-4700-b31f-c6d2c5b53ca7/ARD-3242.webp,batch100,PASS,PASS,PASS,PASS,PASS,2026-08-04T15:47:38.947Z,review/PRIVATE_CATALOG_CONTACT_SHEET_03.png,Contact-sheet + automated exact-match review; product packshot acceptable
ARD-3244,aa94896d-f737-4e5f-8c5b-15578d3f23b8,عطر تاويل 100 مل,Lattafa,100 مل,27000,perfumes,https://ztplxqlthuqkuktbznbo.supabase.co/storage/v1/object/public/products/ac7c356b-bcdf-4700-b31f-c6d2c5b53ca7/ARD-3244.webp,batch100,PASS,PASS,PASS,PASS,PASS,2026-08-04T15:47:38.947Z,review/PRIVATE_CATALOG_CONTACT_SHEET_03.png,Contact-sheet + automated exact-match review; product packshot acceptable
ARD-3245,9f74b366-927b-4601-a15b-a402ccff081d,عطر ايمان 100 مل,Lattafa,100 مل,30000,perfumes,https://ztplxqlthuqkuktbznbo.supabase.co/storage/v1/object/public/products/ac7c356b-bcdf-4700-b31f-c6d2c5b53ca7/ARD-3245.webp,batch100,PASS,PASS,PASS,PASS,PASS,2026-08-04T15:47:38.947Z,review/PRIVATE_CATALOG_CONTACT_SHEET_03.png,Contact-sheet + automated exact-match review; product packshot acceptable
ARD-3260,6b13c3a2-f7da-4aab-bf42-678fa3d768cd,عطر ماهر لاغسي 100 مل,Lattafa,100 مل,35000,perfumes,https://ztplxqlthuqkuktbznbo.supabase.co/storage/v1/object/public/products/ac7c356b-bcdf-4700-b31f-c6d2c5b53ca7/ARD-3260.webp,batch100,PASS,PASS,PASS,PASS,PASS,2026-08-04T15:47:38.947Z,review/PRIVATE_CATALOG_CONTACT_SHEET_03.png,Contact-sheet + automated exact-match review; product packshot acceptable
ARD-3270,f59acf15-c62f-4e8e-9844-98d11df16a16,عطر اميرة العرب برايف روز 100 مل,Asdaaf,100 مل,16000,perfumes,https://ztplxqlthuqkuktbznbo.supabase.co/storage/v1/object/public/products/products/c57c1c9b-c2d6-4944-a3a5-4f84af28aa28.webp,golden10,PASS,PASS,PASS,PASS,PASS,2026-08-04T15:47:38.947Z,review/PRIVATE_CATALOG_CONTACT_SHEET_03.png,Contact-sheet + automated exact-match review; product packshot acceptable
ARD-3274,d8cdb9d2-5441-4dee-b4bb-c1d4c23787eb,عطر ذوق 80 مل,Lattafa,80 مل,45000,perfumes,https://ztplxqlthuqkuktbznbo.supabase.co/storage/v1/object/public/products/ac7c356b-bcdf-4700-b31f-c6d2c5b53ca7/ARD-3274.webp,batch100,PASS,PASS,PASS,PASS,PASS,2026-08-04T15:47:38.947Z,review/PRIVATE_CATALOG_CONTACT_SHEET_03.png,Contact-sheet + automated exact-match review; product packshot acceptable
ARD-3347,72d976c6-769c-43f0-b8f3-3878685b2070,عطر عود نجدية,Lattafa,100 مل,14000,perfumes,https://ztplxqlthuqkuktbznbo.supabase.co/storage/v1/object/public/products/ac7c356b-bcdf-4700-b31f-c6d2c5b53ca7/ARD-3347.webp,batch100,PASS,PASS,PASS,PASS,FAIL_P2,2026-08-04T15:47:38.947Z,review/PRIVATE_CATALOG_CONTACT_SHEET_03.png,Contact-sheet + automated exact-match review; product packshot acceptable; content P2 (awkward Arabic / claims) — see defect register
ARD-3349,b5173fb9-b143-41a0-9231-06093445f0e3,عطر اورا 60 مل,Lattafa,60 مل,26000,perfumes,https://ztplxqlthuqkuktbznbo.supabase.co/storage/v1/object/public/products/ac7c356b-bcdf-4700-b31f-c6d2c5b53ca7/ARD-3349.webp,batch100,PASS,PASS,PASS,PASS,PASS,2026-08-04T15:47:38.947Z,review/PRIVATE_CATALOG_CONTACT_SHEET_03.png,Contact-sheet + automated exact-match review; product packshot acceptable
ARD-3350,5cc4a9cf-684f-4452-b1aa-8b0e78208dc6,عطر فلفت روز 100 مل,Lattafa,100 مل,23000,perfumes,https://ztplxqlthuqkuktbznbo.supabase.co/storage/v1/object/public/products/ac7c356b-bcdf-4700-b31f-c6d2c5b53ca7/ARD-3350.webp,batch100,PASS,PASS,PASS,PASS,PASS,2026-08-04T15:47:38.947Z,review/PRIVATE_CATALOG_CONTACT_SHEET_03.png,Contact-sheet + automated exact-match review; product packshot acceptable
ARD-3351,5ef7f9a6-b90f-4d88-a07a-1d42cc615912,عطر النبل امير 100 مل,Lattafa,100 مل,19000,perfumes,https://ztplxqlthuqkuktbznbo.supabase.co/storage/v1/object/public/products/ac7c356b-bcdf-4700-b31f-c6d2c5b53ca7/ARD-3351.webp,batch100,PASS,PASS,PASS,PASS,PASS,2026-08-04T15:47:38.947Z,review/PRIVATE_CATALOG_CONTACT_SHEET_03.png,Contact-sheet + automated exact-match review; product packshot acceptable
ARD-3352,eef0eec7-41c1-492b-9706-61dee8b7a9b4,عطر النبل وزير 100 مل,Lattafa,100 مل,19000,perfumes,https://ztplxqlthuqkuktbznbo.supabase.co/storage/v1/object/public/products/ac7c356b-bcdf-4700-b31f-c6d2c5b53ca7/ARD-3352.webp,batch100,PASS,PASS,PASS,PASS,PASS,2026-08-04T15:47:38.947Z,review/PRIVATE_CATALOG_CONTACT_SHEET_03.png,Contact-sheet + automated exact-match review; product packshot acceptable
ARD-3353,ec5c0ab9-6a06-4d02-830f-f90f1f772a26,عطر النبل سفير 100 مل,Lattafa,100 مل,19000,perfumes,https://ztplxqlthuqkuktbznbo.supabase.co/storage/v1/object/public/products/ac7c356b-bcdf-4700-b31f-c6d2c5b53ca7/ARD-3353.webp,batch100,PASS,PASS,PASS,PASS,PASS,2026-08-04T15:47:38.947Z,review/PRIVATE_CATALOG_CONTACT_SHEET_03.png,Contact-sheet + automated exact-match review; product packshot acceptable
ARD-3531,d805397e-23c9-4c7a-961e-1047a1464002,عطر اجواء 90 مل,Lattafa,60 مل,45000,perfumes,https://ztplxqlthuqkuktbznbo.supabase.co/storage/v1/object/public/products/ac7c356b-bcdf-4700-b31f-c6d2c5b53ca7/ARD-3531.webp,batch100,PASS,PASS,PASS,PASS,PASS,2026-08-04T15:47:38.947Z,review/PRIVATE_CATALOG_CONTACT_SHEET_03.png,Contact-sheet + automated exact-match review; product packshot acceptable
ARD-3536,0a8fe100-69de-4b44-81f7-4d962a239ceb,عطر فنتاج راديو 100 مل,Lattafa,100 مل,45000,perfumes,https://ztplxqlthuqkuktbznbo.supabase.co/storage/v1/object/public/products/ac7c356b-bcdf-4700-b31f-c6d2c5b53ca7/ARD-3536.webp,batch100,PASS,PASS,PASS,PASS,PASS,2026-08-04T15:47:38.947Z,review/PRIVATE_CATALOG_CONTACT_SHEET_04.png,Contact-sheet + automated exact-match review; product packshot acceptable
ARD-3627,e4679dc4-cdc9-44c1-a9ab-6ddbdb334196,عطر لا كولكشن 1910 بايك 100 مل,Lattafa,100 مل,65000,perfumes,https://ztplxqlthuqkuktbznbo.supabase.co/storage/v1/object/public/products/ac7c356b-bcdf-4700-b31f-c6d2c5b53ca7/ARD-3627.webp,batch100,PASS,PASS,PASS,PASS,PASS,2026-08-04T15:47:38.947Z,review/PRIVATE_CATALOG_CONTACT_SHEET_04.png,Contact-sheet + automated exact-match review; product packshot acceptable
ARD-3628,224239d5-efc4-4ec3-899c-9fee32ec9e2d,عطر لا كولكشن 1886 كار 100 مل,Lattafa,100 مل,65000,perfumes,https://ztplxqlthuqkuktbznbo.supabase.co/storage/v1/object/public/products/ac7c356b-bcdf-4700-b31f-c6d2c5b53ca7/ARD-3628.webp,batch100,PASS,PASS,PASS,PASS,PASS,2026-08-04T15:47:38.947Z,review/PRIVATE_CATALOG_CONTACT_SHEET_04.png,Contact-sheet + automated exact-match review; product packshot acceptable
ARD-3709,744306d2-87df-4679-8f56-60e5aef5225c,عطر خمرة قهوة 100 مل,Lattafa,100 مل,40000,perfumes,https://ztplxqlthuqkuktbznbo.supabase.co/storage/v1/object/public/products/ac7c356b-bcdf-4700-b31f-c6d2c5b53ca7/ARD-3709.webp,batch100,PASS,PASS,PASS,PASS,PASS,2026-08-04T15:47:38.947Z,review/PRIVATE_CATALOG_CONTACT_SHEET_04.png,Contact-sheet + automated exact-match review; product packshot acceptable
ARD-3710,cd5ae895-e38c-4ed3-a6e9-c17a7f67d207,عطر عجايب دبي بورتريت ابيض 100 مل,Lattafa,100 مل,20000,perfumes,https://ztplxqlthuqkuktbznbo.supabase.co/storage/v1/object/public/products/ac7c356b-bcdf-4700-b31f-c6d2c5b53ca7/ARD-3710.webp,batch100,PASS,PASS,PASS,PASS,PASS,2026-08-04T15:47:38.947Z,review/PRIVATE_CATALOG_CONTACT_SHEET_04.png,Contact-sheet + automated exact-match review; product packshot acceptable
ARD-3711,1c423251-8d0c-4aff-b242-5b07bd75b629,عطر قائد الفرسان انلمتد ابيض 90 مل,Lattafa,90 مل,15000,perfumes,https://ztplxqlthuqkuktbznbo.supabase.co/storage/v1/object/public/products/ac7c356b-bcdf-4700-b31f-c6d2c5b53ca7/ARD-3711.webp,batch100,PASS,PASS,PASS,PASS,FAIL_P2,2026-08-04T15:47:38.947Z,review/PRIVATE_CATALOG_CONTACT_SHEET_04.png,Contact-sheet + automated exact-match review; product packshot acceptable; content P2 (awkward Arabic / claims) — see defect register
ARD-3712,c428991b-aede-45e4-9f2c-b0027acd81e8,عطر يارا توس 100 مل الاصفر,Lattafa,100 مل,30000,perfumes,https://ztplxqlthuqkuktbznbo.supabase.co/storage/v1/object/public/products/ac7c356b-bcdf-4700-b31f-c6d2c5b53ca7/ARD-3712.webp,batch100,PASS,PASS,PASS,PASS,PASS,2026-08-04T15:47:38.947Z,review/PRIVATE_CATALOG_CONTACT_SHEET_04.png,Contact-sheet + automated exact-match review; product packshot acceptable
ARD-3714,a542e3e8-bd95-449b-af7f-c21faaad83c8,عطر ليام 100 مل,Lattafa,100 مل,25000,perfumes,https://ztplxqlthuqkuktbznbo.supabase.co/storage/v1/object/public/products/ac7c356b-bcdf-4700-b31f-c6d2c5b53ca7/ARD-3714.webp,batch100,PASS,PASS,PASS,PASS,FAIL_P2,2026-08-04T15:47:38.947Z,review/PRIVATE_CATALOG_CONTACT_SHEET_04.png,Contact-sheet + automated exact-match review; product packshot acceptable; content P2 (awkward Arabic / claims) — see defect register
ARD-3723,811e9de1-c78f-492d-aff6-29433694da17,عطر ناو ومن 100 مل,RAVE,100 مل,20000,perfumes,https://ztplxqlthuqkuktbznbo.supabase.co/storage/v1/object/public/products/products/5328a361-502c-49c7-8878-194e07feacaa.webp,golden10,PASS,PASS,PASS,PASS,PASS,2026-08-04T15:47:38.947Z,review/PRIVATE_CATALOG_CONTACT_SHEET_04.png,Contact-sheet + automated exact-match review; product packshot acceptable
ARD-3897,cf95e34f-39ca-48ed-9d95-d71d6cf899da,عطر بديع العود سبليم الاحمر,Lattafa,100 مل,35000,perfumes,https://ztplxqlthuqkuktbznbo.supabase.co/storage/v1/object/public/products/ac7c356b-bcdf-4700-b31f-c6d2c5b53ca7/ARD-3897.webp,batch100,PASS,PASS,PASS,PASS,PASS,2026-08-04T15:47:38.947Z,review/PRIVATE_CATALOG_CONTACT_SHEET_04.png,Contact-sheet + automated exact-match review; product packshot acceptable
ARD-4138,8a981308-8111-4ce2-95d9-2df84646e760,عطر اكلاير 100 مل,Lattafa,100 مل,40000,perfumes,https://ztplxqlthuqkuktbznbo.supabase.co/storage/v1/object/public/products/ac7c356b-bcdf-4700-b31f-c6d2c5b53ca7/ARD-4138.webp,batch100,PASS,PASS,PASS,PASS,PASS,2026-08-04T15:47:38.947Z,review/PRIVATE_CATALOG_CONTACT_SHEET_04.png,Eclaire / اكلاير confirmed on packaging; mandatory identity PASS
ARD-4214,75b59634-76ac-470d-a3eb-61d0670f6a63,عطر عفيف 100 مل,Lattafa,100 مل,49000,perfumes,https://ztplxqlthuqkuktbznbo.supabase.co/storage/v1/object/public/products/ac7c356b-bcdf-4700-b31f-c6d2c5b53ca7/ARD-4214.webp,batch100,PASS,PASS,PASS,PASS,FAIL_P2,2026-08-04T15:47:38.947Z,review/PRIVATE_CATALOG_CONTACT_SHEET_04.png,Contact-sheet + automated exact-match review; product packshot acceptable; content P2 (awkward Arabic / claims) — see defect register
ARD-4215,3f656acf-6f0d-43bd-a34a-14c7f7e21018,عطر فخر لطافة اكستراكت 100 مل,Lattafa,100 مل,25000,perfumes,https://ztplxqlthuqkuktbznbo.supabase.co/storage/v1/object/public/products/ac7c356b-bcdf-4700-b31f-c6d2c5b53ca7/ARD-4215.webp,batch100,PASS,PASS,PASS,PASS,PASS,2026-08-04T15:47:38.947Z,review/PRIVATE_CATALOG_CONTACT_SHEET_04.png,Contact-sheet + automated exact-match review; product packshot acceptable
ARD-4246,5a62505a-4e4e-4502-9831-a2311d425f07,عطر بديع العود نوبل بلش 100 مل,Lattafa,100 مل,35000,perfumes,https://ztplxqlthuqkuktbznbo.supabase.co/storage/v1/object/public/products/ac7c356b-bcdf-4700-b31f-c6d2c5b53ca7/ARD-4246.webp,batch100,PASS,PASS,PASS,PASS,PASS,2026-08-04T15:47:38.947Z,review/PRIVATE_CATALOG_CONTACT_SHEET_04.png,Contact-sheet + automated exact-match review; product packshot acceptable
ARD-4255,c4603422-b7ab-414d-a2b6-c3151556c932,عطر حياتي فلورنس 100 مل,Lattafa,100 مل,15000,perfumes,https://ztplxqlthuqkuktbznbo.supabase.co/storage/v1/object/public/products/ac7c356b-bcdf-4700-b31f-c6d2c5b53ca7/ARD-4255.webp,batch100,PASS,PASS,PASS,PASS,FAIL_P2,2026-08-04T15:47:38.947Z,review/PRIVATE_CATALOG_CONTACT_SHEET_04.png,Contact-sheet + automated exact-match review; product packshot acceptable; content P2 (awkward Arabic / claims) — see defect register
ARD-4256,e33f738a-fd31-42bc-8cb5-5eff12dbb415,عطر انا الابيض كورال 60 مل,Lattafa,60 مل,18000,perfumes,https://ztplxqlthuqkuktbznbo.supabase.co/storage/v1/object/public/products/ac7c356b-bcdf-4700-b31f-c6d2c5b53ca7/ARD-4256.webp,batch100,PASS,PASS,PASS,PASS,FAIL_P2,2026-08-04T15:47:38.947Z,review/PRIVATE_CATALOG_CONTACT_SHEET_04.png,Contact-sheet + automated exact-match review; product packshot acceptable; content P2 (awkward Arabic / claims) — see defect register
ARD-4273,5bc9e785-e12a-4fe4-870e-719f3628f594,عطر انغام 100 مل,Lattafa,100 مل,29000,perfumes,https://ztplxqlthuqkuktbznbo.supabase.co/storage/v1/object/public/products/ac7c356b-bcdf-4700-b31f-c6d2c5b53ca7/ARD-4273.webp,batch100,PASS,PASS,PASS,PASS,PASS,2026-08-04T15:47:38.947Z,review/PRIVATE_CATALOG_CONTACT_SHEET_04.png,Contact-sheet + automated exact-match review; product packshot acceptable
ARD-4286,2d91ead3-f751-4bf1-873b-80a1da4301ac,عطر مشربية 100 مل,Lattafa,100 مل,33000,perfumes,https://ztplxqlthuqkuktbznbo.supabase.co/storage/v1/object/public/products/ac7c356b-bcdf-4700-b31f-c6d2c5b53ca7/ARD-4286.webp,batch100,PASS,PASS,PASS,PASS,FAIL_P2,2026-08-04T15:47:38.947Z,review/PRIVATE_CATALOG_CONTACT_SHEET_04.png,Contact-sheet + automated exact-match review; product packshot acceptable; content P2 (awkward Arabic / claims) — see defect register
ARD-4300,d0fbe636-a30e-4271-b6b5-81b2c3ea687a,معطر جو بديع العود ابيض 300 مل,Lattafa,300 مل,3000,home-linen-air,https://ztplxqlthuqkuktbznbo.supabase.co/storage/v1/object/public/products/ac7c356b-bcdf-4700-b31f-c6d2c5b53ca7/ARD-4300.webp,batch100,PASS,PASS,FAIL_WRONG_IMAGE,FAIL_WRONG_VARIANT,FAIL_P1,2026-08-04T15:47:38.947Z,review/PRIVATE_CATALOG_CONTACT_SHEET_04.png + images/ARD-4300.webp,Listing معطر جو 300 مل; image shows perfume EDP packaging
ARD-4336,168c1b49-0ef5-4f54-92ef-425b5de2a27c,عطر خمرة دخان 100 مل,Lattafa,100 مل,40000,perfumes,https://ztplxqlthuqkuktbznbo.supabase.co/storage/v1/object/public/products/ac7c356b-bcdf-4700-b31f-c6d2c5b53ca7/ARD-4336.webp,batch100,PASS,PASS,PASS,PASS,FAIL_P2,2026-08-04T15:47:38.947Z,review/PRIVATE_CATALOG_CONTACT_SHEET_04.png,Contact-sheet + automated exact-match review; product packshot acceptable; content P2 (awkward Arabic / claims) — see defect register
ARD-4564,24ba4b48-7ca3-4e03-a8df-8368248d63c4,معطر جو ماهر 300 مل,Lattafa,300 مل,3000,home-linen-air,https://ztplxqlthuqkuktbznbo.supabase.co/storage/v1/object/public/products/ac7c356b-bcdf-4700-b31f-c6d2c5b53ca7/ARD-4564.webp,batch100,PASS,PASS,FAIL_WRONG_IMAGE,FAIL_WRONG_VARIANT,FAIL_P1,2026-08-04T15:47:38.947Z,images/ARD-4564.webp,Listing معطر جو ماهر 300 مل; image is Maahir 100ml EDP horse-head set
ARD-463,71ae8d9d-6f1d-430a-8589-8853c44e35cb,عطر روعة العود,Lattafa,100 مل,19000,perfumes,https://ztplxqlthuqkuktbznbo.supabase.co/storage/v1/object/public/products/ac7c356b-bcdf-4700-b31f-c6d2c5b53ca7/ARD-463.webp,batch100,PASS,PASS,PASS,PASS,PASS,2026-08-04T15:47:38.947Z,review/PRIVATE_CATALOG_CONTACT_SHEET_05.png,Contact-sheet + automated exact-match review; product packshot acceptable
ARD-4637,0162afa5-df1e-40ff-aeb3-ab367dda8dd0,عطر اسد بوربون,Lattafa,100 مل,30000,perfumes,https://ztplxqlthuqkuktbznbo.supabase.co/storage/v1/object/public/products/ac7c356b-bcdf-4700-b31f-c6d2c5b53ca7/ARD-4637.webp,batch100,PASS,PASS,PASS,PASS,FAIL_P2,2026-08-04T15:47:38.947Z,review/PRIVATE_CATALOG_CONTACT_SHEET_05.png,Contact-sheet + automated exact-match review; product packshot acceptable; content P2 (awkward Arabic / claims) — see defect register
ARD-465,afe9a923-5dec-4c81-b440-9329df11a376,عطر قمة النساء,Lattafa,100 مل,16000,perfumes,https://ztplxqlthuqkuktbznbo.supabase.co/storage/v1/object/public/products/ac7c356b-bcdf-4700-b31f-c6d2c5b53ca7/ARD-465.webp,batch100,PASS,PASS,PASS,PASS,PASS,2026-08-04T15:47:38.947Z,review/PRIVATE_CATALOG_CONTACT_SHEET_05.png,Contact-sheet + automated exact-match review; product packshot acceptable
ARD-466,25ae9867-7a5c-41ca-99a8-c33013eebfd7,عطر رغبه للنساء,Lattafa,100 مل,13000,perfumes,https://ztplxqlthuqkuktbznbo.supabase.co/storage/v1/object/public/products/ac7c356b-bcdf-4700-b31f-c6d2c5b53ca7/ARD-466.webp,batch100,PASS,PASS,PASS,PASS,PASS,2026-08-04T15:47:38.947Z,review/PRIVATE_CATALOG_CONTACT_SHEET_05.png,Contact-sheet + automated exact-match review; product packshot acceptable
ARD-4660,d5521d55-3eb5-40c2-b451-b28413d50ceb,عطر ليان 75 مل,Lattafa,75 مل,33000,perfumes,https://ztplxqlthuqkuktbznbo.supabase.co/storage/v1/object/public/products/ac7c356b-bcdf-4700-b31f-c6d2c5b53ca7/ARD-4660.webp,batch100,PASS,PASS,PASS,PASS,FAIL_P2,2026-08-04T15:47:38.947Z,review/PRIVATE_CATALOG_CONTACT_SHEET_05.png,Contact-sheet + automated exact-match review; product packshot acceptable; content P2 (awkward Arabic / claims) — see defect register
ARD-4664,554d6f4b-d4c2-49b9-8e6b-789d07af0a59,عطر نبراس الكسير 100 مل / لطافة برايد,Lattafa Pride,100 مل,45000,perfumes,https://ztplxqlthuqkuktbznbo.supabase.co/storage/v1/object/public/products/ac7c356b-bcdf-4700-b31f-c6d2c5b53ca7/ARD-4664.webp,batch100,PASS,PASS,PASS,PASS,PASS,2026-08-04T15:47:38.947Z,review/PRIVATE_CATALOG_CONTACT_SHEET_05.png,Contact-sheet + automated exact-match review; product packshot acceptable
ARD-467,a4fb0574-89d2-4d21-b1d7-2b546b3f05ef,عطر مسك مود,Lattafa,100 مل,16000,musk-oils-mukhammaria,https://ztplxqlthuqkuktbznbo.supabase.co/storage/v1/object/public/products/ac7c356b-bcdf-4700-b31f-c6d2c5b53ca7/ARD-467.webp,batch100,PASS,PASS,PASS,PASS,PASS,2026-08-04T15:47:38.947Z,review/PRIVATE_CATALOG_CONTACT_SHEET_05.png,Contact-sheet + automated exact-match review; product packshot acceptable
ARD-4680,3dc3bafb-de82-4959-a0f8-24fb745a875f,عطر شهد كبير 150 مل,Lattafa,150 مل,17000,perfumes,https://ztplxqlthuqkuktbznbo.supabase.co/storage/v1/object/public/products/ac7c356b-bcdf-4700-b31f-c6d2c5b53ca7/ARD-4680.webp,batch100,PASS,PASS,PASS,PASS,FAIL_P2,2026-08-04T15:47:38.947Z,review/PRIVATE_CATALOG_CONTACT_SHEET_05.png,Contact-sheet + automated exact-match review; product packshot acceptable; content P2 (awkward Arabic / claims) — see defect register
ARD-4685,565095bd-e6fd-4a45-a073-4a130f84179b,عطر اسد الكسير 100 مل,Lattafa,100 مل,30000,perfumes,https://ztplxqlthuqkuktbznbo.supabase.co/storage/v1/object/public/products/ac7c356b-bcdf-4700-b31f-c6d2c5b53ca7/ARD-4685.webp,batch100,PASS,PASS,PASS,PASS,FAIL_P2,2026-08-04T15:47:38.947Z,review/PRIVATE_CATALOG_CONTACT_SHEET_05.png,Contact-sheet + automated exact-match review; product packshot acceptable; content P2 (awkward Arabic / claims) — see defect register
ARD-4686,6aca5860-da38-4d92-a5b3-2d3ab01b36f6,عطر يارا الكسير 100 مل,Lattafa,100 مل,30000,perfumes,https://ztplxqlthuqkuktbznbo.supabase.co/storage/v1/object/public/products/ac7c356b-bcdf-4700-b31f-c6d2c5b53ca7/ARD-4686.webp,batch100,PASS,PASS,PASS,PASS,FAIL_P2,2026-08-04T15:47:38.947Z,review/PRIVATE_CATALOG_CONTACT_SHEET_05.png,Contact-sheet + automated exact-match review; product packshot acceptable; content P2 (awkward Arabic / claims) — see defect register
ARD-4750,e445333b-6a4c-41ca-a820-0a665c34b05a,معطر جو اكلاير 300 مل,Lattafa,300 مل,3000,home-linen-air,https://ztplxqlthuqkuktbznbo.supabase.co/storage/v1/object/public/products/ac7c356b-bcdf-4700-b31f-c6d2c5b53ca7/ARD-4750.webp,batch100,PASS,PASS,FAIL_WRONG_IMAGE,FAIL_WRONG_VARIANT,FAIL_P1,2026-08-04T15:47:38.947Z,images/ARD-4750.webp,Listing معطر جو اكلاير 300 مل; image is Eclaire 100ml EDP (3.4FL.OZ)
ARD-4751,14cff61c-cf4e-42eb-be80-015cbdbd9d33,معطر جو مسمم ابيض 300 مل,Lattafa,300 مل,3000,home-linen-air,https://ztplxqlthuqkuktbznbo.supabase.co/storage/v1/object/public/products/ac7c356b-bcdf-4700-b31f-c6d2c5b53ca7/ARD-4751.webp,batch100,PASS,PASS,FAIL_WRONG_IMAGE,FAIL_WRONG_VARIANT,FAIL_P1,2026-08-04T15:47:38.947Z,review/PRIVATE_CATALOG_CONTACT_SHEET_05.png,Listing معطر جو مسمم ابيض 300 مل; image is Musamam White Intense EDP perfume
ARD-4752,c8dcd9c4-a485-44d4-b7a3-27bdb7b7e94c,معطر جو بديع العود نوبل بلوش 300 مل,Lattafa,300 مل,3000,home-linen-air,https://ztplxqlthuqkuktbznbo.supabase.co/storage/v1/object/public/products/ac7c356b-bcdf-4700-b31f-c6d2c5b53ca7/ARD-4752.webp,batch100,PASS,PASS,FAIL_WRONG_IMAGE,FAIL_WRONG_VARIANT,FAIL_P1,2026-08-04T15:47:38.947Z,review/PRIVATE_CATALOG_CONTACT_SHEET_05.png,Listing معطر جو بديع العود نوبل بلوش 300 مل; image is Noble Blush EDP perfume
ARD-4770,454bd3d9-b768-4de6-b91b-c9af8703196a,عطر انا الابيض سكارليت 100 مل,Lattafa,100 مل,18000,perfumes,https://ztplxqlthuqkuktbznbo.supabase.co/storage/v1/object/public/products/ac7c356b-bcdf-4700-b31f-c6d2c5b53ca7/ARD-4770.webp,batch100,PASS,PASS,PASS,PASS,PASS,2026-08-04T15:47:38.947Z,review/PRIVATE_CATALOG_CONTACT_SHEET_05.png,Contact-sheet + automated exact-match review; product packshot acceptable
ARD-479,35919e03-111b-49b4-9283-d3022de4753d,عطر قمة رجالي,Lattafa,100 مل,15000,perfumes,https://ztplxqlthuqkuktbznbo.supabase.co/storage/v1/object/public/products/ac7c356b-bcdf-4700-b31f-c6d2c5b53ca7/ARD-479.webp,batch100,PASS,PASS,PASS,PASS,PASS,2026-08-04T15:47:38.947Z,review/PRIVATE_CATALOG_CONTACT_SHEET_05.png,Contact-sheet + automated exact-match review; product packshot acceptable
ARD-4792,324cc543-e7f0-44dd-8bb4-08c0406ce5be,عطر مسمم اسود انتنس,Lattafa,100 مل,43000,perfumes,https://ztplxqlthuqkuktbznbo.supabase.co/storage/v1/object/public/products/ac7c356b-bcdf-4700-b31f-c6d2c5b53ca7/ARD-4792.webp,batch100,PASS,PASS,FAIL_WRONG_IMAGE,FAIL_WRONG_VARIANT,FAIL_P1,2026-08-04T15:47:38.947Z,images/ARD-4792.webp,Listing مسمم اسود انتنس; bottle label reads MUSAMAM WHITE INTENSE (gold bottle)
ARD-4807,c107da64-a884-4d42-9589-765d05c304f5,معطر جو نبراس 300 مل / لطافة برايد,Lattafa,300 مل,3000,home-linen-air,https://ztplxqlthuqkuktbznbo.supabase.co/storage/v1/object/public/products/ac7c356b-bcdf-4700-b31f-c6d2c5b53ca7/ARD-4807.webp,batch100,PASS,PASS,FAIL_WRONG_IMAGE,FAIL_WRONG_VARIANT,FAIL_P1,2026-08-04T15:47:38.947Z,images/ARD-4807.webp,Listing معطر جو نبراس 300 مل; image is Nebras 100ml EDP (Lattafa Pride)
ARD-5036,890d8ebd-0dcd-4fd2-9136-392977ea4ddc,عطر ماهر هونور 100 مل,Lattafa,100 مل,35000,perfumes,https://ztplxqlthuqkuktbznbo.supabase.co/storage/v1/object/public/products/ac7c356b-bcdf-4700-b31f-c6d2c5b53ca7/ARD-5036.webp,batch100,PASS,PASS,PASS,PASS,FAIL_P2,2026-08-04T15:47:38.947Z,review/PRIVATE_CATALOG_CONTACT_SHEET_05.png,Contact-sheet + automated exact-match review; product packshot acceptable; content P2 (awkward Arabic / claims) — see defect register
ARD-5058,1f290741-9b46-4a36-bb60-e39baffd0437,عطر خمرة واحة 100 مل,Lattafa,100 مل,40000,perfumes,https://ztplxqlthuqkuktbznbo.supabase.co/storage/v1/object/public/products/ac7c356b-bcdf-4700-b31f-c6d2c5b53ca7/ARD-5058.webp,batch100,PASS,PASS,PASS,PASS,FAIL_P2,2026-08-04T15:47:38.947Z,review/PRIVATE_CATALOG_CONTACT_SHEET_05.png,Contact-sheet + automated exact-match review; product packshot acceptable; content P2 (awkward Arabic / claims) — see defect register
ARD-663,3b2d56e7-5a57-4c0f-be0b-6576059a452d,عطر انا الابيض روج,Lattafa,100 مل,18000,perfumes,https://ztplxqlthuqkuktbznbo.supabase.co/storage/v1/object/public/products/ac7c356b-bcdf-4700-b31f-c6d2c5b53ca7/ARD-663.webp,batch100,PASS,PASS,PASS,PASS,PASS,2026-08-04T15:47:38.947Z,review/PRIVATE_CATALOG_CONTACT_SHEET_06.png,Contact-sheet + automated exact-match review; product packshot acceptable
ARD-715,74ecad34-af4f-4f1e-9f52-8796f191822d,عطر رمز لطافه ذهبي,Lattafa,100 مل,17000,perfumes,https://ztplxqlthuqkuktbznbo.supabase.co/storage/v1/object/public/products/ac7c356b-bcdf-4700-b31f-c6d2c5b53ca7/ARD-715.webp,batch100,PASS,PASS,PASS,PASS,PASS,2026-08-04T15:47:38.947Z,review/PRIVATE_CATALOG_CONTACT_SHEET_06.png,Contact-sheet + automated exact-match review; product packshot acceptable
ARD-766,d56f56a8-5261-4c2d-b2cb-05014d9753fd,عطر اوراق العود,Lattafa,100 مل,14000,perfumes,https://ztplxqlthuqkuktbznbo.supabase.co/storage/v1/object/public/products/ac7c356b-bcdf-4700-b31f-c6d2c5b53ca7/ARD-766.webp,batch100,PASS,PASS,PASS,PASS,PASS,2026-08-04T15:47:38.947Z,review/PRIVATE_CATALOG_CONTACT_SHEET_06.png,Contact-sheet + automated exact-match review; product packshot acceptable
ARD-775,6159fc97-9fd3-405e-91b9-986fe0741140,عطر مسك السلامه,Lattafa,100 مل,15000,musk-oils-mukhammaria,https://ztplxqlthuqkuktbznbo.supabase.co/storage/v1/object/public/products/ac7c356b-bcdf-4700-b31f-c6d2c5b53ca7/ARD-775.webp,batch100,PASS,PASS,PASS,FAIL_WRONG_BRAND,FAIL_P1,2026-08-04T15:47:38.947Z,images/ARD-775.webp,Catalog brand Lattafa / musk category; packaging clearly ASDAAF SALAMAH EDP 100ml
ARD-823,f5ba19f3-c763-460f-b42f-de809d393117,عطر شيخ الشيوخ,Lattafa,100 مل,12000,perfumes,https://ztplxqlthuqkuktbznbo.supabase.co/storage/v1/object/public/products/ac7c356b-bcdf-4700-b31f-c6d2c5b53ca7/ARD-823.webp,batch100,PASS,PASS,PASS,FAIL_WRONG_SIZE,FAIL_P1,2026-08-04T15:47:38.947Z,images/ARD-823.webp,Catalog size 100 مل; bottle and box print EAU DE PARFUM 50 ML (+ deodorant set)
ARD-92,92ea2610-7cb3-4663-8bee-35623df92d2e,عطر شيخ الشيوخ المركز 80 مل,Lattafa,80 مل,14000,perfumes,https://ztplxqlthuqkuktbznbo.supabase.co/storage/v1/object/public/products/ac7c356b-bcdf-4700-b31f-c6d2c5b53ca7/ARD-92.webp,batch100,PASS,PASS,PASS,PASS,PASS,2026-08-04T15:47:38.947Z,review/PRIVATE_CATALOG_CONTACT_SHEET_06.png,Contact-sheet + automated exact-match review; product packshot acceptable
ARD-957,761ff1ea-d30d-4057-bc96-a27b4da19578,عطر 24 قيراط ذهبي,Lattafa,100 مل,19000,perfumes,https://ztplxqlthuqkuktbznbo.supabase.co/storage/v1/object/public/products/ac7c356b-bcdf-4700-b31f-c6d2c5b53ca7/ARD-957.webp,batch100,PASS,PASS,PASS,PASS,PASS,2026-08-04T15:47:38.947Z,review/PRIVATE_CATALOG_CONTACT_SHEET_06.png,Contact-sheet + automated exact-match review; product packshot acceptable
ARD-958,87ca90e4-c5a5-44cf-9d23-5de23429689d,عطر 24 قيراط سلفر,Lattafa,100 مل,15000,perfumes,https://ztplxqlthuqkuktbznbo.supabase.co/storage/v1/object/public/products/ac7c356b-bcdf-4700-b31f-c6d2c5b53ca7/ARD-958.webp,batch100,PASS,PASS,PASS,PASS,PASS,2026-08-04T15:47:38.947Z,review/PRIVATE_CATALOG_CONTACT_SHEET_06.png,Contact-sheet + automated exact-match review; product packshot acceptable
ARD-959,8f743fd8-4c40-40bf-8029-88895f6d7297,عطر نجدية,Lattafa,100 مل,15000,perfumes,https://ztplxqlthuqkuktbznbo.supabase.co/storage/v1/object/public/products/ac7c356b-bcdf-4700-b31f-c6d2c5b53ca7/ARD-959.webp,batch100,PASS,PASS,PASS,PASS,PASS,2026-08-04T15:47:38.947Z,review/PRIVATE_CATALOG_CONTACT_SHEET_06.png,Contact-sheet + automated exact-match review; product packshot acceptable
ARD-970,b5c5c9d2-f14c-4f10-832c-abf68cdfd9b2,عطر قائد الفرسان,Lattafa,90 مل,15000,perfumes,https://ztplxqlthuqkuktbznbo.supabase.co/storage/v1/object/public/products/ac7c356b-bcdf-4700-b31f-c6d2c5b53ca7/ARD-970.webp,batch100,PASS,PASS,PASS,PASS,PASS,2026-08-04T15:47:38.947Z,review/PRIVATE_CATALOG_CONTACT_SHEET_06.png,Contact-sheet + automated exact-match review; product packshot acceptable
