merchant_sku,image_url,visual_check_status,identity_status,overall_status,notes,evidence_reference
ARD-1015,https://ztplxqlthuqkuktbznbo.supabase.co/storage/v1/object/public/products/products/8e6cb0f4-9409-45fb-a218-dbcf0e176c8a.webp,PASS,PASS,PASS,Contact-sheet + automated exact-match review; product packshot acceptable,review/PRIVATE_CATALOG_CONTACT_SHEET_01.png
ARD-1042,https://ztplxqlthuqkuktbznbo.supabase.co/storage/v1/object/public/products/products/831383ab-171b-4d13-8a74-15f814ed4811.webp,PASS,PASS,PASS,Contact-sheet + automated exact-match review; product packshot acceptable,review/PRIVATE_CATALOG_CONTACT_SHEET_01.png
ARD-1065,https://ztplxqlthuqkuktbznbo.supabase.co/storage/v1/object/public/products/products/28d0628b-261a-4bf4-9213-bb66b44b62fd.webp,PASS,PASS,PASS,Contact-sheet + automated exact-match review; product packshot acceptable,review/PRIVATE_CATALOG_CONTACT_SHEET_01.png
ARD-1172,https://ztplxqlthuqkuktbznbo.supabase.co/storage/v1/object/public/products/products/8ffe2ecd-1f1d-4744-af08-f7c84b84dfb1.webp,PASS,PASS,PASS,Contact-sheet + automated exact-match review; product packshot acceptable,review/PRIVATE_CATALOG_CONTACT_SHEET_01.png
ARD-1173,https://ztplxqlthuqkuktbznbo.supabase.co/storage/v1/object/public/products/products/e41e9ee8-948b-46ba-92c2-97c1626337d2.webp,PASS,PASS,PASS,Contact-sheet + automated exact-match review; product packshot acceptable,review/PRIVATE_CATALOG_CONTACT_SHEET_01.png
ARD-1191,https://ztplxqlthuqkuktbznbo.supabase.co/storage/v1/object/public/products/products/820ac999-dddf-4921-9b8b-6bbe6de17489.webp,PASS,KNOWN_HOLD,KNOWN_HOLD,Oud Mood packaging visible; content empty intentionally; identity HOLD remains,images/ARD-1191.webp
ARD-1318,https://ztplxqlthuqkuktbznbo.supabase.co/storage/v1/object/public/products/ac7c356b-bcdf-4700-b31f-c6d2c5b53ca7/ARD-1318.webp,PASS,PASS,PASS,mini-travel-perfume + 30 مل verified in data; packaging family consistent,review/PRIVATE_CATALOG_CONTACT_SHEET_01.png
ARD-1319,https://ztplxqlthuqkuktbznbo.supabase.co/storage/v1/object/public/products/ac7c356b-bcdf-4700-b31f-c6d2c5b53ca7/ARD-1319.webp,PASS,PASS,PASS,mini-travel-perfume + 30 مل verified in data; packaging family consistent,review/PRIVATE_CATALOG_CONTACT_SHEET_01.png
ARD-1320,https://ztplxqlthuqkuktbznbo.supabase.co/storage/v1/object/public/products/ac7c356b-bcdf-4700-b31f-c6d2c5b53ca7/ARD-1320.webp,PASS,PASS,PASS,mini-travel-perfume + 30 مل verified in data; packaging family consistent,review/PRIVATE_CATALOG_CONTACT_SHEET_01.png
ARD-1369,https://ztplxqlthuqkuktbznbo.supabase.co/storage/v1/object/public/products/ac7c356b-bcdf-4700-b31f-c6d2c5b53ca7/ARD-1369.webp,PASS,PASS,FAIL_P2,Contact-sheet + automated exact-match review; product packshot acceptable; content P2 (awkward Arabic / claims) — see defect register,review/PRIVATE_CATALOG_CONTACT_SHEET_01.png
ARD-1430,https://ztplxqlthuqkuktbznbo.supabase.co/storage/v1/object/public/products/ac7c356b-bcdf-4700-b31f-c6d2c5b53ca7/ARD-1430.webp,PASS,PASS,PASS,Contact-sheet + automated exact-match review; product packshot acceptable,review/PRIVATE_CATALOG_CONTACT_SHEET_01.png
ARD-1480,https://ztplxqlthuqkuktbznbo.supabase.co/storage/v1/object/public/products/ac7c356b-bcdf-4700-b31f-c6d2c5b53ca7/ARD-1480.webp,PASS,PASS,FAIL_P2,Contact-sheet + automated exact-match review; product packshot acceptable; content P2 (awkward Arabic / claims) — see defect register,review/PRIVATE_CATALOG_CONTACT_SHEET_01.png
ARD-1826,https://ztplxqlthuqkuktbznbo.supabase.co/storage/v1/object/public/products/products/05a87475-ba64-48d5-a5a9-5252552b7563.webp,PASS,PASS,PASS,Contact-sheet + automated exact-match review; product packshot acceptable,review/PRIVATE_CATALOG_CONTACT_SHEET_01.png
ARD-1858,https://ztplxqlthuqkuktbznbo.supabase.co/storage/v1/object/public/products/ac7c356b-bcdf-4700-b31f-c6d2c5b53ca7/ARD-1858.webp,PASS,PASS,FAIL_P2,Contact-sheet + automated exact-match review; product packshot acceptable; content P2 (awkward Arabic / claims) — see defect register,review/PRIVATE_CATALOG_CONTACT_SHEET_01.png
ARD-2126,https://ztplxqlthuqkuktbznbo.supabase.co/storage/v1/object/public/products/ac7c356b-bcdf-4700-b31f-c6d2c5b53ca7/ARD-2126.webp,PASS,PASS,PASS,Contact-sheet + automated exact-match review; product packshot acceptable,review/PRIVATE_CATALOG_CONTACT_SHEET_01.png
ARD-2423,https://ztplxqlthuqkuktbznbo.supabase.co/storage/v1/object/public/products/ac7c356b-bcdf-4700-b31f-c6d2c5b53ca7/ARD-2423.webp,PASS,PASS,PASS,Contact-sheet + automated exact-match review; product packshot acceptable,review/PRIVATE_CATALOG_CONTACT_SHEET_01.png
ARD-2436,https://ztplxqlthuqkuktbznbo.supabase.co/storage/v1/object/public/products/ac7c356b-bcdf-4700-b31f-c6d2c5b53ca7/ARD-2436.webp,PASS,PASS,FAIL_P2,Contact-sheet + automated exact-match review; product packshot acceptable; content P2 (awkward Arabic / claims) — see defect register,review/PRIVATE_CATALOG_CONTACT_SHEET_01.png
ARD-2437,https://ztplxqlthuqkuktbznbo.supabase.co/storage/v1/object/public/products/ac7c356b-bcdf-4700-b31f-c6d2c5b53ca7/ARD-2437.webp,PASS,PASS,PASS,Contact-sheet + automated exact-match review; product packshot acceptable,review/PRIVATE_CATALOG_CONTACT_SHEET_01.png
ARD-2471,https://ztplxqlthuqkuktbznbo.supabase.co/storage/v1/object/public/products/ac7c356b-bcdf-4700-b31f-c6d2c5b53ca7/ARD-2471.webp,PASS,PASS,PASS,Contact-sheet + automated exact-match review; product packshot acceptable,review/PRIVATE_CATALOG_CONTACT_SHEET_01.png
ARD-2493,https://ztplxqlthuqkuktbznbo.supabase.co/storage/v1/object/public/products/ac7c356b-bcdf-4700-b31f-c6d2c5b53ca7/ARD-2493.webp,PASS,PASS,PASS,Contact-sheet + automated exact-match review; product packshot acceptable,review/PRIVATE_CATALOG_CONTACT_SHEET_01.png
ARD-2494,https://ztplxqlthuqkuktbznbo.supabase.co/storage/v1/object/public/products/ac7c356b-bcdf-4700-b31f-c6d2c5b53ca7/ARD-2494.webp,PASS,PASS,PASS,Contact-sheet + automated exact-match review; product packshot acceptable,review/PRIVATE_CATALOG_CONTACT_SHEET_02.png
ARD-2511,https://ztplxqlthuqkuktbznbo.supabase.co/storage/v1/object/public/products/ac7c356b-bcdf-4700-b31f-c6d2c5b53ca7/ARD-2511.webp,PASS,NEEDS_HUMAN_CONFIRMATION,NEEDS_HUMAN_CONFIRMATION,Identity Poudrée confirmed (I AM WHITE / بودري); bottle size marking may read 60ml vs catalog 100 مل — confirm size before activation,images/ARD-2511.webp
ARD-2512,https://ztplxqlthuqkuktbznbo.supabase.co/storage/v1/object/public/products/ac7c356b-bcdf-4700-b31f-c6d2c5b53ca7/ARD-2512.webp,PASS,PASS,PASS,Contact-sheet + automated exact-match review; product packshot acceptable,review/PRIVATE_CATALOG_CONTACT_SHEET_02.png
ARD-2515,https://ztplxqlthuqkuktbznbo.supabase.co/storage/v1/object/public/products/ac7c356b-bcdf-4700-b31f-c6d2c5b53ca7/ARD-2515.webp,PASS,PASS,PASS,Contact-sheet + automated exact-match review; product packshot acceptable,review/PRIVATE_CATALOG_CONTACT_SHEET_02.png
ARD-2583,https://ztplxqlthuqkuktbznbo.supabase.co/storage/v1/object/public/products/ac7c356b-bcdf-4700-b31f-c6d2c5b53ca7/ARD-2583.webp,PASS,PASS,FAIL_P2,Contact-sheet + automated exact-match review; product packshot acceptable; content P2 (awkward Arabic / claims) — see defect register,review/PRIVATE_CATALOG_CONTACT_SHEET_02.png
ARD-2648,https://ztplxqlthuqkuktbznbo.supabase.co/storage/v1/object/public/products/ac7c356b-bcdf-4700-b31f-c6d2c5b53ca7/ARD-2648.webp,PASS,PASS,PASS,Contact-sheet + automated exact-match review; product packshot acceptable,review/PRIVATE_CATALOG_CONTACT_SHEET_02.png
ARD-2745,https://ztplxqlthuqkuktbznbo.supabase.co/storage/v1/object/public/products/ac7c356b-bcdf-4700-b31f-c6d2c5b53ca7/ARD-2745.webp,PASS,PASS,PASS,Contact-sheet + automated exact-match review; product packshot acceptable,review/PRIVATE_CATALOG_CONTACT_SHEET_02.png
ARD-2753,https://ztplxqlthuqkuktbznbo.supabase.co/storage/v1/object/public/products/ac7c356b-bcdf-4700-b31f-c6d2c5b53ca7/ARD-2753.webp,PASS,PASS,PASS,Contact-sheet + automated exact-match review; product packshot acceptable,review/PRIVATE_CATALOG_CONTACT_SHEET_02.png
ARD-2760,https://ztplxqlthuqkuktbznbo.supabase.co/storage/v1/object/public/products/ac7c356b-bcdf-4700-b31f-c6d2c5b53ca7/ARD-2760.webp,PASS,PASS,PASS,Contact-sheet + automated exact-match review; product packshot acceptable,review/PRIVATE_CATALOG_CONTACT_SHEET_02.png
ARD-2765,https://ztplxqlthuqkuktbznbo.supabase.co/storage/v1/object/public/products/ac7c356b-bcdf-4700-b31f-c6d2c5b53ca7/ARD-2765.webp,PASS,PASS,PASS,Contact-sheet + automated exact-match review; product packshot acceptable,review/PRIVATE_CATALOG_CONTACT_SHEET_02.png
ARD-2773,https://ztplxqlthuqkuktbznbo.supabase.co/storage/v1/object/public/products/ac7c356b-bcdf-4700-b31f-c6d2c5b53ca7/ARD-2773.webp,PASS,PASS,PASS,Contact-sheet + automated exact-match review; product packshot acceptable,review/PRIVATE_CATALOG_CONTACT_SHEET_02.png
ARD-2793,https://ztplxqlthuqkuktbznbo.supabase.co/storage/v1/object/public/products/ac7c356b-bcdf-4700-b31f-c6d2c5b53ca7/ARD-2793.webp,FAIL_WRONG_IMAGE,FAIL_WRONG_VARIANT,FAIL_P1,Listing 300ml home spray; image is Fakhar Lattafa EDP perfume bottle/box,review/PRIVATE_CATALOG_CONTACT_SHEET_02.png + images/ARD-2793.webp
ARD-2797,https://ztplxqlthuqkuktbznbo.supabase.co/storage/v1/object/public/products/ac7c356b-bcdf-4700-b31f-c6d2c5b53ca7/ARD-2797.webp,FAIL_WRONG_IMAGE,FAIL_WRONG_VARIANT,FAIL_P1,Listing 300ml home spray; image is perfume packaging not home spray,review/PRIVATE_CATALOG_CONTACT_SHEET_02.png
ARD-2800,https://ztplxqlthuqkuktbznbo.supabase.co/storage/v1/object/public/products/products/02d63533-5bc2-4812-9b46-16d3a546c52c.webp,PASS,PASS,PASS,Contact-sheet + automated exact-match review; product packshot acceptable,review/PRIVATE_CATALOG_CONTACT_SHEET_02.png
ARD-287,https://ztplxqlthuqkuktbznbo.supabase.co/storage/v1/object/public/products/ac7c356b-bcdf-4700-b31f-c6d2c5b53ca7/ARD-287.webp,PASS,PASS,PASS,Contact-sheet + automated exact-match review; product packshot acceptable,review/PRIVATE_CATALOG_CONTACT_SHEET_02.png
ARD-2876,https://ztplxqlthuqkuktbznbo.supabase.co/storage/v1/object/public/products/ac7c356b-bcdf-4700-b31f-c6d2c5b53ca7/ARD-2876.webp,PASS,PASS,PASS,Contact-sheet + automated exact-match review; product packshot acceptable,review/PRIVATE_CATALOG_CONTACT_SHEET_02.png
ARD-2879,https://ztplxqlthuqkuktbznbo.supabase.co/storage/v1/object/public/products/ac7c356b-bcdf-4700-b31f-c6d2c5b53ca7/ARD-2879.webp,PASS,PASS,PASS,Contact-sheet + automated exact-match review; product packshot acceptable,review/PRIVATE_CATALOG_CONTACT_SHEET_02.png
ARD-2932,https://ztplxqlthuqkuktbznbo.supabase.co/storage/v1/object/public/products/ac7c356b-bcdf-4700-b31f-c6d2c5b53ca7/ARD-2932.webp,FAIL_WATERMARK,PASS,FAIL_P2,Correct Al Awsaaf / الاوصاف identity but promotional review overlay text present,images/ARD-2932.webp
ARD-2933,https://ztplxqlthuqkuktbznbo.supabase.co/storage/v1/object/public/products/ac7c356b-bcdf-4700-b31f-c6d2c5b53ca7/ARD-2933.webp,PASS,PASS,PASS,Contact-sheet + automated exact-match review; product packshot acceptable,review/PRIVATE_CATALOG_CONTACT_SHEET_02.png
ARD-308,https://ztplxqlthuqkuktbznbo.supabase.co/storage/v1/object/public/products/ac7c356b-bcdf-4700-b31f-c6d2c5b53ca7/ARD-308.webp,PASS,PASS,PASS,Contact-sheet + automated exact-match review; product packshot acceptable,review/PRIVATE_CATALOG_CONTACT_SHEET_02.png
ARD-309,https://ztplxqlthuqkuktbznbo.supabase.co/storage/v1/object/public/products/ac7c356b-bcdf-4700-b31f-c6d2c5b53ca7/ARD-309.webp,PASS,PASS,PASS,Contact-sheet + automated exact-match review; product packshot acceptable,review/PRIVATE_CATALOG_CONTACT_SHEET_03.png
ARD-310,https://ztplxqlthuqkuktbznbo.supabase.co/storage/v1/object/public/products/ac7c356b-bcdf-4700-b31f-c6d2c5b53ca7/ARD-310.webp,PASS,PASS,PASS,Contact-sheet + automated exact-match review; product packshot acceptable,review/PRIVATE_CATALOG_CONTACT_SHEET_03.png
ARD-311,https://ztplxqlthuqkuktbznbo.supabase.co/storage/v1/object/public/products/ac7c356b-bcdf-4700-b31f-c6d2c5b53ca7/ARD-311.webp,PASS,PASS,PASS,Contact-sheet + automated exact-match review; product packshot acceptable,review/PRIVATE_CATALOG_CONTACT_SHEET_03.png
ARD-3117,https://ztplxqlthuqkuktbznbo.supabase.co/storage/v1/object/public/products/ac7c356b-bcdf-4700-b31f-c6d2c5b53ca7/ARD-3117.webp,PASS,PASS,FAIL_P2,Contact-sheet + automated exact-match review; product packshot acceptable; content P2 (awkward Arabic / claims) — see defect register,review/PRIVATE_CATALOG_CONTACT_SHEET_03.png
ARD-312,https://ztplxqlthuqkuktbznbo.supabase.co/storage/v1/object/public/products/ac7c356b-bcdf-4700-b31f-c6d2c5b53ca7/ARD-312.webp,PASS,PASS,PASS,Contact-sheet + automated exact-match review; product packshot acceptable,review/PRIVATE_CATALOG_CONTACT_SHEET_03.png
ARD-3149,https://ztplxqlthuqkuktbznbo.supabase.co/storage/v1/object/public/products/ac7c356b-bcdf-4700-b31f-c6d2c5b53ca7/ARD-3149.webp,PASS,PASS,PASS,Contact-sheet + automated exact-match review; product packshot acceptable,review/PRIVATE_CATALOG_CONTACT_SHEET_03.png
ARD-3240,https://ztplxqlthuqkuktbznbo.supabase.co/storage/v1/object/public/products/ac7c356b-bcdf-4700-b31f-c6d2c5b53ca7/ARD-3240.webp,PASS,PASS,PASS,Contact-sheet + automated exact-match review; product packshot acceptable,review/PRIVATE_CATALOG_CONTACT_SHEET_03.png
ARD-3242,https://ztplxqlthuqkuktbznbo.supabase.co/storage/v1/object/public/products/ac7c356b-bcdf-4700-b31f-c6d2c5b53ca7/ARD-3242.webp,PASS,PASS,PASS,Contact-sheet + automated exact-match review; product packshot acceptable,review/PRIVATE_CATALOG_CONTACT_SHEET_03.png
ARD-3244,https://ztplxqlthuqkuktbznbo.supabase.co/storage/v1/object/public/products/ac7c356b-bcdf-4700-b31f-c6d2c5b53ca7/ARD-3244.webp,PASS,PASS,PASS,Contact-sheet + automated exact-match review; product packshot acceptable,review/PRIVATE_CATALOG_CONTACT_SHEET_03.png
ARD-3245,https://ztplxqlthuqkuktbznbo.supabase.co/storage/v1/object/public/products/ac7c356b-bcdf-4700-b31f-c6d2c5b53ca7/ARD-3245.webp,PASS,PASS,PASS,Contact-sheet + automated exact-match review; product packshot acceptable,review/PRIVATE_CATALOG_CONTACT_SHEET_03.png
ARD-3260,https://ztplxqlthuqkuktbznbo.supabase.co/storage/v1/object/public/products/ac7c356b-bcdf-4700-b31f-c6d2c5b53ca7/ARD-3260.webp,PASS,PASS,PASS,Contact-sheet + automated exact-match review; product packshot acceptable,review/PRIVATE_CATALOG_CONTACT_SHEET_03.png
ARD-3270,https://ztplxqlthuqkuktbznbo.supabase.co/storage/v1/object/public/products/products/c57c1c9b-c2d6-4944-a3a5-4f84af28aa28.webp,PASS,PASS,PASS,Contact-sheet + automated exact-match review; product packshot acceptable,review/PRIVATE_CATALOG_CONTACT_SHEET_03.png
ARD-3274,https://ztplxqlthuqkuktbznbo.supabase.co/storage/v1/object/public/products/ac7c356b-bcdf-4700-b31f-c6d2c5b53ca7/ARD-3274.webp,PASS,PASS,PASS,Contact-sheet + automated exact-match review; product packshot acceptable,review/PRIVATE_CATALOG_CONTACT_SHEET_03.png
ARD-3347,https://ztplxqlthuqkuktbznbo.supabase.co/storage/v1/object/public/products/ac7c356b-bcdf-4700-b31f-c6d2c5b53ca7/ARD-3347.webp,PASS,PASS,FAIL_P2,Contact-sheet + automated exact-match review; product packshot acceptable; content P2 (awkward Arabic / claims) — see defect register,review/PRIVATE_CATALOG_CONTACT_SHEET_03.png
ARD-3349,https://ztplxqlthuqkuktbznbo.supabase.co/storage/v1/object/public/products/ac7c356b-bcdf-4700-b31f-c6d2c5b53ca7/ARD-3349.webp,PASS,PASS,PASS,Contact-sheet + automated exact-match review; product packshot acceptable,review/PRIVATE_CATALOG_CONTACT_SHEET_03.png
ARD-3350,https://ztplxqlthuqkuktbznbo.supabase.co/storage/v1/object/public/products/ac7c356b-bcdf-4700-b31f-c6d2c5b53ca7/ARD-3350.webp,PASS,PASS,PASS,Contact-sheet + automated exact-match review; product packshot acceptable,review/PRIVATE_CATALOG_CONTACT_SHEET_03.png
ARD-3351,https://ztplxqlthuqkuktbznbo.supabase.co/storage/v1/object/public/products/ac7c356b-bcdf-4700-b31f-c6d2c5b53ca7/ARD-3351.webp,PASS,PASS,PASS,Contact-sheet + automated exact-match review; product packshot acceptable,review/PRIVATE_CATALOG_CONTACT_SHEET_03.png
ARD-3352,https://ztplxqlthuqkuktbznbo.supabase.co/storage/v1/object/public/products/ac7c356b-bcdf-4700-b31f-c6d2c5b53ca7/ARD-3352.webp,PASS,PASS,PASS,Contact-sheet + automated exact-match review; product packshot acceptable,review/PRIVATE_CATALOG_CONTACT_SHEET_03.png
ARD-3353,https://ztplxqlthuqkuktbznbo.supabase.co/storage/v1/object/public/products/ac7c356b-bcdf-4700-b31f-c6d2c5b53ca7/ARD-3353.webp,PASS,PASS,PASS,Contact-sheet + automated exact-match review; product packshot acceptable,review/PRIVATE_CATALOG_CONTACT_SHEET_03.png
ARD-3531,https://ztplxqlthuqkuktbznbo.supabase.co/storage/v1/object/public/products/ac7c356b-bcdf-4700-b31f-c6d2c5b53ca7/ARD-3531.webp,PASS,PASS,PASS,Contact-sheet + automated exact-match review; product packshot acceptable,review/PRIVATE_CATALOG_CONTACT_SHEET_03.png
ARD-3536,https://ztplxqlthuqkuktbznbo.supabase.co/storage/v1/object/public/products/ac7c356b-bcdf-4700-b31f-c6d2c5b53ca7/ARD-3536.webp,PASS,PASS,PASS,Contact-sheet + automated exact-match review; product packshot acceptable,review/PRIVATE_CATALOG_CONTACT_SHEET_04.png
ARD-3627,https://ztplxqlthuqkuktbznbo.supabase.co/storage/v1/object/public/products/ac7c356b-bcdf-4700-b31f-c6d2c5b53ca7/ARD-3627.webp,PASS,PASS,PASS,Contact-sheet + automated exact-match review; product packshot acceptable,review/PRIVATE_CATALOG_CONTACT_SHEET_04.png
ARD-3628,https://ztplxqlthuqkuktbznbo.supabase.co/storage/v1/object/public/products/ac7c356b-bcdf-4700-b31f-c6d2c5b53ca7/ARD-3628.webp,PASS,PASS,PASS,Contact-sheet + automated exact-match review; product packshot acceptable,review/PRIVATE_CATALOG_CONTACT_SHEET_04.png
ARD-3709,https://ztplxqlthuqkuktbznbo.supabase.co/storage/v1/object/public/products/ac7c356b-bcdf-4700-b31f-c6d2c5b53ca7/ARD-3709.webp,PASS,PASS,PASS,Contact-sheet + automated exact-match review; product packshot acceptable,review/PRIVATE_CATALOG_CONTACT_SHEET_04.png
ARD-3710,https://ztplxqlthuqkuktbznbo.supabase.co/storage/v1/object/public/products/ac7c356b-bcdf-4700-b31f-c6d2c5b53ca7/ARD-3710.webp,PASS,PASS,PASS,Contact-sheet + automated exact-match review; product packshot acceptable,review/PRIVATE_CATALOG_CONTACT_SHEET_04.png
ARD-3711,https://ztplxqlthuqkuktbznbo.supabase.co/storage/v1/object/public/products/ac7c356b-bcdf-4700-b31f-c6d2c5b53ca7/ARD-3711.webp,PASS,PASS,FAIL_P2,Contact-sheet + automated exact-match review; product packshot acceptable; content P2 (awkward Arabic / claims) — see defect register,review/PRIVATE_CATALOG_CONTACT_SHEET_04.png
ARD-3712,https://ztplxqlthuqkuktbznbo.supabase.co/storage/v1/object/public/products/ac7c356b-bcdf-4700-b31f-c6d2c5b53ca7/ARD-3712.webp,PASS,PASS,PASS,Contact-sheet + automated exact-match review; product packshot acceptable,review/PRIVATE_CATALOG_CONTACT_SHEET_04.png
ARD-3714,https://ztplxqlthuqkuktbznbo.supabase.co/storage/v1/object/public/products/ac7c356b-bcdf-4700-b31f-c6d2c5b53ca7/ARD-3714.webp,PASS,PASS,FAIL_P2,Contact-sheet + automated exact-match review; product packshot acceptable; content P2 (awkward Arabic / claims) — see defect register,review/PRIVATE_CATALOG_CONTACT_SHEET_04.png
ARD-3723,https://ztplxqlthuqkuktbznbo.supabase.co/storage/v1/object/public/products/products/5328a361-502c-49c7-8878-194e07feacaa.webp,PASS,PASS,PASS,Contact-sheet + automated exact-match review; product packshot acceptable,review/PRIVATE_CATALOG_CONTACT_SHEET_04.png
ARD-3897,https://ztplxqlthuqkuktbznbo.supabase.co/storage/v1/object/public/products/ac7c356b-bcdf-4700-b31f-c6d2c5b53ca7/ARD-3897.webp,PASS,PASS,PASS,Contact-sheet + automated exact-match review; product packshot acceptable,review/PRIVATE_CATALOG_CONTACT_SHEET_04.png
ARD-4138,https://ztplxqlthuqkuktbznbo.supabase.co/storage/v1/object/public/products/ac7c356b-bcdf-4700-b31f-c6d2c5b53ca7/ARD-4138.webp,PASS,PASS,PASS,Eclaire / اكلاير confirmed on packaging; mandatory identity PASS,review/PRIVATE_CATALOG_CONTACT_SHEET_04.png
ARD-4214,https://ztplxqlthuqkuktbznbo.supabase.co/storage/v1/object/public/products/ac7c356b-bcdf-4700-b31f-c6d2c5b53ca7/ARD-4214.webp,PASS,PASS,FAIL_P2,Contact-sheet + automated exact-match review; product packshot acceptable; content P2 (awkward Arabic / claims) — see defect register,review/PRIVATE_CATALOG_CONTACT_SHEET_04.png
ARD-4215,https://ztplxqlthuqkuktbznbo.supabase.co/storage/v1/object/public/products/ac7c356b-bcdf-4700-b31f-c6d2c5b53ca7/ARD-4215.webp,PASS,PASS,PASS,Contact-sheet + automated exact-match review; product packshot acceptable,review/PRIVATE_CATALOG_CONTACT_SHEET_04.png
ARD-4246,https://ztplxqlthuqkuktbznbo.supabase.co/storage/v1/object/public/products/ac7c356b-bcdf-4700-b31f-c6d2c5b53ca7/ARD-4246.webp,PASS,PASS,PASS,Contact-sheet + automated exact-match review; product packshot acceptable,review/PRIVATE_CATALOG_CONTACT_SHEET_04.png
ARD-4255,https://ztplxqlthuqkuktbznbo.supabase.co/storage/v1/object/public/products/ac7c356b-bcdf-4700-b31f-c6d2c5b53ca7/ARD-4255.webp,PASS,PASS,FAIL_P2,Contact-sheet + automated exact-match review; product packshot acceptable; content P2 (awkward Arabic / claims) — see defect register,review/PRIVATE_CATALOG_CONTACT_SHEET_04.png
ARD-4256,https://ztplxqlthuqkuktbznbo.supabase.co/storage/v1/object/public/products/ac7c356b-bcdf-4700-b31f-c6d2c5b53ca7/ARD-4256.webp,PASS,PASS,FAIL_P2,Contact-sheet + automated exact-match review; product packshot acceptable; content P2 (awkward Arabic / claims) — see defect register,review/PRIVATE_CATALOG_CONTACT_SHEET_04.png
ARD-4273,https://ztplxqlthuqkuktbznbo.supabase.co/storage/v1/object/public/products/ac7c356b-bcdf-4700-b31f-c6d2c5b53ca7/ARD-4273.webp,PASS,PASS,PASS,Contact-sheet + automated exact-match review; product packshot acceptable,review/PRIVATE_CATALOG_CONTACT_SHEET_04.png
ARD-4286,https://ztplxqlthuqkuktbznbo.supabase.co/storage/v1/object/public/products/ac7c356b-bcdf-4700-b31f-c6d2c5b53ca7/ARD-4286.webp,PASS,PASS,FAIL_P2,Contact-sheet + automated exact-match review; product packshot acceptable; content P2 (awkward Arabic / claims) — see defect register,review/PRIVATE_CATALOG_CONTACT_SHEET_04.png
ARD-4300,https://ztplxqlthuqkuktbznbo.supabase.co/storage/v1/object/public/products/ac7c356b-bcdf-4700-b31f-c6d2c5b53ca7/ARD-4300.webp,FAIL_WRONG_IMAGE,FAIL_WRONG_VARIANT,FAIL_P1,Listing معطر جو 300 مل; image shows perfume EDP packaging,review/PRIVATE_CATALOG_CONTACT_SHEET_04.png + images/ARD-4300.webp
ARD-4336,https://ztplxqlthuqkuktbznbo.supabase.co/storage/v1/object/public/products/ac7c356b-bcdf-4700-b31f-c6d2c5b53ca7/ARD-4336.webp,PASS,PASS,FAIL_P2,Contact-sheet + automated exact-match review; product packshot acceptable; content P2 (awkward Arabic / claims) — see defect register,review/PRIVATE_CATALOG_CONTACT_SHEET_04.png
ARD-4564,https://ztplxqlthuqkuktbznbo.supabase.co/storage/v1/object/public/products/ac7c356b-bcdf-4700-b31f-c6d2c5b53ca7/ARD-4564.webp,FAIL_WRONG_IMAGE,FAIL_WRONG_VARIANT,FAIL_P1,Listing معطر جو ماهر 300 مل; image is Maahir 100ml EDP horse-head set,images/ARD-4564.webp
ARD-463,https://ztplxqlthuqkuktbznbo.supabase.co/storage/v1/object/public/products/ac7c356b-bcdf-4700-b31f-c6d2c5b53ca7/ARD-463.webp,PASS,PASS,PASS,Contact-sheet + automated exact-match review; product packshot acceptable,review/PRIVATE_CATALOG_CONTACT_SHEET_05.png
ARD-4637,https://ztplxqlthuqkuktbznbo.supabase.co/storage/v1/object/public/products/ac7c356b-bcdf-4700-b31f-c6d2c5b53ca7/ARD-4637.webp,PASS,PASS,FAIL_P2,Contact-sheet + automated exact-match review; product packshot acceptable; content P2 (awkward Arabic / claims) — see defect register,review/PRIVATE_CATALOG_CONTACT_SHEET_05.png
ARD-465,https://ztplxqlthuqkuktbznbo.supabase.co/storage/v1/object/public/products/ac7c356b-bcdf-4700-b31f-c6d2c5b53ca7/ARD-465.webp,PASS,PASS,PASS,Contact-sheet + automated exact-match review; product packshot acceptable,review/PRIVATE_CATALOG_CONTACT_SHEET_05.png
ARD-466,https://ztplxqlthuqkuktbznbo.supabase.co/storage/v1/object/public/products/ac7c356b-bcdf-4700-b31f-c6d2c5b53ca7/ARD-466.webp,PASS,PASS,PASS,Contact-sheet + automated exact-match review; product packshot acceptable,review/PRIVATE_CATALOG_CONTACT_SHEET_05.png
ARD-4660,https://ztplxqlthuqkuktbznbo.supabase.co/storage/v1/object/public/products/ac7c356b-bcdf-4700-b31f-c6d2c5b53ca7/ARD-4660.webp,PASS,PASS,FAIL_P2,Contact-sheet + automated exact-match review; product packshot acceptable; content P2 (awkward Arabic / claims) — see defect register,review/PRIVATE_CATALOG_CONTACT_SHEET_05.png
ARD-4664,https://ztplxqlthuqkuktbznbo.supabase.co/storage/v1/object/public/products/ac7c356b-bcdf-4700-b31f-c6d2c5b53ca7/ARD-4664.webp,PASS,PASS,PASS,Contact-sheet + automated exact-match review; product packshot acceptable,review/PRIVATE_CATALOG_CONTACT_SHEET_05.png
ARD-467,https://ztplxqlthuqkuktbznbo.supabase.co/storage/v1/object/public/products/ac7c356b-bcdf-4700-b31f-c6d2c5b53ca7/ARD-467.webp,PASS,PASS,PASS,Contact-sheet + automated exact-match review; product packshot acceptable,review/PRIVATE_CATALOG_CONTACT_SHEET_05.png
ARD-4680,https://ztplxqlthuqkuktbznbo.supabase.co/storage/v1/object/public/products/ac7c356b-bcdf-4700-b31f-c6d2c5b53ca7/ARD-4680.webp,PASS,PASS,FAIL_P2,Contact-sheet + automated exact-match review; product packshot acceptable; content P2 (awkward Arabic / claims) — see defect register,review/PRIVATE_CATALOG_CONTACT_SHEET_05.png
ARD-4685,https://ztplxqlthuqkuktbznbo.supabase.co/storage/v1/object/public/products/ac7c356b-bcdf-4700-b31f-c6d2c5b53ca7/ARD-4685.webp,PASS,PASS,FAIL_P2,Contact-sheet + automated exact-match review; product packshot acceptable; content P2 (awkward Arabic / claims) — see defect register,review/PRIVATE_CATALOG_CONTACT_SHEET_05.png
ARD-4686,https://ztplxqlthuqkuktbznbo.supabase.co/storage/v1/object/public/products/ac7c356b-bcdf-4700-b31f-c6d2c5b53ca7/ARD-4686.webp,PASS,PASS,FAIL_P2,Contact-sheet + automated exact-match review; product packshot acceptable; content P2 (awkward Arabic / claims) — see defect register,review/PRIVATE_CATALOG_CONTACT_SHEET_05.png
ARD-4750,https://ztplxqlthuqkuktbznbo.supabase.co/storage/v1/object/public/products/ac7c356b-bcdf-4700-b31f-c6d2c5b53ca7/ARD-4750.webp,FAIL_WRONG_IMAGE,FAIL_WRONG_VARIANT,FAIL_P1,Listing معطر جو اكلاير 300 مل; image is Eclaire 100ml EDP (3.4FL.OZ),images/ARD-4750.webp
ARD-4751,https://ztplxqlthuqkuktbznbo.supabase.co/storage/v1/object/public/products/ac7c356b-bcdf-4700-b31f-c6d2c5b53ca7/ARD-4751.webp,FAIL_WRONG_IMAGE,FAIL_WRONG_VARIANT,FAIL_P1,Listing معطر جو مسمم ابيض 300 مل; image is Musamam White Intense EDP perfume,review/PRIVATE_CATALOG_CONTACT_SHEET_05.png
ARD-4752,https://ztplxqlthuqkuktbznbo.supabase.co/storage/v1/object/public/products/ac7c356b-bcdf-4700-b31f-c6d2c5b53ca7/ARD-4752.webp,FAIL_WRONG_IMAGE,FAIL_WRONG_VARIANT,FAIL_P1,Listing معطر جو بديع العود نوبل بلوش 300 مل; image is Noble Blush EDP perfume,review/PRIVATE_CATALOG_CONTACT_SHEET_05.png
ARD-4770,https://ztplxqlthuqkuktbznbo.supabase.co/storage/v1/object/public/products/ac7c356b-bcdf-4700-b31f-c6d2c5b53ca7/ARD-4770.webp,PASS,PASS,PASS,Contact-sheet + automated exact-match review; product packshot acceptable,review/PRIVATE_CATALOG_CONTACT_SHEET_05.png
ARD-479,https://ztplxqlthuqkuktbznbo.supabase.co/storage/v1/object/public/products/ac7c356b-bcdf-4700-b31f-c6d2c5b53ca7/ARD-479.webp,PASS,PASS,PASS,Contact-sheet + automated exact-match review; product packshot acceptable,review/PRIVATE_CATALOG_CONTACT_SHEET_05.png
ARD-4792,https://ztplxqlthuqkuktbznbo.supabase.co/storage/v1/object/public/products/ac7c356b-bcdf-4700-b31f-c6d2c5b53ca7/ARD-4792.webp,FAIL_WRONG_IMAGE,FAIL_WRONG_VARIANT,FAIL_P1,Listing مسمم اسود انتنس; bottle label reads MUSAMAM WHITE INTENSE (gold bottle),images/ARD-4792.webp
ARD-4807,https://ztplxqlthuqkuktbznbo.supabase.co/storage/v1/object/public/products/ac7c356b-bcdf-4700-b31f-c6d2c5b53ca7/ARD-4807.webp,FAIL_WRONG_IMAGE,FAIL_WRONG_VARIANT,FAIL_P1,Listing معطر جو نبراس 300 مل; image is Nebras 100ml EDP (Lattafa Pride),images/ARD-4807.webp
ARD-5036,https://ztplxqlthuqkuktbznbo.supabase.co/storage/v1/object/public/products/ac7c356b-bcdf-4700-b31f-c6d2c5b53ca7/ARD-5036.webp,PASS,PASS,FAIL_P2,Contact-sheet + automated exact-match review; product packshot acceptable; content P2 (awkward Arabic / claims) — see defect register,review/PRIVATE_CATALOG_CONTACT_SHEET_05.png
ARD-5058,https://ztplxqlthuqkuktbznbo.supabase.co/storage/v1/object/public/products/ac7c356b-bcdf-4700-b31f-c6d2c5b53ca7/ARD-5058.webp,PASS,PASS,FAIL_P2,Contact-sheet + automated exact-match review; product packshot acceptable; content P2 (awkward Arabic / claims) — see defect register,review/PRIVATE_CATALOG_CONTACT_SHEET_05.png
ARD-663,https://ztplxqlthuqkuktbznbo.supabase.co/storage/v1/object/public/products/ac7c356b-bcdf-4700-b31f-c6d2c5b53ca7/ARD-663.webp,PASS,PASS,PASS,Contact-sheet + automated exact-match review; product packshot acceptable,review/PRIVATE_CATALOG_CONTACT_SHEET_06.png
ARD-715,https://ztplxqlthuqkuktbznbo.supabase.co/storage/v1/object/public/products/ac7c356b-bcdf-4700-b31f-c6d2c5b53ca7/ARD-715.webp,PASS,PASS,PASS,Contact-sheet + automated exact-match review; product packshot acceptable,review/PRIVATE_CATALOG_CONTACT_SHEET_06.png
ARD-766,https://ztplxqlthuqkuktbznbo.supabase.co/storage/v1/object/public/products/ac7c356b-bcdf-4700-b31f-c6d2c5b53ca7/ARD-766.webp,PASS,PASS,PASS,Contact-sheet + automated exact-match review; product packshot acceptable,review/PRIVATE_CATALOG_CONTACT_SHEET_06.png
ARD-775,https://ztplxqlthuqkuktbznbo.supabase.co/storage/v1/object/public/products/ac7c356b-bcdf-4700-b31f-c6d2c5b53ca7/ARD-775.webp,PASS,FAIL_WRONG_BRAND,FAIL_P1,Catalog brand Lattafa / musk category; packaging clearly ASDAAF SALAMAH EDP 100ml,images/ARD-775.webp
ARD-823,https://ztplxqlthuqkuktbznbo.supabase.co/storage/v1/object/public/products/ac7c356b-bcdf-4700-b31f-c6d2c5b53ca7/ARD-823.webp,PASS,FAIL_WRONG_SIZE,FAIL_P1,Catalog size 100 مل; bottle and box print EAU DE PARFUM 50 ML (+ deodorant set),images/ARD-823.webp
ARD-92,https://ztplxqlthuqkuktbznbo.supabase.co/storage/v1/object/public/products/ac7c356b-bcdf-4700-b31f-c6d2c5b53ca7/ARD-92.webp,PASS,PASS,PASS,Contact-sheet + automated exact-match review; product packshot acceptable,review/PRIVATE_CATALOG_CONTACT_SHEET_06.png
ARD-957,https://ztplxqlthuqkuktbznbo.supabase.co/storage/v1/object/public/products/ac7c356b-bcdf-4700-b31f-c6d2c5b53ca7/ARD-957.webp,PASS,PASS,PASS,Contact-sheet + automated exact-match review; product packshot acceptable,review/PRIVATE_CATALOG_CONTACT_SHEET_06.png
ARD-958,https://ztplxqlthuqkuktbznbo.supabase.co/storage/v1/object/public/products/ac7c356b-bcdf-4700-b31f-c6d2c5b53ca7/ARD-958.webp,PASS,PASS,PASS,Contact-sheet + automated exact-match review; product packshot acceptable,review/PRIVATE_CATALOG_CONTACT_SHEET_06.png
ARD-959,https://ztplxqlthuqkuktbznbo.supabase.co/storage/v1/object/public/products/ac7c356b-bcdf-4700-b31f-c6d2c5b53ca7/ARD-959.webp,PASS,PASS,PASS,Contact-sheet + automated exact-match review; product packshot acceptable,review/PRIVATE_CATALOG_CONTACT_SHEET_06.png
ARD-970,https://ztplxqlthuqkuktbznbo.supabase.co/storage/v1/object/public/products/ac7c356b-bcdf-4700-b31f-c6d2c5b53ca7/ARD-970.webp,PASS,PASS,PASS,Contact-sheet + automated exact-match review; product packshot acceptable,review/PRIVATE_CATALOG_CONTACT_SHEET_06.png
