merchant_sku,price,discount_price,category_slug,category_active,category_is_root,child_count,price_ok,leaf_ok
ARD-1015,23000,,perfumes,true,false,0,true,true
ARD-1042,15000,,perfumes,true,false,0,true,true
ARD-1065,19000,,perfumes,true,false,0,true,true
ARD-1172,24000,,perfumes,true,false,0,true,true
ARD-1173,24000,,perfumes,true,false,0,true,true
ARD-1191,19000,,perfumes,true,false,0,true,true
ARD-1318,7000,,mini-travel-perfume,true,false,0,true,true
ARD-1319,7000,,mini-travel-perfume,true,false,0,true,true
ARD-1320,7000,,mini-travel-perfume,true,false,0,true,true
ARD-1369,12000,,perfumes,true,false,0,true,true
ARD-1430,18000,,perfumes,true,false,0,true,true
ARD-1480,15000,,perfumes,true,false,0,true,true
ARD-1826,20000,,perfumes,true,false,0,true,true
ARD-1858,30000,,perfumes,true,false,0,true,true
ARD-2126,35000,,perfumes,true,false,0,true,true
ARD-2423,18000,,perfumes,true,false,0,true,true
ARD-2436,18000,,perfumes,true,false,0,true,true
ARD-2437,15000,,perfumes,true,false,0,true,true
ARD-2471,16000,,perfumes,true,false,0,true,true
ARD-2493,19000,,perfumes,true,false,0,true,true
ARD-2494,20000,,perfumes,true,false,0,true,true
ARD-2511,18000,,perfumes,true,false,0,true,true
ARD-2512,15000,,perfumes,true,false,0,true,true
ARD-2515,16000,,perfumes,true,false,0,true,true
ARD-2583,14000,,perfumes,true,false,0,true,true
ARD-2648,14000,,perfumes,true,false,0,true,true
ARD-2745,19000,,perfumes,true,false,0,true,true
ARD-2753,14000,,perfumes,true,false,0,true,true
ARD-2760,30000,,perfumes,true,false,0,true,true
ARD-2765,14000,,perfumes,true,false,0,true,true
ARD-2773,19000,,perfumes,true,false,0,true,true
ARD-2793,3000,,home-linen-air,true,false,0,true,true
ARD-2797,3000,,home-linen-air,true,false,0,true,true
ARD-2800,20000,,perfumes,true,false,0,true,true
ARD-287,18000,,perfumes,true,false,0,true,true
ARD-2876,15000,,perfumes,true,false,0,true,true
ARD-2879,40000,,perfumes,true,false,0,true,true
ARD-2932,13000,,perfumes,true,false,0,true,true
ARD-2933,16000,,perfumes,true,false,0,true,true
ARD-308,12000,,perfumes,true,false,0,true,true
ARD-309,15000,,perfumes,true,false,0,true,true
ARD-310,14000,,perfumes,true,false,0,true,true
ARD-311,17000,,perfumes,true,false,0,true,true
ARD-3117,45000,,perfumes,true,false,0,true,true
ARD-312,15000,,perfumes,true,false,0,true,true
ARD-3149,30000,,perfumes,true,false,0,true,true
ARD-3240,30000,,perfumes,true,false,0,true,true
ARD-3242,30000,,perfumes,true,false,0,true,true
ARD-3244,27000,,perfumes,true,false,0,true,true
ARD-3245,30000,,perfumes,true,false,0,true,true
ARD-3260,35000,,perfumes,true,false,0,true,true
ARD-3270,16000,,perfumes,true,false,0,true,true
ARD-3274,45000,,perfumes,true,false,0,true,true
ARD-3347,14000,,perfumes,true,false,0,true,true
ARD-3349,26000,,perfumes,true,false,0,true,true
ARD-3350,23000,,perfumes,true,false,0,true,true
ARD-3351,19000,,perfumes,true,false,0,true,true
ARD-3352,19000,,perfumes,true,false,0,true,true
ARD-3353,19000,,perfumes,true,false,0,true,true
ARD-3531,45000,,perfumes,true,false,0,true,true
ARD-3536,45000,,perfumes,true,false,0,true,true
ARD-3627,65000,,perfumes,true,false,0,true,true
ARD-3628,65000,,perfumes,true,false,0,true,true
ARD-3709,40000,,perfumes,true,false,0,true,true
ARD-3710,20000,,perfumes,true,false,0,true,true
ARD-3711,15000,,perfumes,true,false,0,true,true
ARD-3712,30000,,perfumes,true,false,0,true,true
ARD-3714,25000,,perfumes,true,false,0,true,true
ARD-3723,20000,,perfumes,true,false,0,true,true
ARD-3897,35000,,perfumes,true,false,0,true,true
ARD-4138,40000,,perfumes,true,false,0,true,true
ARD-4214,49000,,perfumes,true,false,0,true,true
ARD-4215,25000,,perfumes,true,false,0,true,true
ARD-4246,35000,,perfumes,true,false,0,true,true
ARD-4255,15000,,perfumes,true,false,0,true,true
ARD-4256,18000,,perfumes,true,false,0,true,true
ARD-4273,29000,,perfumes,true,false,0,true,true
ARD-4286,33000,,perfumes,true,false,0,true,true
ARD-4300,3000,,home-linen-air,true,false,0,true,true
ARD-4336,40000,,perfumes,true,false,0,true,true
ARD-4564,3000,,home-linen-air,true,false,0,true,true
ARD-463,19000,,perfumes,true,false,0,true,true
ARD-4637,30000,,perfumes,true,false,0,true,true
ARD-465,16000,,perfumes,true,false,0,true,true
ARD-466,13000,,perfumes,true,false,0,true,true
ARD-4660,33000,,perfumes,true,false,0,true,true
ARD-4664,45000,,perfumes,true,false,0,true,true
ARD-467,16000,,musk-oils-mukhammaria,true,false,0,true,true
ARD-4680,17000,,perfumes,true,false,0,true,true
ARD-4685,30000,,perfumes,true,false,0,true,true
ARD-4686,30000,,perfumes,true,false,0,true,true
ARD-4750,3000,,home-linen-air,true,false,0,true,true
ARD-4751,3000,,home-linen-air,true,false,0,true,true
ARD-4752,3000,,home-linen-air,true,false,0,true,true
ARD-4770,18000,,perfumes,true,false,0,true,true
ARD-479,15000,,perfumes,true,false,0,true,true
ARD-4792,43000,,perfumes,true,false,0,true,true
ARD-4807,3000,,home-linen-air,true,false,0,true,true
ARD-5036,35000,,perfumes,true,false,0,true,true
ARD-5058,40000,,perfumes,true,false,0,true,true
ARD-663,18000,,perfumes,true,false,0,true,true
ARD-715,17000,,perfumes,true,false,0,true,true
ARD-766,14000,,perfumes,true,false,0,true,true
ARD-775,15000,,musk-oils-mukhammaria,true,false,0,true,true
ARD-823,12000,,perfumes,true,false,0,true,true
ARD-92,14000,,perfumes,true,false,0,true,true
ARD-957,19000,,perfumes,true,false,0,true,true
ARD-958,15000,,perfumes,true,false,0,true,true
ARD-959,15000,,perfumes,true,false,0,true,true
ARD-970,15000,,perfumes,true,false,0,true,true
