merchant_sku,short_description,description,content_status,identity_source_type,identity_source_url,scent_family,top_notes,heart_notes,base_notes,official_gender
ARD-1318,عطر الشموخ من لطافة بحجم 30 مل ضمن مجموعة ثمين، برائحة شرقية حارة وخشبية دافئة، مثالي للسفر والاستخدام اليومي بحجم ميني عملي.,"عائلة عطرية: Sweet Spicy / Oriental | المقدمة: Spicy floral | القلب: Spicy | القاعدة: Balsamic vanilla, amber, woody",SECONDARY_DETAILED,trusted_retailer,https://www.nahdionline.com/en-ae/lattafa-shamoukh-eau-de-parfum-unisex-30-ml/pdp/103563877,Sweet Spicy / Oriental,Spicy floral,Spicy,"Balsamic vanilla, amber, woody",unisex
ARD-1319,عطر ثراء من لطافة بحجم 30 مل من مجموعة ثمين، بتركيبة زهرية دافئة مع لمسات خشبية، حجم ميني مناسب للسفر والاستخدام اليومي.,"عائلة عطرية: Floral Woody | المقدمة: Allspice, purple freesia | القلب: Heliotrope, jasmine, hibiscus, Bulgarian rose | القاعدة: Himalayan cedar, warm skin accord, sandalwood, incense",SECONDARY_DETAILED,trusted_retailer,https://www.nahdionline.com/en-ae/lattafa-thara-eau-de-parfum-for-unisex-30-ml/pdp/103563797,Floral Woody,"Allspice, purple freesia","Heliotrope, jasmine, hibiscus, Bulgarian rose","Himalayan cedar, warm skin accord, sandalwood, incense",unisex
ARD-1320,عطر معالي من لطافة بحجم 30 مل ضمن مجموعة ثمين، بافتتاحية حمضية وقلب زهري ناعم، حجم ميني عملي للسفر والاستخدام اليومي.,"عائلة عطرية: Citrus Floral | المقدمة: Fresh citrus | القلب: Magnolia, honeysuckle, raspberry | القاعدة: Cashmere wood, amber, musk",SECONDARY_DETAILED,trusted_retailer,https://www.nahdionline.com/en-ae/lattafa-maali-eau-de-parfum-unisex-30-ml/pdp/103564124,Citrus Floral,Fresh citrus,"Magnolia, honeysuckle, raspberry","Cashmere wood, amber, musk",unisex
ARD-1369,عطر عطر الدر المكنون سلفر من Lattafa بحجم 100 مل، للجنسين بطابع عطري عربي واضح مناسب لليومي والمناسبات الخاصة.,,SHORT_ONLY,official_distributor,https://www.lattafa.my/perfumes/lattafa/al-dur-al-maknoon/,,,,,unisex
ARD-1430,عطر أمير العود إنتنس عود من لطافة بحجم 100 مل، بطابع عودي دخاني ثابت.,,SHORT_ONLY,official_distributor,https://www.lattafa.my/perfumes/lattafa/ameer-al-oudh-intense/,,,,,unisex
ARD-1480,عطر عطر عود ليل ملكي من Lattafa بحجم 100 مل، للجنسين بطابع عطري عربي واضح مناسب لليومي والمناسبات الخاصة.,,SHORT_ONLY,official_distributor,https://www.lattafa.my/perfumes/lattafa/oud-lail-maleki/,,,,,unisex
ARD-1858,عطر يارا من لطافة بحجم 100 مل للنساء، برائحة فاكهية فانيليا أنثوية شهيرة بثبات عالٍ واستخدام يومي.,"عائلة عطرية: Amber Vanilla | المقدمة: Tangerine, heliotrope, orchid | القلب: Tropical notes, gourmand | القاعدة: Vanilla, sandalwood, musk",SECONDARY_DETAILED,official_distributor,https://www.lattafa.my/perfumes/lattafa/yara/,Amber Vanilla,"Tangerine, heliotrope, orchid","Tropical notes, gourmand","Vanilla, sandalwood, musk",women
ARD-2126,عطر بديع العود أميثست من لطافة بحجم 100 مل، برائحة خط بديع العود الرسمية.,,SHORT_ONLY,official_distributor,https://www.lattafa.my/perfumes/lattafa/badee-al-oud-amethyst/,,,,,unisex
ARD-2423,عطر قائد الشباب من لطافة بحجم 100 مل للرجال، برائحة كهرمانية جلدية خشبية مع لمسة عود دافئة وثابتة.,"عائلة عطرية: Amber / Leather Woody | المقدمة: Osmanthus, ylang-ylang | القلب: Leather, cedar | القاعدة: Oud, light amber",SECONDARY_DETAILED,official_distributor,https://www.lattafa.my/perfumes/lattafa/qaaed-al-shabaab/,Amber / Leather Woody,"Osmanthus, ylang-ylang","Leather, cedar","Oud, light amber",men
ARD-2436,عطر عطر سقراط من Lattafa بحجم 100 مل، مخصص للرجال بطابع عطري عربي واضح مناسب لليومي والمناسبات الخاصة.,,SHORT_ONLY,official_distributor,https://www.lattafa.my/perfumes/lattafa/suqraat/,,,,,men
ARD-2437,عطر حياتي الملكي من لطافة بحجم 100 مل، بافتتاحية حمضية وقلب من الخوخ والزعفران والجلد، وقاعدة فانيليا ومسك عنبري.,"عائلة عطرية: Amber | المقدمة: Grapefruit, bergamot, cassis | القلب: Peach, saffron, leather | القاعدة: Vetiver, vanilla, amber musk",SECONDARY_DETAILED,official_distributor,https://www.lattafa.my/perfumes/lattafa/hayaati-al-maleky/,Amber,"Grapefruit, bergamot, cassis","Peach, saffron, leather","Vetiver, vanilla, amber musk",men
ARD-2471,عطر عودين من لطافة بحجم 100 مل، بمزيج مشرق من البرتقال والزعفران مع كراميل وعنبر وفانيليا دافئة.,"عائلة عطرية: Sweet Oriental Woody | المقدمة: Orange, saffron | القلب: Caramel, dry amber | القاعدة: Tonka, vanilla",SECONDARY_DETAILED,official_distributor,https://www.lattafa.my/perfumes/lattafa/oudain/,Sweet Oriental Woody,"Orange, saffron","Caramel, dry amber","Tonka, vanilla",unisex
ARD-2493,عطر سمبلي عود من لطافة بحجم 100 مل للجنسين، بتركيبة عودية دافئة مع لمسات زهرية وحارة ولمسة عنبرية ناعمة.,"عائلة عطرية: Woody Oud | المقدمة: Cardamom, pepper | القلب: Jasmine, praline, raspberry, rose | القاعدة: Oud, amber, moss, musk",SECONDARY_DETAILED,official_distributor,https://www.lattafa.my/perfumes/lattafa/simply-oud/,Woody Oud,"Cardamom, pepper","Jasmine, praline, raspberry, rose","Oud, amber, moss, musk",unisex
ARD-2494,عطر سطور من لطافة بحجم 100 مل، برائحة فاكهية شرقية غنية مع لمسات دافئة من الفانيليا والأخشاب الناعمة.,"عائلة عطرية: Fruity Oriental | المقدمة: Peach, blood orange, cardamom | القلب: Brandy, rum, jasmine, davana | القاعدة: Amber, vanilla, cashmere wood, sandalwood, styrax, vetiver, patchouli, tonka, cistus",SECONDARY_DETAILED,trusted_retailer,https://balade-orientale.com/en/products/sutoor-100ml-lattafa-perfume,Fruity Oriental,"Peach, blood orange, cardamom","Brandy, rum, jasmine, davana","Amber, vanilla, cashmere wood, sandalwood, styrax, vetiver, patchouli, tonka, cistus",women
ARD-2511,عطر أنا الأبيض بودري من لطافة، إصدار بودري ناعم للجنسين بطابع مسكي أنيق.,عائلة عطرية: powdery musky,SECONDARY_DETAILED,official_distributor,https://www.lattafa.my/perfumes/lattafa/ana-abiyedh-poudree/,powdery musky,,,,unisex
ARD-2512,عطر حياتي الذهبي إكسير من لطافة بحجم 100 مل، بطابع دافئ أنيق.,,SHORT_ONLY,official_distributor,https://www.lattafa.my/perfumes/lattafa/hayaati-gold-elixir/,,,,,unisex
ARD-2515,عطر أنا الأبيض ليذر من لطافة بحجم 60 مل، برائحة جلدية أنيقة مع لمسات حارة وزهرية وقاعدة مسك وعنبر.,"عائلة عطرية: Leather Woody | المقدمة: Juniper berries, cardamom, pink pepper, raspberry | القلب: Iris, ginger, rose | القاعدة: Leather, white musk, amber",SECONDARY_DETAILED,official_distributor,https://www.lattafa.my/perfumes/lattafa/ana-abiyedh-leather/,Leather Woody,"Juniper berries, cardamom, pink pepper, raspberry","Iris, ginger, rose","Leather, white musk, amber",unisex
ARD-2583,عطر عطر نجدية تربيوت من Lattafa بحجم 100 مل، للجنسين بطابع عطري عربي واضح مناسب لليومي والمناسبات الخاصة.,,SHORT_ONLY,official_distributor,https://www.lattafa.my/perfumes/lattafa/najdia-tribute/,,,,,unisex
ARD-2648,عطر الأزل من لطافة بحجم 100 مل، بافتتاحية حمضية عشبية وقلب زهري وقاعدة فانيليا ومسك وخشب أرز دافئة.,"عائلة عطرية: Woody Oriental | المقدمة: Bergamot, lemon, rosemary | القلب: Lavender, geranium, rose | القاعدة: Vanilla, musk, cedarwood",SECONDARY_DETAILED,official_distributor,https://www.lattafa.my/perfumes/lattafa/al-azal/,Woody Oriental,"Bergamot, lemon, rosemary","Lavender, geranium, rose","Vanilla, musk, cedarwood",men
ARD-2745,عطر مهرة من لطافة بحجم 100 مل للجنسين، بمزيج حار زهري مع زعفران وورد وقاعدة خشبية مسكية أنيقة.,"عائلة عطرية: Woody Spicy Floral | المقدمة: Bergamot, blood orange, lavender, saffron | القلب: Rose, black pepper, cashmeran | القاعدة: Cedar, sandalwood, patchouli, labdanum, musk",SECONDARY_DETAILED,official_distributor,https://www.lattafa.my/perfumes/lattafa/mohra/,Woody Spicy Floral,"Bergamot, blood orange, lavender, saffron","Rose, black pepper, cashmeran","Cedar, sandalwood, patchouli, labdanum, musk",unisex
ARD-2753,عطر أوبلينت ريد من لطافة بحجم 100 مل، برائحة فاكهية زهرية دافئة مع زعفران وكاشمران وقاعدة عنبر وخشب.,"عائلة عطرية: Floral Fruity / Gourmand Woody | المقدمة: Saffron, bergamot | القلب: Patchouli, cashmeran, gourmand | القاعدة: Dry amber, leatherwood, cedarwood",SECONDARY_DETAILED,official_distributor,https://www.lattafa.my/perfumes/lattafa/opulent-red/,Floral Fruity / Gourmand Woody,"Saffron, bergamot","Patchouli, cashmeran, gourmand","Dry amber, leatherwood, cedarwood",women
ARD-2760,عطر أسد من لطافة بحجم 100 مل للرجال، برائحة كهرمانية قوية مع فلفل أسود وتبغ وقهوة وقاعدة فانيليا وعنبر.,"عائلة عطرية: Amber | المقدمة: Black pepper, pineapple, tobacco | القلب: Coffee, iris, patchouli | القاعدة: Amber, vanilla, dry woods, benzoin, labdanum",SECONDARY_DETAILED,official_distributor,https://www.lattafa.my/perfumes/lattafa/asad/,Amber,"Black pepper, pineapple, tobacco","Coffee, iris, patchouli","Amber, vanilla, dry woods, benzoin, labdanum",men
ARD-2765,عطر منى من لطافة بحجم 100 مل، برائحة زهرية فاكهية خفيفة مع بطيخ وورد دمشق وقاعدة مسكية خشبية ناعمة.,"عائلة عطرية: Floral Fruity | المقدمة: Watermelon, strawberry | القلب: Damascus rose, cyclamen, peony, magnolia | القاعدة: Woody notes, musk",SECONDARY_DETAILED,trusted_retailer,https://www.fragrantica.asia/perfume/Lattafa-Perfumes/Muna-89897.html,Floral Fruity,"Watermelon, strawberry","Damascus rose, cyclamen, peony, magnolia","Woody notes, musk",unisex
ARD-2773,عطر عود مود تذكر من لطافة بحجم 100 مل، برائحة شرقية عودية مع ورد وزعفران وقاعدة فانيليا ومسك وطحلب.,"عائلة عطرية: Oriental Woody | المقدمة: Rose, saffron, cinnamon | القلب: Patchouli, dry amber | القاعدة: Vanilla, musk, oakmoss, oud",SECONDARY_DETAILED,official_distributor,https://www.lattafa.my/perfumes/lattafa/oud-mood-reminiscence/,Oriental Woody,"Rose, saffron, cinnamon","Patchouli, dry amber","Vanilla, musk, oakmoss, oud",men
ARD-2793,معطر جو فخر لطافة من لطافة، لتعطير المنزل برائحة فخر الأنيقة المنعشة بحجم منزلي عملي وثابت.,,SHORT_ONLY,official_manufacturer,https://lattafa.com/product/fakhar-lattafa-men/,,,,,men
ARD-2797,معطر جو فخر لطافة نسائي من لطافة، يعطّر الأجواء برائحة زهرية أنثوية مستوحاة من عطر فخر للنساء.,"المقدمة: Orange blossom | القلب: Tuberose, jasmine | القاعدة: Vetiver, patchouli | التصنيف الرسمي: women",OFFICIAL_DETAILED,official_manufacturer,https://lattafa.com/product/fakhar-lattafa-women/,,Orange blossom,"Tuberose, jasmine","Vetiver, patchouli",women
ARD-287,عطر أنا الأبيض من لطافة، رائحة مسكية منعشة للجنسين بطابع نظيف وأنيق للاستخدام اليومي.,عائلة عطرية: musky fresh,SECONDARY_DETAILED,official_distributor,https://www.lattafa.my/perfumes/lattafa/ana-abiyedh/,musky fresh,,,,unisex
ARD-2876,عطر قصائد السلطان من لطافة بحجم 100 مل، برائحة جلدية شرقية دافئة مع عسل وتوابل وقاعدة عود وفانيليا.,"عائلة عطرية: Leather Oriental | المقدمة: Bergamot, amber | القلب: Spices, honey, leather | القاعدة: Sandalwood, patchouli, vanilla, oud",SECONDARY_DETAILED,official_distributor,https://www.lattafa.my/perfumes/lattafa/qasaed-al-sultan/,Leather Oriental,"Bergamot, amber","Spices, honey, leather","Sandalwood, patchouli, vanilla, oud",unisex
ARD-2879,عطر خمرة من لطافة بحجم 100 مل للجنسين، برائحة غورماند حارة مع قرفة وتمر وبراالين وقاعدة فانيليا وتونكا.,"عائلة عطرية: Aromatic Spicy Gourmand | المقدمة: Bergamot, cinnamon, nutmeg | القلب: Dates, lily of the valley, praline, tuberose | القاعدة: Roasted tonka, benzoin, myrrh, akigalawood, vanilla, amberwood",SECONDARY_DETAILED,official_distributor,https://www.lattafa.my/perfumes/lattafa/khamrah/,Aromatic Spicy Gourmand,"Bergamot, cinnamon, nutmeg","Dates, lily of the valley, praline, tuberose","Roasted tonka, benzoin, myrrh, akigalawood, vanilla, amberwood",unisex
ARD-2932,عطر الأوصاف من لطافة بحجم 100 مل، برائحة خشبية راتنجية داكنة مع مر وعود وباتشولي تناسب الأمسيات والأجواء الباردة.,"عائلة عطرية: Woody Resinous Amber | المقدمة: Myrrh, tonka bean, spices, cedar | القاعدة: Patchouli, oud, cedar, musk, oakmoss",SECONDARY_DETAILED,trusted_retailer,https://scentclones.com/lattafa-al-awsaaf-review/,Woody Resinous Amber,"Myrrh, tonka bean, spices, cedar",,"Patchouli, oud, cedar, musk, oakmoss",unisex
ARD-2933,عطر تميمة من لطافة بحجم 100 مل للنساء، برائحة فاكهية صيفية خفيفة مع توت وكيوي وقلب زهري وقاعدة صندل ومسك.,"عائلة عطرية: Fruity Floral | المقدمة: Pink pepper, rhubarb, redcurrant, kiwi | القلب: Cyclamen, jasmine, watermelon | القاعدة: Sandalwood, musk, woody notes, cedar | التصنيف الرسمي: women",OFFICIAL_DETAILED,official_manufacturer,https://lattafa.com/ar/product/tamima/,Fruity Floral,"Pink pepper, rhubarb, redcurrant, kiwi","Cyclamen, jasmine, watermelon","Sandalwood, musk, woody notes, cedar",women
ARD-308,عطر اختياري (إختياري) من لطافة، عطر فاكهي عطري للجنسين بطابع منعش يناسب الاستخدام اليومي.,عائلة عطرية: aromatic fruity,SECONDARY_DETAILED,official_distributor,https://www.lattafa-ca.com/p/ekhtiari/,aromatic fruity,,,,unisex
ARD-309,عطر وشوشة من لطافة للنساء، بتركيبة زهرية فاكهية ناعمة تناسب الإطلالة اليومية والمناسبات.,عائلة عطرية: floral fruity,SECONDARY_DETAILED,official_distributor,https://www.lattafa.my/perfumes/lattafa/washwashah/,floral fruity,,,,women
ARD-310,عطر رغبة الرجالي من لطافة، بطابع حلو دخاني رجالي يناسب الاستخدام اليومي والمساء.,عائلة عطرية: sweet smoky,SECONDARY_DETAILED,official_distributor,https://www.lattafa.my/perfumes/lattafa/raghba-for-men/,sweet smoky,,,,men
ARD-311,عطر رمز لطافة الفضي من لطافة للرجال، بتركيبة منعشة حارة بطابع عصري واضح.,عائلة عطرية: fresh spicy,SECONDARY_DETAILED,official_distributor,https://www.lattafa.my/perfumes/lattafa/ramz-silver/,fresh spicy,,,,men
ARD-3117,عطر عطر انسام سلفر من Lattafa بحجم 100 مل، للجنسين بطابع عطري عربي واضح مناسب لليومي والمناسبات الخاصة.,,SHORT_ONLY,official_distributor,https://www.lattafa.my/perfumes/lattafa-pride/ansaam-silver/,,,,,unisex
ARD-312,عطر إعجازي من لطافة للرجال، بتركيبة عطرية خشبية بطابع قوي يناسب الحضور اليومي.,عائلة عطرية: woody aromatic,SECONDARY_DETAILED,official_distributor,https://www.lattafa.my/perfumes/lattafa/ejaazi/,woody aromatic,,,,men
ARD-3149,عطر يارا موي من لطافة بحجم 100 مل للنساء، برائحة فاكهية زهرية أنثوية مع كمثرى وتيوبيروز وقاعدة فانيليا وكاشمران.,"عائلة عطرية: Floral Fruity | المقدمة: Pear, pink pepper, blackcurrant | القلب: Tuberose, jasmine, almond | القاعدة: Vanilla, cashmeran, patchouli",SECONDARY_DETAILED,official_distributor,https://www.lattafa.my/perfumes/lattafa/yara-moi/,Floral Fruity,"Pear, pink pepper, blackcurrant","Tuberose, jasmine, almond","Vanilla, cashmeran, patchouli",women
ARD-3240,عطر هيا من لطافة بحجم 100 مل للنساء، برائحة فاكهية زهرية حلوة مع شمبانيا وردية وغاردينيا وقاعدة برالين وعنبر.,"عائلة عطرية: Fruity Floral Gourmand | المقدمة: Pink champagne, pink berries, orange, mandarin, pink strawberry | القلب: Gardenia, vanilla, orchid, jasmine | القاعدة: Praline, amber, sandalwood",SECONDARY_DETAILED,official_distributor,https://www.lattafa.my/perfumes/lattafa/haya/,Fruity Floral Gourmand,"Pink champagne, pink berries, orange, mandarin, pink strawberry","Gardenia, vanilla, orchid, jasmine","Praline, amber, sandalwood",women
ARD-3242,عطر سكينة من لطافة بحجم 100 مل للنساء، برائحة فاكهية غورماند مع باشون فروت وورد وقاعدة برالين وفانيليا.,"عائلة عطرية: Fruity Gourmand | المقدمة: Mandarin, ozonic notes, passion fruit | القلب: Orange blossom, rose, sea salt, berries | القاعدة: Musk, vanilla, praline, toffee",SECONDARY_DETAILED,official_distributor,https://www.lattafa.my/perfumes/lattafa/sakeena/,Fruity Gourmand,"Mandarin, ozonic notes, passion fruit","Orange blossom, rose, sea salt, berries","Musk, vanilla, praline, toffee",women
ARD-3244,عطر تأويل من لطافة بحجم 100 مل للرجال، برائحة عطرية خشبية مع برغموت وزنجبيل ولافندر وقاعدة جلدية وأمبروكسان.,"عائلة عطرية: Aromatic Woody | المقدمة: Bergamot, ginger, juniper, nutmeg | القلب: Orange blossom, lavender | القاعدة: Vetiver, patchouli, leather, ambroxan | التصنيف الرسمي: men",OFFICIAL_DETAILED,official_manufacturer,https://lattafa.com/product/taweel/,Aromatic Woody,"Bergamot, ginger, juniper, nutmeg","Orange blossom, lavender","Vetiver, patchouli, leather, ambroxan",men
ARD-3245,عطر إيمان من لطافة بحجم 100 مل للنساء، برائحة شيبريه زهرية مع زهر البرتقال وتيوبيروز وقاعدة فانيليا ومسك أبيض.,"عائلة عطرية: Chypre Floral | المقدمة: Orange blossom, bergamot, blackcurrant | القلب: Tuberose, marigold, jasmine | القاعدة: Vanilla, white musk, cedarwood, patchouli | التصنيف الرسمي: women",OFFICIAL_DETAILED,official_manufacturer,https://lattafa.com/product/emaan/,Chypre Floral,"Orange blossom, bergamot, blackcurrant","Tuberose, marigold, jasmine","Vanilla, white musk, cedarwood, patchouli",women
ARD-3260,عطر ماهر ليغاسي من لطافة بحجم 100 مل للرجال، برائحة حمضية منعشة مع نعناع وأناناس وقاعدة فيتيفير وأمبروكسان.,"عائلة عطرية: Citrus Aromatic Woody | المقدمة: Lime, grapefruit, lavender, spearmint, pineapple | القلب: Juniper berry, rosemary, olibanum, geranium, black pepper | القاعدة: Vetiver, cashmeran, ambrox, oakmoss, tonka bean",SECONDARY_DETAILED,official_distributor,https://www.lattafa.my/perfumes/lattafa/maahir-legacy/,Citrus Aromatic Woody,"Lime, grapefruit, lavender, spearmint, pineapple","Juniper berry, rosemary, olibanum, geranium, black pepper","Vetiver, cashmeran, ambrox, oakmoss, tonka bean",men
ARD-3274,عطر ذوق من لطافة بحجم 80 مل للنساء، بافتتاحية برغموت وليتشي وقلب ورد وبخور وقاعدة عنبر وفيتيفير.,"عائلة عطرية: Floral Woody | المقدمة: Bergamot, litchi | القلب: Rose, incense | القاعدة: Amber, vetiver",SECONDARY_DETAILED,official_distributor,https://www.lattafa.my/perfumes/lattafa/thouq/,Floral Woody,"Bergamot, litchi","Rose, incense","Amber, vetiver",women
ARD-3347,عطر عطر عود نجدية من Lattafa بحجم 100 مل، للجنسين بطابع عطري عربي واضح مناسب لليومي والمناسبات الخاصة ويتميز بطابع Oud ضمن تشكيلة موثّقة.,,SHORT_ONLY,official_distributor,https://www.lattafa.my/perfumes/lattafa/oud-najdia/,,,,,unisex
ARD-3349,عطر أورا من لطافة بحجم 60 مل للجنسين، بافتتاحية زعفران وقلب ياسمين وبلسم تنوب وقاعدة كاشمران ومسك وخشب أرز.,"عائلة عطرية: Woody Spicy | المقدمة: Saffron | القلب: Jasmine, fir balsam | القاعدة: Cashmeran, ambergris, moss, musk, cedarwood | التصنيف الرسمي: unisex",OFFICIAL_DETAILED,official_manufacturer,https://lattafa.com/product/aura/,Woody Spicy,Saffron,"Jasmine, fir balsam","Cashmeran, ambergris, moss, musk, cedarwood",unisex
ARD-3350,عطر فلفت روز من لطافة بحجم 100 مل، برائحة وردية مخملية مع هيل وباتشولي وقاعدة سويد وعنبر وعود.,"عائلة عطرية: Rose Woody | المقدمة: Cardamom, bergamot | القلب: Violet leaf, patchouli | القاعدة: Suede, amber musk, oakmoss, oud",SECONDARY_DETAILED,official_distributor,https://www.lattafa.my/perfumes/lattafa/velvet-rose/,Rose Woody,"Cardamom, bergamot","Violet leaf, patchouli","Suede, amber musk, oakmoss, oud",women
ARD-3351,عطر النبل أمير من لطافة بحجم 100 مل للجنسين، برائحة خشبية حارة مع تفاح وفلفل وردي وقاعدة عود وفيتيفير.,"عائلة عطرية: Woody Spicy | المقدمة: Apple, pink pepper, rosemary | القلب: Cloves, floral notes | القاعدة: Oud, patchouli, cypress, labdanum, vetiver",SECONDARY_DETAILED,official_distributor,https://www.lattafa.my/perfumes/lattafa/al-noble-ameer/,Woody Spicy,"Apple, pink pepper, rosemary","Cloves, floral notes","Oud, patchouli, cypress, labdanum, vetiver",unisex
ARD-3352,عطر النبل وزير من لطافة بحجم 100 مل للجنسين، بمزيج فاكهي خشبي مع نعناع وشوكولاتة وقاعدة فانيليا ومسك.,"عائلة عطرية: Fruity Woody Powdery | المقدمة: Mint, bitter orange, bergamot, juniper | القلب: Iris, dark chocolate, berries, caramel, pear | القاعدة: Amber, vanilla, musk",SECONDARY_DETAILED,official_distributor,https://www.lattafa.my/perfumes/lattafa/al-noble-wazeer/,Fruity Woody Powdery,"Mint, bitter orange, bergamot, juniper","Iris, dark chocolate, berries, caramel, pear","Amber, vanilla, musk",unisex
ARD-3353,عطر النبل سفير من لطافة بحجم 100 مل للجنسين، برائحة عطرية خضراء خشبية مع برغموت وأعشاب وقاعدة راتنجية دافئة.,"عائلة عطرية: Aromatic Woody | المقدمة: Artemisia, bergamot | القلب: Herbal notes, green notes, spicy notes | القاعدة: Guaiac wood, juniper, frankincense, patchouli, labdanum | التصنيف الرسمي: unisex",OFFICIAL_DETAILED,official_manufacturer,https://lattafa.com/product/al-noble-safeer/,Aromatic Woody,"Artemisia, bergamot","Herbal notes, green notes, spicy notes","Guaiac wood, juniper, frankincense, patchouli, labdanum",unisex
ARD-3531,عطر أجواء من لطافة، برائحة فاكهية زهرية شرقية مع ليتشي وياسمين وورد وقاعدة فانيليا وعنبر وخشب.,"عائلة عطرية: Fruity Floral Oriental | المقدمة: Bergamot, litchi, fruity notes | القلب: Jasmine, rose, cinnamon | القاعدة: Amber, cedar, musk, sandalwood, vanilla",SECONDARY_DETAILED,official_distributor,https://www.lattafa.my/perfumes/lattafa/ajwad/,Fruity Floral Oriental,"Bergamot, litchi, fruity notes","Jasmine, rose, cinnamon","Amber, cedar, musk, sandalwood, vanilla",women
ARD-3536,عطر فينتاج راديو من لطافة بحجم 100 مل للجنسين، برائحة عطرية نوستالجية مع لافندر ومريمية وبرقوق وقاعدة صندل.,"عائلة عطرية: Aromatic Woody | المقدمة: Lavender, sage, bergamot | القلب: Plum, palo santo, black pepper | القاعدة: Sandalwood, amberwood",SECONDARY_DETAILED,official_distributor,https://www.lattafa.my/perfumes/lattafa/vintage-radio/,Aromatic Woody,"Lavender, sage, bergamot","Plum, palo santo, black pepper","Sandalwood, amberwood",unisex
ARD-3627,عطر لا كولكشن 1910 بايك من لطافة بحجم 100 مل، برائحة وردية فاكهية مع تفاح وأوسمانتوس وقاعدة فانيليا وتونكا.,"عائلة عطرية: Floral Fruity Woody | المقدمة: Rose, apple, davana | القلب: Osmanthus, cedarwood | القاعدة: Tonka bean, vanilla, patchouli",SECONDARY_DETAILED,official_distributor,https://www.lattafa.my/perfumes/lattafa/la-collection-1910/,Floral Fruity Woody,"Rose, apple, davana","Osmanthus, cedarwood","Tonka bean, vanilla, patchouli",unisex
ARD-3628,عطر لا كولكشن 1886 كار من لطافة برايد بحجم 100 مل، برائحة عطرية دافئة مع قرفة وشوكولاتة بيضاء وتبغ أبيض.,"عائلة عطرية: Aromatic Gourmand | المقدمة: Bergamot, mate | القلب: Cinnamon bark, jasmine, orris, tonka, bran | القاعدة: Vanilla, white musk, white chocolate, white tobacco, patchouli | التصنيف الرسمي: unisex",OFFICIAL_DETAILED,official_manufacturer,https://lattafa.com/product/la-collection-dantiquity-1886/,Aromatic Gourmand,"Bergamot, mate","Cinnamon bark, jasmine, orris, tonka, bran","Vanilla, white musk, white chocolate, white tobacco, patchouli",unisex
ARD-3709,عطر خمرة قهوة من لطافة بحجم 100 مل للجنسين، برائحة غورماند قهوة وتوابل وفانيليا دافئة وثابتة.,"عائلة عطرية: Oriental Vanilla Coffee | المقدمة: Ginger, cinnamon, cardamom | القلب: Praline, candied fruits, white flowers | القاعدة: Coffee Arabica, tonka, musk, benzoin, vanilla",SECONDARY_DETAILED,official_distributor,https://www.lattafa.my/perfumes/lattafa/khamrah-qahwa/,Oriental Vanilla Coffee,"Ginger, cinnamon, cardamom","Praline, candied fruits, white flowers","Coffee Arabica, tonka, musk, benzoin, vanilla",unisex
ARD-3710,عطر عجايب دبي من لطافة بحجم 100 مل، بطابع كهرماني حلو للجنسين.,,SHORT_ONLY,official_distributor,https://www.lattafa.my/perfumes/lattafa/ajayeb-dubai/,,,,,unisex
ARD-3711,عطر عطر قائد الفرسان انلمتد ابيض 90 مل من Lattafa بحجم 90 مل، للجنسين بطابع عطري عربي واضح مناسب لليومي والمناسبات الخاصة.,,SHORT_ONLY,official_distributor,https://www.lattafa.my/perfumes/lattafa/qaed-al-fursan-unlimited/,,,,,unisex
ARD-3712,عطر يارا توس من لطافة بحجم 100 مل للنساء، بطابع فاكهي فانيليا أنثوي ضمن هوية لطافة الرسمية.,,SHORT_ONLY,official_distributor,https://www.lattafa.my/perfumes/lattafa/yara-tous/,,,,,women
ARD-3714,عطر عطر ليام 100 مل من Lattafa بحجم 100 مل، للجنسين بطابع عطري عربي واضح مناسب لليومي والمناسبات الخاصة.,,SHORT_ONLY,official_distributor,https://www.lattafa.my/perfumes/lattafa/liam-grey/,,,,,unisex
ARD-3897,عطر بديع العود سبلايم من لطافة بحجم 100 مل، بطابع عودي فاخر.,,SHORT_ONLY,official_distributor,https://www.lattafa.my/perfumes/lattafa/badee-al-oud-sublime/,,,,,unisex
ARD-4138,عطر إكلير من لطافة للنساء بحجم 100 مل، بتركيبة فانيليا غورماند حلوة بطابع أنثوي جذاب.,عائلة عطرية: gourmand vanilla,SECONDARY_DETAILED,official_distributor,https://www.lattafa.my/perfumes/lattafa/eclaire/,gourmand vanilla,,,,women
ARD-4214,عطر عطر عفيف 100 مل من Lattafa بحجم 100 مل، للجنسين بطابع عطري عربي واضح مناسب لليومي والمناسبات الخاصة ويتميز بطابع Afeef ضمن تشكيلة موثّقة.,,SHORT_ONLY,official_distributor,https://www.lattafa.my/perfumes/lattafa/afeef/,,,,,unisex
ARD-4215,عطر فخر لطافة إكسترايت من لطافة بحجم 100 مل، بطابع دخاني كهرماني ضمن خط فخر الرسمي.,,SHORT_ONLY,official_manufacturer,https://lattafa.com/product/fakhar-extrait/,,,,,men
ARD-4246,عطر بديع العود نوبل بلش من لطافة بحجم 100 مل، بطابع عودي زهري أنيق.,,SHORT_ONLY,official_distributor,https://www.lattafa.my/perfumes/lattafa/badee-al-oud-noble-blush/,,,,,unisex
ARD-4255,عطر عطر حياتي فلورنس 100 مل من Lattafa بحجم 100 مل، للجنسين بطابع عطري عربي واضح مناسب لليومي والمناسبات الخاصة.,,SHORT_ONLY,official_distributor,https://www.lattafa.my/perfumes/lattafa/hayaati-florence/,,,,,unisex
ARD-4256,عطر عطر انا الابيض كورال 60 مل من Lattafa بحجم 60 مل، للجنسين بطابع عطري عربي واضح مناسب لليومي والمناسبات الخاصة.,,SHORT_ONLY,official_distributor,https://www.lattafa.my/perfumes/lattafa/ana-abiyedh-coral/,,,,,unisex
ARD-4273,عطر أنغام من لطافة بحجم 100 مل، برائحة دافئة أنيقة تناسب الاستخدام اليومي والمساء بهوية لطافة الرسمية.,,SHORT_ONLY,official_distributor,https://www.lattafa.my/perfumes/lattafa/angham/,,,,,unisex
ARD-4286,عطر عطر مشربية 100 مل من Lattafa بحجم 100 مل، للجنسين بطابع عطري عربي واضح مناسب لليومي والمناسبات الخاصة ويتميز بطابع Mashrabya ضمن تشكيلة موثّقة ويتميز بطابع Mashrabya ضمن تشكيلة موثّقة.,,SHORT_ONLY,official_distributor,https://www.lattafa.my/perfumes/lattafa/mashrabya/,,,,,unisex
ARD-4300,معطر جو Badee Al Oud White من لطافة بحجم 300 مل، لتعطير المنزل والمفارش برائحة خط العطر الأصلي بتركيز منزلي عملي.,,SHORT_ONLY,official_distributor,https://www.lattafa.my/perfumes/lattafa/badee-al-oud/,,,,,
ARD-4336,عطر عطر خمرة دخان 100 مل من Lattafa بحجم 100 مل، للجنسين بطابع عطري عربي واضح مناسب لليومي والمناسبات الخاصة.,,SHORT_ONLY,official_distributor,https://www.lattafa.my/perfumes/lattafa/khamrah-dukhan/,,,,,unisex
ARD-4564,معطر جو Maahir من لطافة بحجم 300 مل، لتعطير المنزل والمفارش برائحة خط العطر الأصلي بتركيز منزلي عملي.,,SHORT_ONLY,official_distributor,https://www.lattafa.my/perfumes/lattafa/maahir/,,,,,
ARD-463,عطر روعة العود من لطافة، بتركيبة عود خشبية فاخرة للجنسين تناسب الأمسيات والمناسبات.,عائلة عطرية: oud woody,SECONDARY_DETAILED,official_distributor,https://www.lattafa.my/perfumes/lattafa/rouat-al-oud/,oud woody,,,,unisex
ARD-4637,عطر عطر اسد بوربون من Lattafa بحجم 100 مل، مخصص للرجال بطابع عطري عربي واضح مناسب لليومي والمناسبات الخاصة.,,SHORT_ONLY,official_distributor,https://www.lattafa.my/perfumes/lattafa/asad-bourbon/,,,,,men
ARD-465,عطر قمة للنساء من لطافة، بتركيبة غورماند زهرية بطابع أنثوي جذاب للاستخدام اليومي والمساء.,عائلة عطرية: gourmand floral,SECONDARY_DETAILED,official_distributor,https://www.lattafa-ca.com/p/qimmah/,gourmand floral,,,,women
ARD-466,عطر رغبة من لطافة، بتركيبة شرقية حلوة بطابع أنثوي جذاب يناسب الاستخدام اليومي والمناسبات.,عائلة عطرية: oriental sweet,SECONDARY_DETAILED,official_distributor,https://www.lattafa.my/perfumes/lattafa/raghba/,oriental sweet,,,,unisex
ARD-4660,عطر عطر ليان 75 مل من Lattafa بحجم 75 مل، للجنسين بطابع عطري عربي واضح مناسب لليومي والمناسبات الخاصة.,,SHORT_ONLY,official_distributor,https://www.lattafa.my/perfumes/lattafa/layaan/,,,,,unisex
ARD-4664,عطر نبراس إكسير من لطافة برايد بحجم 100 مل، بطابع أنثوي غني.,,SHORT_ONLY,official_distributor,https://www.lattafa.my/perfumes/lattafa/nebras-elixir/,,,,,women
ARD-467,عطر مسك مود من لطافة بحجم 100 مل، بطابع مسكي ناعم مناسب للاستخدام اليومي.,,SHORT_ONLY,official_distributor,https://www.lattafa.my/perfumes/lattafa/musk-mood/,,,,,unisex
ARD-4680,عطر عطر شهد كبير 150 مل من Lattafa بحجم 150 مل، مخصص للنساء بطابع عطري عربي واضح مناسب لليومي والمناسبات الخاصة.,,SHORT_ONLY,official_distributor,https://www.lattafa.my/perfumes/lattafa/shahd/,,,,,women
ARD-4685,عطر عطر اسد الكسير 100 مل من Lattafa بحجم 100 مل، مخصص للرجال بطابع عطري عربي واضح مناسب لليومي والمناسبات الخاصة ويتميز بطابع Asad ضمن تشكيلة موثّقة.,,SHORT_ONLY,official_distributor,https://www.lattafa.my/perfumes/lattafa/asad-elixir/,,,,,men
ARD-4686,عطر عطر يارا الكسير 100 مل من Lattafa بحجم 100 مل، مخصص للنساء بطابع عطري عربي واضح مناسب لليومي والمناسبات الخاصة.,,SHORT_ONLY,official_distributor,https://www.lattafa.my/perfumes/lattafa/yara-elixir/,,,,,women
ARD-4750,معطر جو Eclaire من لطافة بحجم 300 مل، لتعطير المنزل والمفارش برائحة خط العطر الأصلي بتركيز منزلي عملي ويتميز بطابع Eclaire ضمن تشكيلة موثّقة.,,SHORT_ONLY,official_manufacturer,https://lattafa.com/shop/,,,,,
ARD-4751,معطر جو Musamam White من لطافة بحجم 300 مل، لتعطير المنزل والمفارش برائحة خط العطر الأصلي بتركيز منزلي عملي ويتميز بطابع Musamam ضمن تشكيلة موثّقة ويتميز بطابع Musamam ضمن تشكيلة موثّقة ويتميز بطابع Musamam ضمن تشكيلة موثّقة ويتميز بطابع Musamam ضمن تشكيلة موثّقة.,,SHORT_ONLY,official_manufacturer,https://lattafa.com/shop/,,,,,
ARD-4752,معطر جو Noble Blush من لطافة بحجم 300 مل، لتعطير المنزل والمفارش برائحة خط العطر الأصلي بتركيز منزلي عملي ويتميز بطابع Badee ضمن تشكيلة موثّقة ويتميز بطابع Badee ضمن تشكيلة موثّقة.,,SHORT_ONLY,official_distributor,https://www.lattafa.my/perfumes/lattafa/badee-al-oud-noble-blush/,,,,,
ARD-4770,عطر أنا الأبيض سكارليت من لطافة بحجم 100 مل، بطابع أنثوي ضمن خط أنا الأبيض.,,SHORT_ONLY,official_distributor,https://www.lattafa.my/perfumes/lattafa/ana-abiyedh-scarlet/,,,,,women
ARD-479,عطر قمة الرجالي من لطافة، بتركيبة خشبية حارة بطابع رجالي قوي يناسب الحضور اليومي.,عائلة عطرية: woody spicy,SECONDARY_DETAILED,official_distributor,https://www.lattafa.my/perfumes/lattafa/qimmah-men/,woody spicy,,,,men
ARD-4792,عطر مسمم إنتنس من لطافة بحجم 100 مل، بطابع قوي ثابت.,,SHORT_ONLY,official_distributor,https://www.lattafa.my/perfumes/lattafa/musamam-intense/,,,,,unisex
ARD-4807,معطر جو نبراس من لطافة برايد بحجم 300 مل، لتعطير المنزل برائحة نبراس الغورماند الدافئة الأنيقة.,,SHORT_ONLY,official_distributor,https://www.lattafa.my/perfumes/lattafa/nebras/,,,,,
ARD-5036,عطر عطر ماهر هونور 100 مل من Lattafa بحجم 100 مل، للجنسين بطابع عطري عربي واضح مناسب لليومي والمناسبات الخاصة.,,SHORT_ONLY,official_distributor,https://www.lattafa.my/perfumes/lattafa/maahir-honor/,,,,,unisex
ARD-5058,عطر عطر خمرة واحة 100 مل من Lattafa بحجم 100 مل، للجنسين بطابع عطري عربي واضح مناسب لليومي والمناسبات الخاصة ويتميز بطابع Khamrah ضمن تشكيلة موثّقة.,,SHORT_ONLY,official_distributor,https://www.lattafa.my/perfumes/lattafa/khamrah-waha/,,,,,unisex
ARD-663,عطر أنا الأبيض روج من لطافة، إصدار أحمر بتركيبة فاكهية زهرية للجنسين بطابع حيوي.,عائلة عطرية: fruity floral,SECONDARY_DETAILED,official_distributor,https://www.lattafa.my/perfumes/lattafa/ana-abiyedh-rouge/,fruity floral,,,,unisex
ARD-715,عطر رمز لطافة الذهبي من لطافة، بتركيبة زهرية شرقية بطابع فاخر يناسب الاستخدام اليومي والمناسبات.,عائلة عطرية: floral oriental,SECONDARY_DETAILED,official_distributor,https://www.lattafa.my/perfumes/lattafa/ramz-gold/,floral oriental,,,,women
ARD-766,عطر أوراق العود من لطافة، بتركيبة عود خشبية رجالية بطابع شرقي أصيل.,عائلة عطرية: oud woody,SECONDARY_DETAILED,official_distributor,https://www.lattafa.my/perfumes/lattafa/awraq-al-oud/,oud woody,,,,men
ARD-775,زيت عطري / مسك عطر مسك السلامه من Lattafa بحجم 100 مل، للجنسين بطابع عطري عربي واضح مناسب لليومي والمناسبات الخاصة.,,SHORT_ONLY,official_distributor,https://www.lattafa.my/perfumes/lattafa/salamah/,,,,,unisex
ARD-823,عطر شيخ الشيوخ من لطافة، بتركيبة عود وعنبر رجالية كلاسيكية بطابع فاخر وثابت.,عائلة عطرية: oud amber,SECONDARY_DETAILED,official_distributor,https://www.lattafa.my/perfumes/lattafa/sheikh-al-shuyukh/,oud amber,,,,men
ARD-92,عطر شيخ الشيوخ المركز من لطافة، بتركيبة عود وعنبر مركّزة بطابع رجالي فاخر يناسب الاستخدام اليومي والمناسبات.,عائلة عطرية: oud amber,SECONDARY_DETAILED,official_distributor,https://www.lattafa.my/perfumes/lattafa/sheikh-al-shuyukh-concentrated/,oud amber,,,,men
ARD-957,عطر 24 قيراط الذهبي من لطافة، بتركيبة عود وعنبر وفانيليا فاخرة للجنسين.,عائلة عطرية: amber vanilla oud,SECONDARY_DETAILED,official_distributor,https://www.lattafa-ca.com/p/24-carat-pure-gold/,amber vanilla oud,,,,unisex
ARD-958,عطر 24 قيراط الأبيض/السلفر من لطافة، بتركيبة عنبرية خشبية أنيقة للجنسين.,عائلة عطرية: amber woody,SECONDARY_DETAILED,official_distributor,https://www.lattafa-ca.com/p/24-carat-white-gold/,amber woody,,,,unisex
ARD-959,عطر نجدية من لطافة للرجال، بتركيبة منعشة حارة بطابع يومي واضح وثابت.,عائلة عطرية: fresh spicy,SECONDARY_DETAILED,official_distributor,https://www.lattafa.my/perfumes/lattafa/najdia/,fresh spicy,,,,men
ARD-970,عطر قائد الفرسان من لطافة، بتركيبة حلوة دخانية رجالية بطابع جريء وثابت.,عائلة عطرية: sweet smoky,SECONDARY_DETAILED,official_distributor,https://www.lattafa.my/perfumes/lattafa/qaed-al-fursan/,sweet smoky,,,,men
