sku,name,slug,brand,sizes,category_slug,price,image_url,short_description,description,stock,is_active,is_published,visibility_status,discount_price,merchant_id
ARD-1318,30 مل الشموخ,30-مل-الشموخ-ard-1318,Lattafa,30 مل,mini-travel-perfume,7000,https://ztplxqlthuqkuktbznbo.supabase.co/storage/v1/object/public/products/ac7c356b-bcdf-4700-b31f-c6d2c5b53ca7/ARD-1318.webp,عطر الشموخ من لطافة بحجم 30 مل ضمن مجموعة ثمين، برائحة شرقية حارة وخشبية دافئة، مثالي للسفر والاستخدام اليومي بحجم ميني عملي.,"عائلة عطرية: Sweet Spicy / Oriental | المقدمة: Spicy floral | القلب: Spicy | القاعدة: Balsamic vanilla, amber, woody",0,false,false,private,,ac7c356b-bcdf-4700-b31f-c6d2c5b53ca7
ARD-1319,30 مل ثراء,30-مل-ثراء-ard-1319,Lattafa,30 مل,mini-travel-perfume,7000,https://ztplxqlthuqkuktbznbo.supabase.co/storage/v1/object/public/products/ac7c356b-bcdf-4700-b31f-c6d2c5b53ca7/ARD-1319.webp,عطر ثراء من لطافة بحجم 30 مل من مجموعة ثمين، بتركيبة زهرية دافئة مع لمسات خشبية، حجم ميني مناسب للسفر والاستخدام اليومي.,"عائلة عطرية: Floral Woody | المقدمة: Allspice, purple freesia | القلب: Heliotrope, jasmine, hibiscus, Bulgarian rose | القاعدة: Himalayan cedar, warm skin accord, sandalwood, incense",0,false,false,private,,ac7c356b-bcdf-4700-b31f-c6d2c5b53ca7
ARD-1320,30 مل معالي,30-مل-معالي-ard-1320,Lattafa,30 مل,mini-travel-perfume,7000,https://ztplxqlthuqkuktbznbo.supabase.co/storage/v1/object/public/products/ac7c356b-bcdf-4700-b31f-c6d2c5b53ca7/ARD-1320.webp,عطر معالي من لطافة بحجم 30 مل ضمن مجموعة ثمين، بافتتاحية حمضية وقلب زهري ناعم، حجم ميني عملي للسفر والاستخدام اليومي.,"عائلة عطرية: Citrus Floral | المقدمة: Fresh citrus | القلب: Magnolia, honeysuckle, raspberry | القاعدة: Cashmere wood, amber, musk",0,false,false,private,,ac7c356b-bcdf-4700-b31f-c6d2c5b53ca7
ARD-1369,عطر الدر المكنون سلفر,عطر-الدر-المكنون-سلفر-ard-1369,Lattafa,100 مل,perfumes,12000,https://ztplxqlthuqkuktbznbo.supabase.co/storage/v1/object/public/products/ac7c356b-bcdf-4700-b31f-c6d2c5b53ca7/ARD-1369.webp,عطر عطر الدر المكنون سلفر من Lattafa بحجم 100 مل، للجنسين بطابع عطري عربي واضح مناسب لليومي والمناسبات الخاصة.,,0,false,false,private,,ac7c356b-bcdf-4700-b31f-c6d2c5b53ca7
ARD-1430,عطر امير العود / انتنس عود,عطر-امير-العود-انتنس-عود-ard-1430,Lattafa,100 مل,perfumes,18000,https://ztplxqlthuqkuktbznbo.supabase.co/storage/v1/object/public/products/ac7c356b-bcdf-4700-b31f-c6d2c5b53ca7/ARD-1430.webp,عطر أمير العود إنتنس عود من لطافة بحجم 100 مل، بطابع عودي دخاني ثابت.,,0,false,false,private,,ac7c356b-bcdf-4700-b31f-c6d2c5b53ca7
ARD-1480,عطر عود ليل ملكي,عطر-عود-ليل-ملكي-ard-1480,Lattafa,100 مل,perfumes,15000,https://ztplxqlthuqkuktbznbo.supabase.co/storage/v1/object/public/products/ac7c356b-bcdf-4700-b31f-c6d2c5b53ca7/ARD-1480.webp,عطر عطر عود ليل ملكي من Lattafa بحجم 100 مل، للجنسين بطابع عطري عربي واضح مناسب لليومي والمناسبات الخاصة.,,0,false,false,private,,ac7c356b-bcdf-4700-b31f-c6d2c5b53ca7
ARD-1858,عطر يارا,عطر-يارا-ard-1858,Lattafa,100 مل,perfumes,30000,https://ztplxqlthuqkuktbznbo.supabase.co/storage/v1/object/public/products/ac7c356b-bcdf-4700-b31f-c6d2c5b53ca7/ARD-1858.webp,عطر يارا من لطافة بحجم 100 مل للنساء، برائحة فاكهية فانيليا أنثوية شهيرة بثبات عالٍ واستخدام يومي.,"عائلة عطرية: Amber Vanilla | المقدمة: Tangerine, heliotrope, orchid | القلب: Tropical notes, gourmand | القاعدة: Vanilla, sandalwood, musk",0,false,false,private,,ac7c356b-bcdf-4700-b31f-c6d2c5b53ca7
ARD-2126,عطر بديع العود اميثست,عطر-بديع-العود-اميثست-ard-2126,Lattafa,100 مل,perfumes,35000,https://ztplxqlthuqkuktbznbo.supabase.co/storage/v1/object/public/products/ac7c356b-bcdf-4700-b31f-c6d2c5b53ca7/ARD-2126.webp,عطر بديع العود أميثست من لطافة بحجم 100 مل، برائحة خط بديع العود الرسمية.,,0,false,false,private,,ac7c356b-bcdf-4700-b31f-c6d2c5b53ca7
ARD-2423,عطر قائد الشباب 100 مل,عطر-قائد-الشباب-100-مل-ard-2423,Lattafa,100 مل,perfumes,18000,https://ztplxqlthuqkuktbznbo.supabase.co/storage/v1/object/public/products/ac7c356b-bcdf-4700-b31f-c6d2c5b53ca7/ARD-2423.webp,عطر قائد الشباب من لطافة بحجم 100 مل للرجال، برائحة كهرمانية جلدية خشبية مع لمسة عود دافئة وثابتة.,"عائلة عطرية: Amber / Leather Woody | المقدمة: Osmanthus, ylang-ylang | القلب: Leather, cedar | القاعدة: Oud, light amber",0,false,false,private,,ac7c356b-bcdf-4700-b31f-c6d2c5b53ca7
ARD-2436,عطر سقراط,عطر-سقراط-ard-2436,Lattafa,100 مل,perfumes,18000,https://ztplxqlthuqkuktbznbo.supabase.co/storage/v1/object/public/products/ac7c356b-bcdf-4700-b31f-c6d2c5b53ca7/ARD-2436.webp,عطر عطر سقراط من Lattafa بحجم 100 مل، مخصص للرجال بطابع عطري عربي واضح مناسب لليومي والمناسبات الخاصة.,,0,false,false,private,,ac7c356b-bcdf-4700-b31f-c6d2c5b53ca7
ARD-2437,عطر حياتي الملكي 100 مل,عطر-حياتي-الملكي-100-مل-ard-2437,Lattafa,100 مل,perfumes,15000,https://ztplxqlthuqkuktbznbo.supabase.co/storage/v1/object/public/products/ac7c356b-bcdf-4700-b31f-c6d2c5b53ca7/ARD-2437.webp,عطر حياتي الملكي من لطافة بحجم 100 مل، بافتتاحية حمضية وقلب من الخوخ والزعفران والجلد، وقاعدة فانيليا ومسك عنبري.,"عائلة عطرية: Amber | المقدمة: Grapefruit, bergamot, cassis | القلب: Peach, saffron, leather | القاعدة: Vetiver, vanilla, amber musk",0,false,false,private,,ac7c356b-bcdf-4700-b31f-c6d2c5b53ca7
ARD-2471,عطر عودين 100 مل,عطر-عودين-100-مل-ard-2471,Lattafa,100 مل,perfumes,16000,https://ztplxqlthuqkuktbznbo.supabase.co/storage/v1/object/public/products/ac7c356b-bcdf-4700-b31f-c6d2c5b53ca7/ARD-2471.webp,عطر عودين من لطافة بحجم 100 مل، بمزيج مشرق من البرتقال والزعفران مع كراميل وعنبر وفانيليا دافئة.,"عائلة عطرية: Sweet Oriental Woody | المقدمة: Orange, saffron | القلب: Caramel, dry amber | القاعدة: Tonka, vanilla",0,false,false,private,,ac7c356b-bcdf-4700-b31f-c6d2c5b53ca7
ARD-2493,عطر سمبلي عود 100 مل,عطر-سمبلي-عود-100-مل-ard-2493,Lattafa,100 مل,perfumes,19000,https://ztplxqlthuqkuktbznbo.supabase.co/storage/v1/object/public/products/ac7c356b-bcdf-4700-b31f-c6d2c5b53ca7/ARD-2493.webp,عطر سمبلي عود من لطافة بحجم 100 مل للجنسين، بتركيبة عودية دافئة مع لمسات زهرية وحارة ولمسة عنبرية ناعمة.,"عائلة عطرية: Woody Oud | المقدمة: Cardamom, pepper | القلب: Jasmine, praline, raspberry, rose | القاعدة: Oud, amber, moss, musk",0,false,false,private,,ac7c356b-bcdf-4700-b31f-c6d2c5b53ca7
ARD-2494,عطر سطور 100 مل,عطر-سطور-100-مل-ard-2494,Lattafa,100 مل,perfumes,20000,https://ztplxqlthuqkuktbznbo.supabase.co/storage/v1/object/public/products/ac7c356b-bcdf-4700-b31f-c6d2c5b53ca7/ARD-2494.webp,عطر سطور من لطافة بحجم 100 مل، برائحة فاكهية شرقية غنية مع لمسات دافئة من الفانيليا والأخشاب الناعمة.,"عائلة عطرية: Fruity Oriental | المقدمة: Peach, blood orange, cardamom | القلب: Brandy, rum, jasmine, davana | القاعدة: Amber, vanilla, cashmere wood, sandalwood, styrax, vetiver, patchouli, tonka, cistus",0,false,false,private,,ac7c356b-bcdf-4700-b31f-c6d2c5b53ca7
ARD-2511,عطر انا الابيض بودري,عطر-انا-الابيض-بودري-ard-2511,Lattafa,100 مل,perfumes,18000,https://ztplxqlthuqkuktbznbo.supabase.co/storage/v1/object/public/products/ac7c356b-bcdf-4700-b31f-c6d2c5b53ca7/ARD-2511.webp,عطر أنا الأبيض بودري من لطافة، إصدار بودري ناعم للجنسين بطابع مسكي أنيق.,عائلة عطرية: powdery musky,0,false,false,private,,ac7c356b-bcdf-4700-b31f-c6d2c5b53ca7
ARD-2512,عطر حياتي ذهبي الكسير,عطر-حياتي-ذهبي-الكسير-ard-2512,Lattafa,100 مل,perfumes,15000,https://ztplxqlthuqkuktbznbo.supabase.co/storage/v1/object/public/products/ac7c356b-bcdf-4700-b31f-c6d2c5b53ca7/ARD-2512.webp,عطر حياتي الذهبي إكسير من لطافة بحجم 100 مل، بطابع دافئ أنيق.,,0,false,false,private,,ac7c356b-bcdf-4700-b31f-c6d2c5b53ca7
ARD-2515,عطر انا الابيض لذر 60 مل,عطر-انا-الابيض-لذر-60-مل-ard-2515,Lattafa,60 مل,perfumes,16000,https://ztplxqlthuqkuktbznbo.supabase.co/storage/v1/object/public/products/ac7c356b-bcdf-4700-b31f-c6d2c5b53ca7/ARD-2515.webp,عطر أنا الأبيض ليذر من لطافة بحجم 60 مل، برائحة جلدية أنيقة مع لمسات حارة وزهرية وقاعدة مسك وعنبر.,"عائلة عطرية: Leather Woody | المقدمة: Juniper berries, cardamom, pink pepper, raspberry | القلب: Iris, ginger, rose | القاعدة: Leather, white musk, amber",0,false,false,private,,ac7c356b-bcdf-4700-b31f-c6d2c5b53ca7
ARD-2583,عطر نجدية تربيوت,عطر-نجدية-تربيوت-ard-2583,Lattafa,100 مل,perfumes,14000,https://ztplxqlthuqkuktbznbo.supabase.co/storage/v1/object/public/products/ac7c356b-bcdf-4700-b31f-c6d2c5b53ca7/ARD-2583.webp,عطر عطر نجدية تربيوت من Lattafa بحجم 100 مل، للجنسين بطابع عطري عربي واضح مناسب لليومي والمناسبات الخاصة.,,0,false,false,private,,ac7c356b-bcdf-4700-b31f-c6d2c5b53ca7
ARD-2648,عطر الازل 100 مل,عطر-الازل-100-مل-ard-2648,Lattafa,100 مل,perfumes,14000,https://ztplxqlthuqkuktbznbo.supabase.co/storage/v1/object/public/products/ac7c356b-bcdf-4700-b31f-c6d2c5b53ca7/ARD-2648.webp,عطر الأزل من لطافة بحجم 100 مل، بافتتاحية حمضية عشبية وقلب زهري وقاعدة فانيليا ومسك وخشب أرز دافئة.,"عائلة عطرية: Woody Oriental | المقدمة: Bergamot, lemon, rosemary | القلب: Lavender, geranium, rose | القاعدة: Vanilla, musk, cedarwood",0,false,false,private,,ac7c356b-bcdf-4700-b31f-c6d2c5b53ca7
ARD-2745,عطر مهرة 100 مل,عطر-مهرة-100-مل-ard-2745,Lattafa,100 مل,perfumes,19000,https://ztplxqlthuqkuktbznbo.supabase.co/storage/v1/object/public/products/ac7c356b-bcdf-4700-b31f-c6d2c5b53ca7/ARD-2745.webp,عطر مهرة من لطافة بحجم 100 مل للجنسين، بمزيج حار زهري مع زعفران وورد وقاعدة خشبية مسكية أنيقة.,"عائلة عطرية: Woody Spicy Floral | المقدمة: Bergamot, blood orange, lavender, saffron | القلب: Rose, black pepper, cashmeran | القاعدة: Cedar, sandalwood, patchouli, labdanum, musk",0,false,false,private,,ac7c356b-bcdf-4700-b31f-c6d2c5b53ca7
ARD-2753,عطر اوبلينت ريد 100 مل,عطر-اوبلينت-ريد-100-مل-ard-2753,Lattafa,100 مل,perfumes,14000,https://ztplxqlthuqkuktbznbo.supabase.co/storage/v1/object/public/products/ac7c356b-bcdf-4700-b31f-c6d2c5b53ca7/ARD-2753.webp,عطر أوبلينت ريد من لطافة بحجم 100 مل، برائحة فاكهية زهرية دافئة مع زعفران وكاشمران وقاعدة عنبر وخشب.,"عائلة عطرية: Floral Fruity / Gourmand Woody | المقدمة: Saffron, bergamot | القلب: Patchouli, cashmeran, gourmand | القاعدة: Dry amber, leatherwood, cedarwood",0,false,false,private,,ac7c356b-bcdf-4700-b31f-c6d2c5b53ca7
ARD-2760,عطر اسد 100 مل,عطر-اسد-100-مل-ard-2760,Lattafa,100 مل,perfumes,30000,https://ztplxqlthuqkuktbznbo.supabase.co/storage/v1/object/public/products/ac7c356b-bcdf-4700-b31f-c6d2c5b53ca7/ARD-2760.webp,عطر أسد من لطافة بحجم 100 مل للرجال، برائحة كهرمانية قوية مع فلفل أسود وتبغ وقهوة وقاعدة فانيليا وعنبر.,"عائلة عطرية: Amber | المقدمة: Black pepper, pineapple, tobacco | القلب: Coffee, iris, patchouli | القاعدة: Amber, vanilla, dry woods, benzoin, labdanum",0,false,false,private,,ac7c356b-bcdf-4700-b31f-c6d2c5b53ca7
ARD-2765,عطر منى 100 مل,عطر-منى-100-مل-ard-2765,Lattafa,100 مل,perfumes,14000,https://ztplxqlthuqkuktbznbo.supabase.co/storage/v1/object/public/products/ac7c356b-bcdf-4700-b31f-c6d2c5b53ca7/ARD-2765.webp,عطر منى من لطافة بحجم 100 مل، برائحة زهرية فاكهية خفيفة مع بطيخ وورد دمشق وقاعدة مسكية خشبية ناعمة.,"عائلة عطرية: Floral Fruity | المقدمة: Watermelon, strawberry | القلب: Damascus rose, cyclamen, peony, magnolia | القاعدة: Woody notes, musk",0,false,false,private,,ac7c356b-bcdf-4700-b31f-c6d2c5b53ca7
ARD-2773,عطر عود مود تذكر 100 مل,عطر-عود-مود-تذكر-100-مل-ard-2773,Lattafa,100 مل,perfumes,19000,https://ztplxqlthuqkuktbznbo.supabase.co/storage/v1/object/public/products/ac7c356b-bcdf-4700-b31f-c6d2c5b53ca7/ARD-2773.webp,عطر عود مود تذكر من لطافة بحجم 100 مل، برائحة شرقية عودية مع ورد وزعفران وقاعدة فانيليا ومسك وطحلب.,"عائلة عطرية: Oriental Woody | المقدمة: Rose, saffron, cinnamon | القلب: Patchouli, dry amber | القاعدة: Vanilla, musk, oakmoss, oud",0,false,false,private,,ac7c356b-bcdf-4700-b31f-c6d2c5b53ca7
ARD-2793,معطر جو لطافة جديد فخر لطافة هوم,معطر-جو-لطافة-جديد-فخر-لطافة-هوم-ard-2793,Lattafa,300 مل,home-linen-air,3000,https://ztplxqlthuqkuktbznbo.supabase.co/storage/v1/object/public/products/ac7c356b-bcdf-4700-b31f-c6d2c5b53ca7/ARD-2793.webp,معطر جو فخر لطافة من لطافة، لتعطير المنزل برائحة فخر الأنيقة المنعشة بحجم منزلي عملي وثابت.,,0,false,false,private,,ac7c356b-bcdf-4700-b31f-c6d2c5b53ca7
ARD-2797,معطر جو لطافة جديد فخر لطافة نسائي,معطر-جو-لطافة-جديد-فخر-لطافة-نسائي-ard-2797,Lattafa,300 مل,home-linen-air,3000,https://ztplxqlthuqkuktbznbo.supabase.co/storage/v1/object/public/products/ac7c356b-bcdf-4700-b31f-c6d2c5b53ca7/ARD-2797.webp,معطر جو فخر لطافة نسائي من لطافة، يعطّر الأجواء برائحة زهرية أنثوية مستوحاة من عطر فخر للنساء.,"المقدمة: Orange blossom | القلب: Tuberose, jasmine | القاعدة: Vetiver, patchouli | التصنيف الرسمي: women",0,false,false,private,,ac7c356b-bcdf-4700-b31f-c6d2c5b53ca7
ARD-287,عطر انا الابيض,عطر-انا-الابيض-ard-287,Lattafa,100 مل,perfumes,18000,https://ztplxqlthuqkuktbznbo.supabase.co/storage/v1/object/public/products/ac7c356b-bcdf-4700-b31f-c6d2c5b53ca7/ARD-287.webp,عطر أنا الأبيض من لطافة، رائحة مسكية منعشة للجنسين بطابع نظيف وأنيق للاستخدام اليومي.,عائلة عطرية: musky fresh,0,false,false,private,,ac7c356b-bcdf-4700-b31f-c6d2c5b53ca7
ARD-2876,عطر قصائد السلطان 100 مل,عطر-قصائد-السلطان-100-مل-ard-2876,Lattafa,100 مل,perfumes,15000,https://ztplxqlthuqkuktbznbo.supabase.co/storage/v1/object/public/products/ac7c356b-bcdf-4700-b31f-c6d2c5b53ca7/ARD-2876.webp,عطر قصائد السلطان من لطافة بحجم 100 مل، برائحة جلدية شرقية دافئة مع عسل وتوابل وقاعدة عود وفانيليا.,"عائلة عطرية: Leather Oriental | المقدمة: Bergamot, amber | القلب: Spices, honey, leather | القاعدة: Sandalwood, patchouli, vanilla, oud",0,false,false,private,,ac7c356b-bcdf-4700-b31f-c6d2c5b53ca7
ARD-2879,عطر خمرة 100 مل,عطر-خمرة-100-مل-ard-2879,Lattafa,100 مل,perfumes,40000,https://ztplxqlthuqkuktbznbo.supabase.co/storage/v1/object/public/products/ac7c356b-bcdf-4700-b31f-c6d2c5b53ca7/ARD-2879.webp,عطر خمرة من لطافة بحجم 100 مل للجنسين، برائحة غورماند حارة مع قرفة وتمر وبراالين وقاعدة فانيليا وتونكا.,"عائلة عطرية: Aromatic Spicy Gourmand | المقدمة: Bergamot, cinnamon, nutmeg | القلب: Dates, lily of the valley, praline, tuberose | القاعدة: Roasted tonka, benzoin, myrrh, akigalawood, vanilla, amberwood",0,false,false,private,,ac7c356b-bcdf-4700-b31f-c6d2c5b53ca7
ARD-2932,عطر الاوصاف 100 مل,عطر-الاوصاف-100-مل-ard-2932,Lattafa,100 مل,perfumes,13000,https://ztplxqlthuqkuktbznbo.supabase.co/storage/v1/object/public/products/ac7c356b-bcdf-4700-b31f-c6d2c5b53ca7/ARD-2932.webp,عطر الأوصاف من لطافة بحجم 100 مل، برائحة خشبية راتنجية داكنة مع مر وعود وباتشولي تناسب الأمسيات والأجواء الباردة.,"عائلة عطرية: Woody Resinous Amber | المقدمة: Myrrh, tonka bean, spices, cedar | القاعدة: Patchouli, oud, cedar, musk, oakmoss",0,false,false,private,,ac7c356b-bcdf-4700-b31f-c6d2c5b53ca7
ARD-2933,عطر تميمة 100 مل,عطر-تميمة-100-مل-ard-2933,Lattafa,100 مل,perfumes,16000,https://ztplxqlthuqkuktbznbo.supabase.co/storage/v1/object/public/products/ac7c356b-bcdf-4700-b31f-c6d2c5b53ca7/ARD-2933.webp,عطر تميمة من لطافة بحجم 100 مل للنساء، برائحة فاكهية صيفية خفيفة مع توت وكيوي وقلب زهري وقاعدة صندل ومسك.,"عائلة عطرية: Fruity Floral | المقدمة: Pink pepper, rhubarb, redcurrant, kiwi | القلب: Cyclamen, jasmine, watermelon | القاعدة: Sandalwood, musk, woody notes, cedar | التصنيف الرسمي: women",0,false,false,private,,ac7c356b-bcdf-4700-b31f-c6d2c5b53ca7
ARD-308,عطر اختياري,عطر-اختياري-ard-308,Lattafa,100 مل,perfumes,12000,https://ztplxqlthuqkuktbznbo.supabase.co/storage/v1/object/public/products/ac7c356b-bcdf-4700-b31f-c6d2c5b53ca7/ARD-308.webp,عطر اختياري (إختياري) من لطافة، عطر فاكهي عطري للجنسين بطابع منعش يناسب الاستخدام اليومي.,عائلة عطرية: aromatic fruity,0,false,false,private,,ac7c356b-bcdf-4700-b31f-c6d2c5b53ca7
ARD-309,عطر وشوشه,عطر-وشوشه-ard-309,Lattafa,100 مل,perfumes,15000,https://ztplxqlthuqkuktbznbo.supabase.co/storage/v1/object/public/products/ac7c356b-bcdf-4700-b31f-c6d2c5b53ca7/ARD-309.webp,عطر وشوشة من لطافة للنساء، بتركيبة زهرية فاكهية ناعمة تناسب الإطلالة اليومية والمناسبات.,عائلة عطرية: floral fruity,0,false,false,private,,ac7c356b-bcdf-4700-b31f-c6d2c5b53ca7
ARD-310,عطر رغبه رجالي,عطر-رغبه-رجالي-ard-310,Lattafa,100 مل,perfumes,14000,https://ztplxqlthuqkuktbznbo.supabase.co/storage/v1/object/public/products/ac7c356b-bcdf-4700-b31f-c6d2c5b53ca7/ARD-310.webp,عطر رغبة الرجالي من لطافة، بطابع حلو دخاني رجالي يناسب الاستخدام اليومي والمساء.,عائلة عطرية: sweet smoky,0,false,false,private,,ac7c356b-bcdf-4700-b31f-c6d2c5b53ca7
ARD-311,عطر رمز لطافه فضي,عطر-رمز-لطافه-فضي-ard-311,Lattafa,100 مل,perfumes,17000,https://ztplxqlthuqkuktbznbo.supabase.co/storage/v1/object/public/products/ac7c356b-bcdf-4700-b31f-c6d2c5b53ca7/ARD-311.webp,عطر رمز لطافة الفضي من لطافة للرجال، بتركيبة منعشة حارة بطابع عصري واضح.,عائلة عطرية: fresh spicy,0,false,false,private,,ac7c356b-bcdf-4700-b31f-c6d2c5b53ca7
ARD-3117,عطر انسام سلفر,عطر-انسام-سلفر-ard-3117,Lattafa,100 مل,perfumes,45000,https://ztplxqlthuqkuktbznbo.supabase.co/storage/v1/object/public/products/ac7c356b-bcdf-4700-b31f-c6d2c5b53ca7/ARD-3117.webp,عطر عطر انسام سلفر من Lattafa بحجم 100 مل، للجنسين بطابع عطري عربي واضح مناسب لليومي والمناسبات الخاصة.,,0,false,false,private,,ac7c356b-bcdf-4700-b31f-c6d2c5b53ca7
ARD-312,عطر اعجازي لطافة,عطر-اعجازي-لطافة-ard-312,Lattafa,90 مل,perfumes,15000,https://ztplxqlthuqkuktbznbo.supabase.co/storage/v1/object/public/products/ac7c356b-bcdf-4700-b31f-c6d2c5b53ca7/ARD-312.webp,عطر إعجازي من لطافة للرجال، بتركيبة عطرية خشبية بطابع قوي يناسب الحضور اليومي.,عائلة عطرية: woody aromatic,0,false,false,private,,ac7c356b-bcdf-4700-b31f-c6d2c5b53ca7
ARD-3149,عطر يارا موي 100 مل,عطر-يارا-موي-100-مل-ard-3149,Lattafa,100 مل,perfumes,30000,https://ztplxqlthuqkuktbznbo.supabase.co/storage/v1/object/public/products/ac7c356b-bcdf-4700-b31f-c6d2c5b53ca7/ARD-3149.webp,عطر يارا موي من لطافة بحجم 100 مل للنساء، برائحة فاكهية زهرية أنثوية مع كمثرى وتيوبيروز وقاعدة فانيليا وكاشمران.,"عائلة عطرية: Floral Fruity | المقدمة: Pear, pink pepper, blackcurrant | القلب: Tuberose, jasmine, almond | القاعدة: Vanilla, cashmeran, patchouli",0,false,false,private,,ac7c356b-bcdf-4700-b31f-c6d2c5b53ca7
ARD-3240,عطر هيا 100 مل,عطر-هيا-100-مل-ard-3240,Lattafa,100 مل,perfumes,30000,https://ztplxqlthuqkuktbznbo.supabase.co/storage/v1/object/public/products/ac7c356b-bcdf-4700-b31f-c6d2c5b53ca7/ARD-3240.webp,عطر هيا من لطافة بحجم 100 مل للنساء، برائحة فاكهية زهرية حلوة مع شمبانيا وردية وغاردينيا وقاعدة برالين وعنبر.,"عائلة عطرية: Fruity Floral Gourmand | المقدمة: Pink champagne, pink berries, orange, mandarin, pink strawberry | القلب: Gardenia, vanilla, orchid, jasmine | القاعدة: Praline, amber, sandalwood",0,false,false,private,,ac7c356b-bcdf-4700-b31f-c6d2c5b53ca7
ARD-3242,عطر سكينة 100 مل,عطر-سكينة-100-مل-ard-3242,Lattafa,100 مل,perfumes,30000,https://ztplxqlthuqkuktbznbo.supabase.co/storage/v1/object/public/products/ac7c356b-bcdf-4700-b31f-c6d2c5b53ca7/ARD-3242.webp,عطر سكينة من لطافة بحجم 100 مل للنساء، برائحة فاكهية غورماند مع باشون فروت وورد وقاعدة برالين وفانيليا.,"عائلة عطرية: Fruity Gourmand | المقدمة: Mandarin, ozonic notes, passion fruit | القلب: Orange blossom, rose, sea salt, berries | القاعدة: Musk, vanilla, praline, toffee",0,false,false,private,,ac7c356b-bcdf-4700-b31f-c6d2c5b53ca7
ARD-3244,عطر تاويل 100 مل,عطر-تاويل-100-مل-ard-3244,Lattafa,100 مل,perfumes,27000,https://ztplxqlthuqkuktbznbo.supabase.co/storage/v1/object/public/products/ac7c356b-bcdf-4700-b31f-c6d2c5b53ca7/ARD-3244.webp,عطر تأويل من لطافة بحجم 100 مل للرجال، برائحة عطرية خشبية مع برغموت وزنجبيل ولافندر وقاعدة جلدية وأمبروكسان.,"عائلة عطرية: Aromatic Woody | المقدمة: Bergamot, ginger, juniper, nutmeg | القلب: Orange blossom, lavender | القاعدة: Vetiver, patchouli, leather, ambroxan | التصنيف الرسمي: men",0,false,false,private,,ac7c356b-bcdf-4700-b31f-c6d2c5b53ca7
ARD-3245,عطر ايمان 100 مل,عطر-ايمان-100-مل-ard-3245,Lattafa,100 مل,perfumes,30000,https://ztplxqlthuqkuktbznbo.supabase.co/storage/v1/object/public/products/ac7c356b-bcdf-4700-b31f-c6d2c5b53ca7/ARD-3245.webp,عطر إيمان من لطافة بحجم 100 مل للنساء، برائحة شيبريه زهرية مع زهر البرتقال وتيوبيروز وقاعدة فانيليا ومسك أبيض.,"عائلة عطرية: Chypre Floral | المقدمة: Orange blossom, bergamot, blackcurrant | القلب: Tuberose, marigold, jasmine | القاعدة: Vanilla, white musk, cedarwood, patchouli | التصنيف الرسمي: women",0,false,false,private,,ac7c356b-bcdf-4700-b31f-c6d2c5b53ca7
ARD-3260,عطر ماهر لاغسي 100 مل,عطر-ماهر-لاغسي-100-مل-ard-3260,Lattafa,100 مل,perfumes,35000,https://ztplxqlthuqkuktbznbo.supabase.co/storage/v1/object/public/products/ac7c356b-bcdf-4700-b31f-c6d2c5b53ca7/ARD-3260.webp,عطر ماهر ليغاسي من لطافة بحجم 100 مل للرجال، برائحة حمضية منعشة مع نعناع وأناناس وقاعدة فيتيفير وأمبروكسان.,"عائلة عطرية: Citrus Aromatic Woody | المقدمة: Lime, grapefruit, lavender, spearmint, pineapple | القلب: Juniper berry, rosemary, olibanum, geranium, black pepper | القاعدة: Vetiver, cashmeran, ambrox, oakmoss, tonka bean",0,false,false,private,,ac7c356b-bcdf-4700-b31f-c6d2c5b53ca7
ARD-3274,عطر ذوق 80 مل,عطر-ذوق-80-مل-ard-3274,Lattafa,80 مل,perfumes,45000,https://ztplxqlthuqkuktbznbo.supabase.co/storage/v1/object/public/products/ac7c356b-bcdf-4700-b31f-c6d2c5b53ca7/ARD-3274.webp,عطر ذوق من لطافة بحجم 80 مل للنساء، بافتتاحية برغموت وليتشي وقلب ورد وبخور وقاعدة عنبر وفيتيفير.,"عائلة عطرية: Floral Woody | المقدمة: Bergamot, litchi | القلب: Rose, incense | القاعدة: Amber, vetiver",0,false,false,private,,ac7c356b-bcdf-4700-b31f-c6d2c5b53ca7
ARD-3347,عطر عود نجدية,عطر-عود-نجدية-ard-3347,Lattafa,100 مل,perfumes,14000,https://ztplxqlthuqkuktbznbo.supabase.co/storage/v1/object/public/products/ac7c356b-bcdf-4700-b31f-c6d2c5b53ca7/ARD-3347.webp,عطر عطر عود نجدية من Lattafa بحجم 100 مل، للجنسين بطابع عطري عربي واضح مناسب لليومي والمناسبات الخاصة ويتميز بطابع Oud ضمن تشكيلة موثّقة.,,0,false,false,private,,ac7c356b-bcdf-4700-b31f-c6d2c5b53ca7
ARD-3349,عطر اورا 60 مل,عطر-اورا-60-مل-ard-3349,Lattafa,60 مل,perfumes,26000,https://ztplxqlthuqkuktbznbo.supabase.co/storage/v1/object/public/products/ac7c356b-bcdf-4700-b31f-c6d2c5b53ca7/ARD-3349.webp,عطر أورا من لطافة بحجم 60 مل للجنسين، بافتتاحية زعفران وقلب ياسمين وبلسم تنوب وقاعدة كاشمران ومسك وخشب أرز.,"عائلة عطرية: Woody Spicy | المقدمة: Saffron | القلب: Jasmine, fir balsam | القاعدة: Cashmeran, ambergris, moss, musk, cedarwood | التصنيف الرسمي: unisex",0,false,false,private,,ac7c356b-bcdf-4700-b31f-c6d2c5b53ca7
ARD-3350,عطر فلفت روز 100 مل,عطر-فلفت-روز-100-مل-ard-3350,Lattafa,100 مل,perfumes,23000,https://ztplxqlthuqkuktbznbo.supabase.co/storage/v1/object/public/products/ac7c356b-bcdf-4700-b31f-c6d2c5b53ca7/ARD-3350.webp,عطر فلفت روز من لطافة بحجم 100 مل، برائحة وردية مخملية مع هيل وباتشولي وقاعدة سويد وعنبر وعود.,"عائلة عطرية: Rose Woody | المقدمة: Cardamom, bergamot | القلب: Violet leaf, patchouli | القاعدة: Suede, amber musk, oakmoss, oud",0,false,false,private,,ac7c356b-bcdf-4700-b31f-c6d2c5b53ca7
ARD-3351,عطر النبل امير 100 مل,عطر-النبل-امير-100-مل-ard-3351,Lattafa,100 مل,perfumes,19000,https://ztplxqlthuqkuktbznbo.supabase.co/storage/v1/object/public/products/ac7c356b-bcdf-4700-b31f-c6d2c5b53ca7/ARD-3351.webp,عطر النبل أمير من لطافة بحجم 100 مل للجنسين، برائحة خشبية حارة مع تفاح وفلفل وردي وقاعدة عود وفيتيفير.,"عائلة عطرية: Woody Spicy | المقدمة: Apple, pink pepper, rosemary | القلب: Cloves, floral notes | القاعدة: Oud, patchouli, cypress, labdanum, vetiver",0,false,false,private,,ac7c356b-bcdf-4700-b31f-c6d2c5b53ca7
ARD-3352,عطر النبل وزير 100 مل,عطر-النبل-وزير-100-مل-ard-3352,Lattafa,100 مل,perfumes,19000,https://ztplxqlthuqkuktbznbo.supabase.co/storage/v1/object/public/products/ac7c356b-bcdf-4700-b31f-c6d2c5b53ca7/ARD-3352.webp,عطر النبل وزير من لطافة بحجم 100 مل للجنسين، بمزيج فاكهي خشبي مع نعناع وشوكولاتة وقاعدة فانيليا ومسك.,"عائلة عطرية: Fruity Woody Powdery | المقدمة: Mint, bitter orange, bergamot, juniper | القلب: Iris, dark chocolate, berries, caramel, pear | القاعدة: Amber, vanilla, musk",0,false,false,private,,ac7c356b-bcdf-4700-b31f-c6d2c5b53ca7
ARD-3353,عطر النبل سفير 100 مل,عطر-النبل-سفير-100-مل-ard-3353,Lattafa,100 مل,perfumes,19000,https://ztplxqlthuqkuktbznbo.supabase.co/storage/v1/object/public/products/ac7c356b-bcdf-4700-b31f-c6d2c5b53ca7/ARD-3353.webp,عطر النبل سفير من لطافة بحجم 100 مل للجنسين، برائحة عطرية خضراء خشبية مع برغموت وأعشاب وقاعدة راتنجية دافئة.,"عائلة عطرية: Aromatic Woody | المقدمة: Artemisia, bergamot | القلب: Herbal notes, green notes, spicy notes | القاعدة: Guaiac wood, juniper, frankincense, patchouli, labdanum | التصنيف الرسمي: unisex",0,false,false,private,,ac7c356b-bcdf-4700-b31f-c6d2c5b53ca7
ARD-3531,عطر اجواء 90 مل,عطر-اجواء-90-مل-ard-3531,Lattafa,60 مل,perfumes,45000,https://ztplxqlthuqkuktbznbo.supabase.co/storage/v1/object/public/products/ac7c356b-bcdf-4700-b31f-c6d2c5b53ca7/ARD-3531.webp,عطر أجواء من لطافة، برائحة فاكهية زهرية شرقية مع ليتشي وياسمين وورد وقاعدة فانيليا وعنبر وخشب.,"عائلة عطرية: Fruity Floral Oriental | المقدمة: Bergamot, litchi, fruity notes | القلب: Jasmine, rose, cinnamon | القاعدة: Amber, cedar, musk, sandalwood, vanilla",0,false,false,private,,ac7c356b-bcdf-4700-b31f-c6d2c5b53ca7
ARD-3536,عطر فنتاج راديو 100 مل,عطر-فنتاج-راديو-100-مل-ard-3536,Lattafa,100 مل,perfumes,45000,https://ztplxqlthuqkuktbznbo.supabase.co/storage/v1/object/public/products/ac7c356b-bcdf-4700-b31f-c6d2c5b53ca7/ARD-3536.webp,عطر فينتاج راديو من لطافة بحجم 100 مل للجنسين، برائحة عطرية نوستالجية مع لافندر ومريمية وبرقوق وقاعدة صندل.,"عائلة عطرية: Aromatic Woody | المقدمة: Lavender, sage, bergamot | القلب: Plum, palo santo, black pepper | القاعدة: Sandalwood, amberwood",0,false,false,private,,ac7c356b-bcdf-4700-b31f-c6d2c5b53ca7
ARD-3627,عطر لا كولكشن 1910 بايك 100 مل,عطر-لا-كولكشن-1910-بايك-100-مل-ard-3627,Lattafa,100 مل,perfumes,65000,https://ztplxqlthuqkuktbznbo.supabase.co/storage/v1/object/public/products/ac7c356b-bcdf-4700-b31f-c6d2c5b53ca7/ARD-3627.webp,عطر لا كولكشن 1910 بايك من لطافة بحجم 100 مل، برائحة وردية فاكهية مع تفاح وأوسمانتوس وقاعدة فانيليا وتونكا.,"عائلة عطرية: Floral Fruity Woody | المقدمة: Rose, apple, davana | القلب: Osmanthus, cedarwood | القاعدة: Tonka bean, vanilla, patchouli",0,false,false,private,,ac7c356b-bcdf-4700-b31f-c6d2c5b53ca7
ARD-3628,عطر لا كولكشن 1886 كار 100 مل,عطر-لا-كولكشن-1886-كار-100-مل-ard-3628,Lattafa,100 مل,perfumes,65000,https://ztplxqlthuqkuktbznbo.supabase.co/storage/v1/object/public/products/ac7c356b-bcdf-4700-b31f-c6d2c5b53ca7/ARD-3628.webp,عطر لا كولكشن 1886 كار من لطافة برايد بحجم 100 مل، برائحة عطرية دافئة مع قرفة وشوكولاتة بيضاء وتبغ أبيض.,"عائلة عطرية: Aromatic Gourmand | المقدمة: Bergamot, mate | القلب: Cinnamon bark, jasmine, orris, tonka, bran | القاعدة: Vanilla, white musk, white chocolate, white tobacco, patchouli | التصنيف الرسمي: unisex",0,false,false,private,,ac7c356b-bcdf-4700-b31f-c6d2c5b53ca7
ARD-3709,عطر خمرة قهوة 100 مل,عطر-خمرة-قهوة-100-مل-ard-3709,Lattafa,100 مل,perfumes,40000,https://ztplxqlthuqkuktbznbo.supabase.co/storage/v1/object/public/products/ac7c356b-bcdf-4700-b31f-c6d2c5b53ca7/ARD-3709.webp,عطر خمرة قهوة من لطافة بحجم 100 مل للجنسين، برائحة غورماند قهوة وتوابل وفانيليا دافئة وثابتة.,"عائلة عطرية: Oriental Vanilla Coffee | المقدمة: Ginger, cinnamon, cardamom | القلب: Praline, candied fruits, white flowers | القاعدة: Coffee Arabica, tonka, musk, benzoin, vanilla",0,false,false,private,,ac7c356b-bcdf-4700-b31f-c6d2c5b53ca7
ARD-3710,عطر عجايب دبي بورتريت ابيض 100 مل,عطر-عجايب-دبي-بورتريت-ابيض-100-مل-ard-3710,Lattafa,100 مل,perfumes,20000,https://ztplxqlthuqkuktbznbo.supabase.co/storage/v1/object/public/products/ac7c356b-bcdf-4700-b31f-c6d2c5b53ca7/ARD-3710.webp,عطر عجايب دبي من لطافة بحجم 100 مل، بطابع كهرماني حلو للجنسين.,,0,false,false,private,,ac7c356b-bcdf-4700-b31f-c6d2c5b53ca7
ARD-3711,عطر قائد الفرسان انلمتد ابيض 90 مل,عطر-قائد-الفرسان-انلمتد-ابيض-90-مل-ard-3711,Lattafa,90 مل,perfumes,15000,https://ztplxqlthuqkuktbznbo.supabase.co/storage/v1/object/public/products/ac7c356b-bcdf-4700-b31f-c6d2c5b53ca7/ARD-3711.webp,عطر عطر قائد الفرسان انلمتد ابيض 90 مل من Lattafa بحجم 90 مل، للجنسين بطابع عطري عربي واضح مناسب لليومي والمناسبات الخاصة.,,0,false,false,private,,ac7c356b-bcdf-4700-b31f-c6d2c5b53ca7
ARD-3712,عطر يارا توس 100 مل الاصفر,عطر-يارا-توس-100-مل-الاصفر-ard-3712,Lattafa,100 مل,perfumes,30000,https://ztplxqlthuqkuktbznbo.supabase.co/storage/v1/object/public/products/ac7c356b-bcdf-4700-b31f-c6d2c5b53ca7/ARD-3712.webp,عطر يارا توس من لطافة بحجم 100 مل للنساء، بطابع فاكهي فانيليا أنثوي ضمن هوية لطافة الرسمية.,,0,false,false,private,,ac7c356b-bcdf-4700-b31f-c6d2c5b53ca7
ARD-3714,عطر ليام 100 مل,عطر-ليام-100-مل-ard-3714,Lattafa,100 مل,perfumes,25000,https://ztplxqlthuqkuktbznbo.supabase.co/storage/v1/object/public/products/ac7c356b-bcdf-4700-b31f-c6d2c5b53ca7/ARD-3714.webp,عطر عطر ليام 100 مل من Lattafa بحجم 100 مل، للجنسين بطابع عطري عربي واضح مناسب لليومي والمناسبات الخاصة.,,0,false,false,private,,ac7c356b-bcdf-4700-b31f-c6d2c5b53ca7
ARD-3897,عطر بديع العود سبليم الاحمر,عطر-بديع-العود-سبليم-الاحمر-ard-3897,Lattafa,100 مل,perfumes,35000,https://ztplxqlthuqkuktbznbo.supabase.co/storage/v1/object/public/products/ac7c356b-bcdf-4700-b31f-c6d2c5b53ca7/ARD-3897.webp,عطر بديع العود سبلايم من لطافة بحجم 100 مل، بطابع عودي فاخر.,,0,false,false,private,,ac7c356b-bcdf-4700-b31f-c6d2c5b53ca7
ARD-4138,عطر اكلاير 100 مل,عطر-اكلاير-100-مل-ard-4138,Lattafa,100 مل,perfumes,40000,https://ztplxqlthuqkuktbznbo.supabase.co/storage/v1/object/public/products/ac7c356b-bcdf-4700-b31f-c6d2c5b53ca7/ARD-4138.webp,عطر إكلير من لطافة للنساء بحجم 100 مل، بتركيبة فانيليا غورماند حلوة بطابع أنثوي جذاب.,عائلة عطرية: gourmand vanilla,0,false,false,private,,ac7c356b-bcdf-4700-b31f-c6d2c5b53ca7
ARD-4214,عطر عفيف 100 مل,عطر-عفيف-100-مل-ard-4214,Lattafa,100 مل,perfumes,49000,https://ztplxqlthuqkuktbznbo.supabase.co/storage/v1/object/public/products/ac7c356b-bcdf-4700-b31f-c6d2c5b53ca7/ARD-4214.webp,عطر عطر عفيف 100 مل من Lattafa بحجم 100 مل، للجنسين بطابع عطري عربي واضح مناسب لليومي والمناسبات الخاصة ويتميز بطابع Afeef ضمن تشكيلة موثّقة.,,0,false,false,private,,ac7c356b-bcdf-4700-b31f-c6d2c5b53ca7
ARD-4215,عطر فخر لطافة اكستراكت 100 مل,عطر-فخر-لطافة-اكستراكت-100-مل-ard-4215,Lattafa,100 مل,perfumes,25000,https://ztplxqlthuqkuktbznbo.supabase.co/storage/v1/object/public/products/ac7c356b-bcdf-4700-b31f-c6d2c5b53ca7/ARD-4215.webp,عطر فخر لطافة إكسترايت من لطافة بحجم 100 مل، بطابع دخاني كهرماني ضمن خط فخر الرسمي.,,0,false,false,private,,ac7c356b-bcdf-4700-b31f-c6d2c5b53ca7
ARD-4246,عطر بديع العود نوبل بلش 100 مل,عطر-بديع-العود-نوبل-بلش-100-مل-ard-4246,Lattafa,100 مل,perfumes,35000,https://ztplxqlthuqkuktbznbo.supabase.co/storage/v1/object/public/products/ac7c356b-bcdf-4700-b31f-c6d2c5b53ca7/ARD-4246.webp,عطر بديع العود نوبل بلش من لطافة بحجم 100 مل، بطابع عودي زهري أنيق.,,0,false,false,private,,ac7c356b-bcdf-4700-b31f-c6d2c5b53ca7
ARD-4255,عطر حياتي فلورنس 100 مل,عطر-حياتي-فلورنس-100-مل-ard-4255,Lattafa,100 مل,perfumes,15000,https://ztplxqlthuqkuktbznbo.supabase.co/storage/v1/object/public/products/ac7c356b-bcdf-4700-b31f-c6d2c5b53ca7/ARD-4255.webp,عطر عطر حياتي فلورنس 100 مل من Lattafa بحجم 100 مل، للجنسين بطابع عطري عربي واضح مناسب لليومي والمناسبات الخاصة.,,0,false,false,private,,ac7c356b-bcdf-4700-b31f-c6d2c5b53ca7
ARD-4256,عطر انا الابيض كورال 60 مل,عطر-انا-الابيض-كورال-60-مل-ard-4256,Lattafa,60 مل,perfumes,18000,https://ztplxqlthuqkuktbznbo.supabase.co/storage/v1/object/public/products/ac7c356b-bcdf-4700-b31f-c6d2c5b53ca7/ARD-4256.webp,عطر عطر انا الابيض كورال 60 مل من Lattafa بحجم 60 مل، للجنسين بطابع عطري عربي واضح مناسب لليومي والمناسبات الخاصة.,,0,false,false,private,,ac7c356b-bcdf-4700-b31f-c6d2c5b53ca7
ARD-4273,عطر انغام 100 مل,عطر-انغام-100-مل-ard-4273,Lattafa,100 مل,perfumes,29000,https://ztplxqlthuqkuktbznbo.supabase.co/storage/v1/object/public/products/ac7c356b-bcdf-4700-b31f-c6d2c5b53ca7/ARD-4273.webp,عطر أنغام من لطافة بحجم 100 مل، برائحة دافئة أنيقة تناسب الاستخدام اليومي والمساء بهوية لطافة الرسمية.,,0,false,false,private,,ac7c356b-bcdf-4700-b31f-c6d2c5b53ca7
ARD-4286,عطر مشربية 100 مل,عطر-مشربية-100-مل-ard-4286,Lattafa,100 مل,perfumes,33000,https://ztplxqlthuqkuktbznbo.supabase.co/storage/v1/object/public/products/ac7c356b-bcdf-4700-b31f-c6d2c5b53ca7/ARD-4286.webp,عطر عطر مشربية 100 مل من Lattafa بحجم 100 مل، للجنسين بطابع عطري عربي واضح مناسب لليومي والمناسبات الخاصة ويتميز بطابع Mashrabya ضمن تشكيلة موثّقة ويتميز بطابع Mashrabya ضمن تشكيلة موثّقة.,,0,false,false,private,,ac7c356b-bcdf-4700-b31f-c6d2c5b53ca7
ARD-4300,معطر جو بديع العود ابيض 300 مل,معطر-جو-بديع-العود-ابيض-300-مل-ard-4300,Lattafa,300 مل,home-linen-air,3000,https://ztplxqlthuqkuktbznbo.supabase.co/storage/v1/object/public/products/ac7c356b-bcdf-4700-b31f-c6d2c5b53ca7/ARD-4300.webp,معطر جو Badee Al Oud White من لطافة بحجم 300 مل، لتعطير المنزل والمفارش برائحة خط العطر الأصلي بتركيز منزلي عملي.,,0,false,false,private,,ac7c356b-bcdf-4700-b31f-c6d2c5b53ca7
ARD-4336,عطر خمرة دخان 100 مل,عطر-خمرة-دخان-100-مل-ard-4336,Lattafa,100 مل,perfumes,40000,https://ztplxqlthuqkuktbznbo.supabase.co/storage/v1/object/public/products/ac7c356b-bcdf-4700-b31f-c6d2c5b53ca7/ARD-4336.webp,عطر عطر خمرة دخان 100 مل من Lattafa بحجم 100 مل، للجنسين بطابع عطري عربي واضح مناسب لليومي والمناسبات الخاصة.,,0,false,false,private,,ac7c356b-bcdf-4700-b31f-c6d2c5b53ca7
ARD-4564,معطر جو ماهر 300 مل,معطر-جو-ماهر-300-مل-ard-4564,Lattafa,300 مل,home-linen-air,3000,https://ztplxqlthuqkuktbznbo.supabase.co/storage/v1/object/public/products/ac7c356b-bcdf-4700-b31f-c6d2c5b53ca7/ARD-4564.webp,معطر جو Maahir من لطافة بحجم 300 مل، لتعطير المنزل والمفارش برائحة خط العطر الأصلي بتركيز منزلي عملي.,,0,false,false,private,,ac7c356b-bcdf-4700-b31f-c6d2c5b53ca7
ARD-463,عطر روعة العود,عطر-روعة-العود-ard-463,Lattafa,100 مل,perfumes,19000,https://ztplxqlthuqkuktbznbo.supabase.co/storage/v1/object/public/products/ac7c356b-bcdf-4700-b31f-c6d2c5b53ca7/ARD-463.webp,عطر روعة العود من لطافة، بتركيبة عود خشبية فاخرة للجنسين تناسب الأمسيات والمناسبات.,عائلة عطرية: oud woody,0,false,false,private,,ac7c356b-bcdf-4700-b31f-c6d2c5b53ca7
ARD-4637,عطر اسد بوربون,عطر-اسد-بوربون-ard-4637,Lattafa,100 مل,perfumes,30000,https://ztplxqlthuqkuktbznbo.supabase.co/storage/v1/object/public/products/ac7c356b-bcdf-4700-b31f-c6d2c5b53ca7/ARD-4637.webp,عطر عطر اسد بوربون من Lattafa بحجم 100 مل، مخصص للرجال بطابع عطري عربي واضح مناسب لليومي والمناسبات الخاصة.,,0,false,false,private,,ac7c356b-bcdf-4700-b31f-c6d2c5b53ca7
ARD-465,عطر قمة النساء,عطر-قمة-النساء-ard-465,Lattafa,100 مل,perfumes,16000,https://ztplxqlthuqkuktbznbo.supabase.co/storage/v1/object/public/products/ac7c356b-bcdf-4700-b31f-c6d2c5b53ca7/ARD-465.webp,عطر قمة للنساء من لطافة، بتركيبة غورماند زهرية بطابع أنثوي جذاب للاستخدام اليومي والمساء.,عائلة عطرية: gourmand floral,0,false,false,private,,ac7c356b-bcdf-4700-b31f-c6d2c5b53ca7
ARD-466,عطر رغبه للنساء,عطر-رغبه-للنساء-ard-466,Lattafa,100 مل,perfumes,13000,https://ztplxqlthuqkuktbznbo.supabase.co/storage/v1/object/public/products/ac7c356b-bcdf-4700-b31f-c6d2c5b53ca7/ARD-466.webp,عطر رغبة من لطافة، بتركيبة شرقية حلوة بطابع أنثوي جذاب يناسب الاستخدام اليومي والمناسبات.,عائلة عطرية: oriental sweet,0,false,false,private,,ac7c356b-bcdf-4700-b31f-c6d2c5b53ca7
ARD-4660,عطر ليان 75 مل,عطر-ليان-75-مل-ard-4660,Lattafa,75 مل,perfumes,33000,https://ztplxqlthuqkuktbznbo.supabase.co/storage/v1/object/public/products/ac7c356b-bcdf-4700-b31f-c6d2c5b53ca7/ARD-4660.webp,عطر عطر ليان 75 مل من Lattafa بحجم 75 مل، للجنسين بطابع عطري عربي واضح مناسب لليومي والمناسبات الخاصة.,,0,false,false,private,,ac7c356b-bcdf-4700-b31f-c6d2c5b53ca7
ARD-4664,عطر نبراس الكسير 100 مل / لطافة برايد,عطر-نبراس-الكسير-100-مل-لطافة-برايد-ard-4664,Lattafa Pride,100 مل,perfumes,45000,https://ztplxqlthuqkuktbznbo.supabase.co/storage/v1/object/public/products/ac7c356b-bcdf-4700-b31f-c6d2c5b53ca7/ARD-4664.webp,عطر نبراس إكسير من لطافة برايد بحجم 100 مل، بطابع أنثوي غني.,,0,false,false,private,,ac7c356b-bcdf-4700-b31f-c6d2c5b53ca7
ARD-467,عطر مسك مود,عطر-مسك-مود-ard-467,Lattafa,100 مل,musk-oils-mukhammaria,16000,https://ztplxqlthuqkuktbznbo.supabase.co/storage/v1/object/public/products/ac7c356b-bcdf-4700-b31f-c6d2c5b53ca7/ARD-467.webp,عطر مسك مود من لطافة بحجم 100 مل، بطابع مسكي ناعم مناسب للاستخدام اليومي.,,0,false,false,private,,ac7c356b-bcdf-4700-b31f-c6d2c5b53ca7
ARD-4680,عطر شهد كبير 150 مل,عطر-شهد-كبير-150-مل-ard-4680,Lattafa,150 مل,perfumes,17000,https://ztplxqlthuqkuktbznbo.supabase.co/storage/v1/object/public/products/ac7c356b-bcdf-4700-b31f-c6d2c5b53ca7/ARD-4680.webp,عطر عطر شهد كبير 150 مل من Lattafa بحجم 150 مل، مخصص للنساء بطابع عطري عربي واضح مناسب لليومي والمناسبات الخاصة.,,0,false,false,private,,ac7c356b-bcdf-4700-b31f-c6d2c5b53ca7
ARD-4685,عطر اسد الكسير 100 مل,عطر-اسد-الكسير-100-مل-ard-4685,Lattafa,100 مل,perfumes,30000,https://ztplxqlthuqkuktbznbo.supabase.co/storage/v1/object/public/products/ac7c356b-bcdf-4700-b31f-c6d2c5b53ca7/ARD-4685.webp,عطر عطر اسد الكسير 100 مل من Lattafa بحجم 100 مل، مخصص للرجال بطابع عطري عربي واضح مناسب لليومي والمناسبات الخاصة ويتميز بطابع Asad ضمن تشكيلة موثّقة.,,0,false,false,private,,ac7c356b-bcdf-4700-b31f-c6d2c5b53ca7
ARD-4686,عطر يارا الكسير 100 مل,عطر-يارا-الكسير-100-مل-ard-4686,Lattafa,100 مل,perfumes,30000,https://ztplxqlthuqkuktbznbo.supabase.co/storage/v1/object/public/products/ac7c356b-bcdf-4700-b31f-c6d2c5b53ca7/ARD-4686.webp,عطر عطر يارا الكسير 100 مل من Lattafa بحجم 100 مل، مخصص للنساء بطابع عطري عربي واضح مناسب لليومي والمناسبات الخاصة.,,0,false,false,private,,ac7c356b-bcdf-4700-b31f-c6d2c5b53ca7
ARD-4750,معطر جو اكلاير 300 مل,معطر-جو-اكلاير-300-مل-ard-4750,Lattafa,300 مل,home-linen-air,3000,https://ztplxqlthuqkuktbznbo.supabase.co/storage/v1/object/public/products/ac7c356b-bcdf-4700-b31f-c6d2c5b53ca7/ARD-4750.webp,معطر جو Eclaire من لطافة بحجم 300 مل، لتعطير المنزل والمفارش برائحة خط العطر الأصلي بتركيز منزلي عملي ويتميز بطابع Eclaire ضمن تشكيلة موثّقة.,,0,false,false,private,,ac7c356b-bcdf-4700-b31f-c6d2c5b53ca7
ARD-4751,معطر جو مسمم ابيض 300 مل,معطر-جو-مسمم-ابيض-300-مل-ard-4751,Lattafa,300 مل,home-linen-air,3000,https://ztplxqlthuqkuktbznbo.supabase.co/storage/v1/object/public/products/ac7c356b-bcdf-4700-b31f-c6d2c5b53ca7/ARD-4751.webp,معطر جو Musamam White من لطافة بحجم 300 مل، لتعطير المنزل والمفارش برائحة خط العطر الأصلي بتركيز منزلي عملي ويتميز بطابع Musamam ضمن تشكيلة موثّقة ويتميز بطابع Musamam ضمن تشكيلة موثّقة ويتميز بطابع Musamam ضمن تشكيلة موثّقة ويتميز بطابع Musamam ضمن تشكيلة موثّقة.,,0,false,false,private,,ac7c356b-bcdf-4700-b31f-c6d2c5b53ca7
ARD-4752,معطر جو بديع العود نوبل بلوش 300 مل,معطر-جو-بديع-العود-نوبل-بلوش-300-مل-ard-4752,Lattafa,300 مل,home-linen-air,3000,https://ztplxqlthuqkuktbznbo.supabase.co/storage/v1/object/public/products/ac7c356b-bcdf-4700-b31f-c6d2c5b53ca7/ARD-4752.webp,معطر جو Noble Blush من لطافة بحجم 300 مل، لتعطير المنزل والمفارش برائحة خط العطر الأصلي بتركيز منزلي عملي ويتميز بطابع Badee ضمن تشكيلة موثّقة ويتميز بطابع Badee ضمن تشكيلة موثّقة.,,0,false,false,private,,ac7c356b-bcdf-4700-b31f-c6d2c5b53ca7
ARD-4770,عطر انا الابيض سكارليت 100 مل,عطر-انا-الابيض-سكارليت-100-مل-ard-4770,Lattafa,100 مل,perfumes,18000,https://ztplxqlthuqkuktbznbo.supabase.co/storage/v1/object/public/products/ac7c356b-bcdf-4700-b31f-c6d2c5b53ca7/ARD-4770.webp,عطر أنا الأبيض سكارليت من لطافة بحجم 100 مل، بطابع أنثوي ضمن خط أنا الأبيض.,,0,false,false,private,,ac7c356b-bcdf-4700-b31f-c6d2c5b53ca7
ARD-479,عطر قمة رجالي,عطر-قمة-رجالي-ard-479,Lattafa,100 مل,perfumes,15000,https://ztplxqlthuqkuktbznbo.supabase.co/storage/v1/object/public/products/ac7c356b-bcdf-4700-b31f-c6d2c5b53ca7/ARD-479.webp,عطر قمة الرجالي من لطافة، بتركيبة خشبية حارة بطابع رجالي قوي يناسب الحضور اليومي.,عائلة عطرية: woody spicy,0,false,false,private,,ac7c356b-bcdf-4700-b31f-c6d2c5b53ca7
ARD-4792,عطر مسمم اسود انتنس,عطر-مسمم-اسود-انتنس-ard-4792,Lattafa,100 مل,perfumes,43000,https://ztplxqlthuqkuktbznbo.supabase.co/storage/v1/object/public/products/ac7c356b-bcdf-4700-b31f-c6d2c5b53ca7/ARD-4792.webp,عطر مسمم إنتنس من لطافة بحجم 100 مل، بطابع قوي ثابت.,,0,false,false,private,,ac7c356b-bcdf-4700-b31f-c6d2c5b53ca7
ARD-4807,معطر جو نبراس 300 مل / لطافة برايد,معطر-جو-نبراس-300-مل-لطافة-برايد-ard-4807,Lattafa,300 مل,home-linen-air,3000,https://ztplxqlthuqkuktbznbo.supabase.co/storage/v1/object/public/products/ac7c356b-bcdf-4700-b31f-c6d2c5b53ca7/ARD-4807.webp,معطر جو نبراس من لطافة برايد بحجم 300 مل، لتعطير المنزل برائحة نبراس الغورماند الدافئة الأنيقة.,,0,false,false,private,,ac7c356b-bcdf-4700-b31f-c6d2c5b53ca7
ARD-5036,عطر ماهر هونور 100 مل,عطر-ماهر-هونور-100-مل-ard-5036,Lattafa,100 مل,perfumes,35000,https://ztplxqlthuqkuktbznbo.supabase.co/storage/v1/object/public/products/ac7c356b-bcdf-4700-b31f-c6d2c5b53ca7/ARD-5036.webp,عطر عطر ماهر هونور 100 مل من Lattafa بحجم 100 مل، للجنسين بطابع عطري عربي واضح مناسب لليومي والمناسبات الخاصة.,,0,false,false,private,,ac7c356b-bcdf-4700-b31f-c6d2c5b53ca7
ARD-5058,عطر خمرة واحة 100 مل,عطر-خمرة-واحة-100-مل-ard-5058,Lattafa,100 مل,perfumes,40000,https://ztplxqlthuqkuktbznbo.supabase.co/storage/v1/object/public/products/ac7c356b-bcdf-4700-b31f-c6d2c5b53ca7/ARD-5058.webp,عطر عطر خمرة واحة 100 مل من Lattafa بحجم 100 مل، للجنسين بطابع عطري عربي واضح مناسب لليومي والمناسبات الخاصة ويتميز بطابع Khamrah ضمن تشكيلة موثّقة.,,0,false,false,private,,ac7c356b-bcdf-4700-b31f-c6d2c5b53ca7
ARD-663,عطر انا الابيض روج,عطر-انا-الابيض-روج-ard-663,Lattafa,100 مل,perfumes,18000,https://ztplxqlthuqkuktbznbo.supabase.co/storage/v1/object/public/products/ac7c356b-bcdf-4700-b31f-c6d2c5b53ca7/ARD-663.webp,عطر أنا الأبيض روج من لطافة، إصدار أحمر بتركيبة فاكهية زهرية للجنسين بطابع حيوي.,عائلة عطرية: fruity floral,0,false,false,private,,ac7c356b-bcdf-4700-b31f-c6d2c5b53ca7
ARD-715,عطر رمز لطافه ذهبي,عطر-رمز-لطافه-ذهبي-ard-715,Lattafa,100 مل,perfumes,17000,https://ztplxqlthuqkuktbznbo.supabase.co/storage/v1/object/public/products/ac7c356b-bcdf-4700-b31f-c6d2c5b53ca7/ARD-715.webp,عطر رمز لطافة الذهبي من لطافة، بتركيبة زهرية شرقية بطابع فاخر يناسب الاستخدام اليومي والمناسبات.,عائلة عطرية: floral oriental,0,false,false,private,,ac7c356b-bcdf-4700-b31f-c6d2c5b53ca7
ARD-766,عطر اوراق العود,عطر-اوراق-العود-ard-766,Lattafa,100 مل,perfumes,14000,https://ztplxqlthuqkuktbznbo.supabase.co/storage/v1/object/public/products/ac7c356b-bcdf-4700-b31f-c6d2c5b53ca7/ARD-766.webp,عطر أوراق العود من لطافة، بتركيبة عود خشبية رجالية بطابع شرقي أصيل.,عائلة عطرية: oud woody,0,false,false,private,,ac7c356b-bcdf-4700-b31f-c6d2c5b53ca7
ARD-775,عطر مسك السلامه,عطر-مسك-السلامه-ard-775,Lattafa,100 مل,musk-oils-mukhammaria,15000,https://ztplxqlthuqkuktbznbo.supabase.co/storage/v1/object/public/products/ac7c356b-bcdf-4700-b31f-c6d2c5b53ca7/ARD-775.webp,زيت عطري / مسك عطر مسك السلامه من Lattafa بحجم 100 مل، للجنسين بطابع عطري عربي واضح مناسب لليومي والمناسبات الخاصة.,,0,false,false,private,,ac7c356b-bcdf-4700-b31f-c6d2c5b53ca7
ARD-823,عطر شيخ الشيوخ,عطر-شيخ-الشيوخ-ard-823,Lattafa,100 مل,perfumes,12000,https://ztplxqlthuqkuktbznbo.supabase.co/storage/v1/object/public/products/ac7c356b-bcdf-4700-b31f-c6d2c5b53ca7/ARD-823.webp,عطر شيخ الشيوخ من لطافة، بتركيبة عود وعنبر رجالية كلاسيكية بطابع فاخر وثابت.,عائلة عطرية: oud amber,0,false,false,private,,ac7c356b-bcdf-4700-b31f-c6d2c5b53ca7
ARD-92,عطر شيخ الشيوخ المركز 80 مل,عطر-شيخ-الشيوخ-المركز-80-مل-ard-92,Lattafa,80 مل,perfumes,14000,https://ztplxqlthuqkuktbznbo.supabase.co/storage/v1/object/public/products/ac7c356b-bcdf-4700-b31f-c6d2c5b53ca7/ARD-92.webp,عطر شيخ الشيوخ المركز من لطافة، بتركيبة عود وعنبر مركّزة بطابع رجالي فاخر يناسب الاستخدام اليومي والمناسبات.,عائلة عطرية: oud amber,0,false,false,private,,ac7c356b-bcdf-4700-b31f-c6d2c5b53ca7
ARD-957,عطر 24 قيراط ذهبي,عطر-24-قيراط-ذهبي-ard-957,Lattafa,100 مل,perfumes,19000,https://ztplxqlthuqkuktbznbo.supabase.co/storage/v1/object/public/products/ac7c356b-bcdf-4700-b31f-c6d2c5b53ca7/ARD-957.webp,عطر 24 قيراط الذهبي من لطافة، بتركيبة عود وعنبر وفانيليا فاخرة للجنسين.,عائلة عطرية: amber vanilla oud,0,false,false,private,,ac7c356b-bcdf-4700-b31f-c6d2c5b53ca7
ARD-958,عطر 24 قيراط سلفر,عطر-24-قيراط-سلفر-ard-958,Lattafa,100 مل,perfumes,15000,https://ztplxqlthuqkuktbznbo.supabase.co/storage/v1/object/public/products/ac7c356b-bcdf-4700-b31f-c6d2c5b53ca7/ARD-958.webp,عطر 24 قيراط الأبيض/السلفر من لطافة، بتركيبة عنبرية خشبية أنيقة للجنسين.,عائلة عطرية: amber woody,0,false,false,private,,ac7c356b-bcdf-4700-b31f-c6d2c5b53ca7
ARD-959,عطر نجدية,عطر-نجدية-ard-959,Lattafa,100 مل,perfumes,15000,https://ztplxqlthuqkuktbznbo.supabase.co/storage/v1/object/public/products/ac7c356b-bcdf-4700-b31f-c6d2c5b53ca7/ARD-959.webp,عطر نجدية من لطافة للرجال، بتركيبة منعشة حارة بطابع يومي واضح وثابت.,عائلة عطرية: fresh spicy,0,false,false,private,,ac7c356b-bcdf-4700-b31f-c6d2c5b53ca7
ARD-970,عطر قائد الفرسان,عطر-قائد-الفرسان-ard-970,Lattafa,90 مل,perfumes,15000,https://ztplxqlthuqkuktbznbo.supabase.co/storage/v1/object/public/products/ac7c356b-bcdf-4700-b31f-c6d2c5b53ca7/ARD-970.webp,عطر قائد الفرسان من لطافة، بتركيبة حلوة دخانية رجالية بطابع جريء وثابت.,عائلة عطرية: sweet smoky,0,false,false,private,,ac7c356b-bcdf-4700-b31f-c6d2c5b53ca7
