merchant_sku,storage_path,public_url,upload_status,upload_http_status,public_get_status,local_sha256,remote_sha256,sha_match,error,verified_at
ARD-1318,ac7c356b-bcdf-4700-b31f-c6d2c5b53ca7/ARD-1318.webp,https://ztplxqlthuqkuktbznbo.supabase.co/storage/v1/object/public/products/ac7c356b-bcdf-4700-b31f-c6d2c5b53ca7/ARD-1318.webp,uploaded_verified,201,200,A629651178D34F4AEA3B156A65BF5A1D291175D7B27377B8026C00024916803B,A629651178D34F4AEA3B156A65BF5A1D291175D7B27377B8026C00024916803B,true,,2026-08-04T11:56:52.989Z
ARD-1319,ac7c356b-bcdf-4700-b31f-c6d2c5b53ca7/ARD-1319.webp,https://ztplxqlthuqkuktbznbo.supabase.co/storage/v1/object/public/products/ac7c356b-bcdf-4700-b31f-c6d2c5b53ca7/ARD-1319.webp,uploaded_verified,201,200,7DAA6791227A42A869006B53FC1A65D6494273A6F9E0EDFC1DE2782BDDB480EF,7DAA6791227A42A869006B53FC1A65D6494273A6F9E0EDFC1DE2782BDDB480EF,true,,2026-08-04T11:57:12.056Z
ARD-1320,ac7c356b-bcdf-4700-b31f-c6d2c5b53ca7/ARD-1320.webp,https://ztplxqlthuqkuktbznbo.supabase.co/storage/v1/object/public/products/ac7c356b-bcdf-4700-b31f-c6d2c5b53ca7/ARD-1320.webp,uploaded_verified,201,200,0762240A4C2147845E21A0CDC08FB0856AB59B505C74299C3681BE14D32AF37A,0762240A4C2147845E21A0CDC08FB0856AB59B505C74299C3681BE14D32AF37A,true,,2026-08-04T11:57:11.945Z
ARD-1369,ac7c356b-bcdf-4700-b31f-c6d2c5b53ca7/ARD-1369.webp,https://ztplxqlthuqkuktbznbo.supabase.co/storage/v1/object/public/products/ac7c356b-bcdf-4700-b31f-c6d2c5b53ca7/ARD-1369.webp,uploaded_verified,201,200,6C219635E913F8A791DD357102A78EE6B6370FB8A9DF6CA2B95E7C5FEAF98636,6C219635E913F8A791DD357102A78EE6B6370FB8A9DF6CA2B95E7C5FEAF98636,true,,2026-08-04T11:57:11.939Z
ARD-1430,ac7c356b-bcdf-4700-b31f-c6d2c5b53ca7/ARD-1430.webp,https://ztplxqlthuqkuktbznbo.supabase.co/storage/v1/object/public/products/ac7c356b-bcdf-4700-b31f-c6d2c5b53ca7/ARD-1430.webp,uploaded_verified,201,200,40F02A905A6CDBEF13F2605F5D4A6AEC01F9A7E92F64C30D32EDC87C0F92AA0C,40F02A905A6CDBEF13F2605F5D4A6AEC01F9A7E92F64C30D32EDC87C0F92AA0C,true,,2026-08-04T11:57:12.012Z
ARD-1480,ac7c356b-bcdf-4700-b31f-c6d2c5b53ca7/ARD-1480.webp,https://ztplxqlthuqkuktbznbo.supabase.co/storage/v1/object/public/products/ac7c356b-bcdf-4700-b31f-c6d2c5b53ca7/ARD-1480.webp,uploaded_verified,201,200,B7A1BEBC47C4378F71BC5852D3446B93DB32B8A2DB7FC47DB77662947E13BCE8,B7A1BEBC47C4378F71BC5852D3446B93DB32B8A2DB7FC47DB77662947E13BCE8,true,,2026-08-04T11:57:12.150Z
ARD-1858,ac7c356b-bcdf-4700-b31f-c6d2c5b53ca7/ARD-1858.webp,https://ztplxqlthuqkuktbznbo.supabase.co/storage/v1/object/public/products/ac7c356b-bcdf-4700-b31f-c6d2c5b53ca7/ARD-1858.webp,uploaded_verified,201,200,9E1437F4CCB3E75E8C1570592BAEDA7C99311DE137FF0DA4495F57ED231EB463,9E1437F4CCB3E75E8C1570592BAEDA7C99311DE137FF0DA4495F57ED231EB463,true,,2026-08-04T11:57:12.133Z
ARD-2126,ac7c356b-bcdf-4700-b31f-c6d2c5b53ca7/ARD-2126.webp,https://ztplxqlthuqkuktbznbo.supabase.co/storage/v1/object/public/products/ac7c356b-bcdf-4700-b31f-c6d2c5b53ca7/ARD-2126.webp,uploaded_verified,201,200,4651376EBD18B3605B0C655F861BC734B23D5B8EA9EB3DC6D2616DC2596E1D4C,4651376EBD18B3605B0C655F861BC734B23D5B8EA9EB3DC6D2616DC2596E1D4C,true,,2026-08-04T11:57:12.215Z
ARD-2423,ac7c356b-bcdf-4700-b31f-c6d2c5b53ca7/ARD-2423.webp,https://ztplxqlthuqkuktbznbo.supabase.co/storage/v1/object/public/products/ac7c356b-bcdf-4700-b31f-c6d2c5b53ca7/ARD-2423.webp,uploaded_verified,201,200,DDB05BD55215F169989B7CA4D6359BE1F76F6E7A41C1ED8655D671AEDA6C5A5D,DDB05BD55215F169989B7CA4D6359BE1F76F6E7A41C1ED8655D671AEDA6C5A5D,true,,2026-08-04T11:57:12.373Z
ARD-2436,ac7c356b-bcdf-4700-b31f-c6d2c5b53ca7/ARD-2436.webp,https://ztplxqlthuqkuktbznbo.supabase.co/storage/v1/object/public/products/ac7c356b-bcdf-4700-b31f-c6d2c5b53ca7/ARD-2436.webp,uploaded_verified,201,200,2B3CBF3F7FAA609BE3EBDBD1462100C86944AB49F7B5C5414968FA91A19C8E53,2B3CBF3F7FAA609BE3EBDBD1462100C86944AB49F7B5C5414968FA91A19C8E53,true,,2026-08-04T11:57:12.286Z
ARD-2437,ac7c356b-bcdf-4700-b31f-c6d2c5b53ca7/ARD-2437.webp,https://ztplxqlthuqkuktbznbo.supabase.co/storage/v1/object/public/products/ac7c356b-bcdf-4700-b31f-c6d2c5b53ca7/ARD-2437.webp,uploaded_verified,201,200,C6950561032B6D9A768662572F413071B2194DB920450CA7BA8D874D69C8E12D,C6950561032B6D9A768662572F413071B2194DB920450CA7BA8D874D69C8E12D,true,,2026-08-04T11:57:12.330Z
ARD-2471,ac7c356b-bcdf-4700-b31f-c6d2c5b53ca7/ARD-2471.webp,https://ztplxqlthuqkuktbznbo.supabase.co/storage/v1/object/public/products/ac7c356b-bcdf-4700-b31f-c6d2c5b53ca7/ARD-2471.webp,uploaded_verified,201,200,6E2D35E1CAA9D7934089313A12F023FB11584B14E41DEF38B52C88FCBE4A04A3,6E2D35E1CAA9D7934089313A12F023FB11584B14E41DEF38B52C88FCBE4A04A3,true,,2026-08-04T11:57:12.411Z
ARD-2493,ac7c356b-bcdf-4700-b31f-c6d2c5b53ca7/ARD-2493.webp,https://ztplxqlthuqkuktbznbo.supabase.co/storage/v1/object/public/products/ac7c356b-bcdf-4700-b31f-c6d2c5b53ca7/ARD-2493.webp,uploaded_verified,201,200,946B25EAF395984827F3B730B906161298B17EB37E656F4C7A2526E88AEFD0DF,946B25EAF395984827F3B730B906161298B17EB37E656F4C7A2526E88AEFD0DF,true,,2026-08-04T11:57:12.424Z
ARD-2494,ac7c356b-bcdf-4700-b31f-c6d2c5b53ca7/ARD-2494.webp,https://ztplxqlthuqkuktbznbo.supabase.co/storage/v1/object/public/products/ac7c356b-bcdf-4700-b31f-c6d2c5b53ca7/ARD-2494.webp,uploaded_verified,201,200,A7F5CF74E953D9A24711E9641957781F5E48DDB6BE321A4BC1391689B95F623C,A7F5CF74E953D9A24711E9641957781F5E48DDB6BE321A4BC1391689B95F623C,true,,2026-08-04T11:57:12.477Z
ARD-2511,ac7c356b-bcdf-4700-b31f-c6d2c5b53ca7/ARD-2511.webp,https://ztplxqlthuqkuktbznbo.supabase.co/storage/v1/object/public/products/ac7c356b-bcdf-4700-b31f-c6d2c5b53ca7/ARD-2511.webp,uploaded_verified,201,200,6D300DCD9E4A60C6B71AFF827AF4C2E067E7F74E492F265D87417E2B684EEEB7,6D300DCD9E4A60C6B71AFF827AF4C2E067E7F74E492F265D87417E2B684EEEB7,true,,2026-08-04T11:57:12.567Z
ARD-2512,ac7c356b-bcdf-4700-b31f-c6d2c5b53ca7/ARD-2512.webp,https://ztplxqlthuqkuktbznbo.supabase.co/storage/v1/object/public/products/ac7c356b-bcdf-4700-b31f-c6d2c5b53ca7/ARD-2512.webp,uploaded_verified,201,200,4183CEBD649F2D6EA94D4C73B5F1E9C04061C1EF85323E70EE8A6D4D2B559CFC,4183CEBD649F2D6EA94D4C73B5F1E9C04061C1EF85323E70EE8A6D4D2B559CFC,true,,2026-08-04T11:57:12.674Z
ARD-2515,ac7c356b-bcdf-4700-b31f-c6d2c5b53ca7/ARD-2515.webp,https://ztplxqlthuqkuktbznbo.supabase.co/storage/v1/object/public/products/ac7c356b-bcdf-4700-b31f-c6d2c5b53ca7/ARD-2515.webp,uploaded_verified,201,200,E700EC2AE87C20DA95F0CE9132E411673904126793F7133A906F66781D2C8462,E700EC2AE87C20DA95F0CE9132E411673904126793F7133A906F66781D2C8462,true,,2026-08-04T11:57:12.612Z
ARD-2583,ac7c356b-bcdf-4700-b31f-c6d2c5b53ca7/ARD-2583.webp,https://ztplxqlthuqkuktbznbo.supabase.co/storage/v1/object/public/products/ac7c356b-bcdf-4700-b31f-c6d2c5b53ca7/ARD-2583.webp,uploaded_verified,201,200,5A4AC176B998D946A0E92F31AE41AF3FCDC63DC2F28C6D4F84EA54E3016E8085,5A4AC176B998D946A0E92F31AE41AF3FCDC63DC2F28C6D4F84EA54E3016E8085,true,,2026-08-04T11:57:12.620Z
ARD-2648,ac7c356b-bcdf-4700-b31f-c6d2c5b53ca7/ARD-2648.webp,https://ztplxqlthuqkuktbznbo.supabase.co/storage/v1/object/public/products/ac7c356b-bcdf-4700-b31f-c6d2c5b53ca7/ARD-2648.webp,uploaded_verified,201,200,7BD0EA5EECB2CD2E608DB768BF6E642CF851FE4AD0C08E98AB5CC532D405398B,7BD0EA5EECB2CD2E608DB768BF6E642CF851FE4AD0C08E98AB5CC532D405398B,true,,2026-08-04T11:57:12.797Z
ARD-2745,ac7c356b-bcdf-4700-b31f-c6d2c5b53ca7/ARD-2745.webp,https://ztplxqlthuqkuktbznbo.supabase.co/storage/v1/object/public/products/ac7c356b-bcdf-4700-b31f-c6d2c5b53ca7/ARD-2745.webp,uploaded_verified,201,200,62FFEBBE6DA378135B8EDEC91547FC5F34578D6EB00E4AE910E9E0D9A22EE543,62FFEBBE6DA378135B8EDEC91547FC5F34578D6EB00E4AE910E9E0D9A22EE543,true,,2026-08-04T11:57:12.750Z
ARD-2753,ac7c356b-bcdf-4700-b31f-c6d2c5b53ca7/ARD-2753.webp,https://ztplxqlthuqkuktbznbo.supabase.co/storage/v1/object/public/products/ac7c356b-bcdf-4700-b31f-c6d2c5b53ca7/ARD-2753.webp,uploaded_verified,201,200,11C4FB16451B98B6AC84D9F30B7631173B0463AA96E5943269E0396FBD67CF3A,11C4FB16451B98B6AC84D9F30B7631173B0463AA96E5943269E0396FBD67CF3A,true,,2026-08-04T11:57:12.874Z
ARD-2760,ac7c356b-bcdf-4700-b31f-c6d2c5b53ca7/ARD-2760.webp,https://ztplxqlthuqkuktbznbo.supabase.co/storage/v1/object/public/products/ac7c356b-bcdf-4700-b31f-c6d2c5b53ca7/ARD-2760.webp,uploaded_verified,201,200,79617E4FC42257F1C50ABC566678E5FD9A0C2868E29B923DAF881C93F5C0D591,79617E4FC42257F1C50ABC566678E5FD9A0C2868E29B923DAF881C93F5C0D591,true,,2026-08-04T11:57:12.820Z
ARD-2765,ac7c356b-bcdf-4700-b31f-c6d2c5b53ca7/ARD-2765.webp,https://ztplxqlthuqkuktbznbo.supabase.co/storage/v1/object/public/products/ac7c356b-bcdf-4700-b31f-c6d2c5b53ca7/ARD-2765.webp,uploaded_verified,201,200,BBC8712C9CD22CADB09A628EEB1D29DAE39B9141C121159E6F7A65499ABF9E8F,BBC8712C9CD22CADB09A628EEB1D29DAE39B9141C121159E6F7A65499ABF9E8F,true,,2026-08-04T11:57:12.953Z
ARD-2773,ac7c356b-bcdf-4700-b31f-c6d2c5b53ca7/ARD-2773.webp,https://ztplxqlthuqkuktbznbo.supabase.co/storage/v1/object/public/products/ac7c356b-bcdf-4700-b31f-c6d2c5b53ca7/ARD-2773.webp,uploaded_verified,201,200,9246A7B1020D56FC8B9C5E2B89BE08353AFAE451132BA8A80B5F78DEEBC7D7DB,9246A7B1020D56FC8B9C5E2B89BE08353AFAE451132BA8A80B5F78DEEBC7D7DB,true,,2026-08-04T11:57:12.951Z
ARD-2793,ac7c356b-bcdf-4700-b31f-c6d2c5b53ca7/ARD-2793.webp,https://ztplxqlthuqkuktbznbo.supabase.co/storage/v1/object/public/products/ac7c356b-bcdf-4700-b31f-c6d2c5b53ca7/ARD-2793.webp,uploaded_verified,201,200,C9B3B5FDA7E35B62CECA8E35D72533778237CFB121613DECC37B185C939EC391,C9B3B5FDA7E35B62CECA8E35D72533778237CFB121613DECC37B185C939EC391,true,,2026-08-04T11:57:12.968Z
ARD-2797,ac7c356b-bcdf-4700-b31f-c6d2c5b53ca7/ARD-2797.webp,https://ztplxqlthuqkuktbznbo.supabase.co/storage/v1/object/public/products/ac7c356b-bcdf-4700-b31f-c6d2c5b53ca7/ARD-2797.webp,uploaded_verified,201,200,D6B96865145CA6B638FBEE55AA1F2715C086C6BF543FF7D18C248F5A63D759E7,D6B96865145CA6B638FBEE55AA1F2715C086C6BF543FF7D18C248F5A63D759E7,true,,2026-08-04T11:57:13.008Z
ARD-287,ac7c356b-bcdf-4700-b31f-c6d2c5b53ca7/ARD-287.webp,https://ztplxqlthuqkuktbznbo.supabase.co/storage/v1/object/public/products/ac7c356b-bcdf-4700-b31f-c6d2c5b53ca7/ARD-287.webp,uploaded_verified,201,200,6577F1DE9F65126A853A1B746ACAECFB755BDF202A3E009A8F09808F3BE8C164,6577F1DE9F65126A853A1B746ACAECFB755BDF202A3E009A8F09808F3BE8C164,true,,2026-08-04T11:57:13.177Z
ARD-2876,ac7c356b-bcdf-4700-b31f-c6d2c5b53ca7/ARD-2876.webp,https://ztplxqlthuqkuktbznbo.supabase.co/storage/v1/object/public/products/ac7c356b-bcdf-4700-b31f-c6d2c5b53ca7/ARD-2876.webp,uploaded_verified,201,200,634661BDA3FA62D50D85C95DEE9A77075BD4B32BE9150B53ED29E478D517F419,634661BDA3FA62D50D85C95DEE9A77075BD4B32BE9150B53ED29E478D517F419,true,,2026-08-04T11:57:13.233Z
ARD-2879,ac7c356b-bcdf-4700-b31f-c6d2c5b53ca7/ARD-2879.webp,https://ztplxqlthuqkuktbznbo.supabase.co/storage/v1/object/public/products/ac7c356b-bcdf-4700-b31f-c6d2c5b53ca7/ARD-2879.webp,uploaded_verified,201,200,8FE6336D4E7EC5A4E930DB1BBFFFDEC892B4DCDBC003C2FF4856FCF193FEF626,8FE6336D4E7EC5A4E930DB1BBFFFDEC892B4DCDBC003C2FF4856FCF193FEF626,true,,2026-08-04T11:57:13.120Z
ARD-2932,ac7c356b-bcdf-4700-b31f-c6d2c5b53ca7/ARD-2932.webp,https://ztplxqlthuqkuktbznbo.supabase.co/storage/v1/object/public/products/ac7c356b-bcdf-4700-b31f-c6d2c5b53ca7/ARD-2932.webp,uploaded_verified,201,200,2861C3DBBE50F9CA72C1540E87930BBD69EA9BEA9879AD332A38D3B5826F14C1,2861C3DBBE50F9CA72C1540E87930BBD69EA9BEA9879AD332A38D3B5826F14C1,true,,2026-08-04T11:57:13.235Z
ARD-2933,ac7c356b-bcdf-4700-b31f-c6d2c5b53ca7/ARD-2933.webp,https://ztplxqlthuqkuktbznbo.supabase.co/storage/v1/object/public/products/ac7c356b-bcdf-4700-b31f-c6d2c5b53ca7/ARD-2933.webp,uploaded_verified,201,200,073D137B2799157F0A6A1144E77B33AA749D88960DFDC074BBE02FEB52ECDC64,073D137B2799157F0A6A1144E77B33AA749D88960DFDC074BBE02FEB52ECDC64,true,,2026-08-04T11:57:13.254Z
ARD-308,ac7c356b-bcdf-4700-b31f-c6d2c5b53ca7/ARD-308.webp,https://ztplxqlthuqkuktbznbo.supabase.co/storage/v1/object/public/products/ac7c356b-bcdf-4700-b31f-c6d2c5b53ca7/ARD-308.webp,uploaded_verified,201,200,9CA66F7D26517F5872A673766071E1EC0CDEDB8349EB5F95B4971C141EB1F425,9CA66F7D26517F5872A673766071E1EC0CDEDB8349EB5F95B4971C141EB1F425,true,,2026-08-04T11:57:13.304Z
ARD-309,ac7c356b-bcdf-4700-b31f-c6d2c5b53ca7/ARD-309.webp,https://ztplxqlthuqkuktbznbo.supabase.co/storage/v1/object/public/products/ac7c356b-bcdf-4700-b31f-c6d2c5b53ca7/ARD-309.webp,uploaded_verified,201,200,7B42105D5A270E954F5EC107F048C4E48479B2BBCDC9BDF01FFB4152C07CC8E1,7B42105D5A270E954F5EC107F048C4E48479B2BBCDC9BDF01FFB4152C07CC8E1,true,,2026-08-04T11:57:13.464Z
ARD-310,ac7c356b-bcdf-4700-b31f-c6d2c5b53ca7/ARD-310.webp,https://ztplxqlthuqkuktbznbo.supabase.co/storage/v1/object/public/products/ac7c356b-bcdf-4700-b31f-c6d2c5b53ca7/ARD-310.webp,uploaded_verified,201,200,403BE6A272ABC533C347A3CAB51AE50FB9AB412116040E68961D82672FB26749,403BE6A272ABC533C347A3CAB51AE50FB9AB412116040E68961D82672FB26749,true,,2026-08-04T11:57:13.577Z
ARD-311,ac7c356b-bcdf-4700-b31f-c6d2c5b53ca7/ARD-311.webp,https://ztplxqlthuqkuktbznbo.supabase.co/storage/v1/object/public/products/ac7c356b-bcdf-4700-b31f-c6d2c5b53ca7/ARD-311.webp,uploaded_verified,201,200,C48DBA012D3F98CE8278EAF42DB2F99C1E33124A65585048A9CD338D739ADA67,C48DBA012D3F98CE8278EAF42DB2F99C1E33124A65585048A9CD338D739ADA67,true,,2026-08-04T11:57:13.497Z
ARD-3117,ac7c356b-bcdf-4700-b31f-c6d2c5b53ca7/ARD-3117.webp,https://ztplxqlthuqkuktbznbo.supabase.co/storage/v1/object/public/products/ac7c356b-bcdf-4700-b31f-c6d2c5b53ca7/ARD-3117.webp,uploaded_verified,201,200,A70C51ED4E4F37495A29360D7F257994AFE6947F1038E843629C3F57D9C6CC24,A70C51ED4E4F37495A29360D7F257994AFE6947F1038E843629C3F57D9C6CC24,true,,2026-08-04T11:57:13.530Z
ARD-312,ac7c356b-bcdf-4700-b31f-c6d2c5b53ca7/ARD-312.webp,https://ztplxqlthuqkuktbznbo.supabase.co/storage/v1/object/public/products/ac7c356b-bcdf-4700-b31f-c6d2c5b53ca7/ARD-312.webp,uploaded_verified,201,200,6B12A1C5B8575639026C4D7AAC613EC6EFFF6ACEC3E139BBB1D395AE1D4AFC1F,6B12A1C5B8575639026C4D7AAC613EC6EFFF6ACEC3E139BBB1D395AE1D4AFC1F,true,,2026-08-04T11:57:13.636Z
ARD-3149,ac7c356b-bcdf-4700-b31f-c6d2c5b53ca7/ARD-3149.webp,https://ztplxqlthuqkuktbznbo.supabase.co/storage/v1/object/public/products/ac7c356b-bcdf-4700-b31f-c6d2c5b53ca7/ARD-3149.webp,uploaded_verified,201,200,732878627672514DE614B4DF9CB73E132B075B98DD9352A4DE9F2B56059A3D70,732878627672514DE614B4DF9CB73E132B075B98DD9352A4DE9F2B56059A3D70,true,,2026-08-04T11:57:13.691Z
ARD-3240,ac7c356b-bcdf-4700-b31f-c6d2c5b53ca7/ARD-3240.webp,https://ztplxqlthuqkuktbznbo.supabase.co/storage/v1/object/public/products/ac7c356b-bcdf-4700-b31f-c6d2c5b53ca7/ARD-3240.webp,uploaded_verified,201,200,AAB430A4C95F2C2814E96BAB250EA749E4FD6A687D3F60C13DFE6DDAFD8E9271,AAB430A4C95F2C2814E96BAB250EA749E4FD6A687D3F60C13DFE6DDAFD8E9271,true,,2026-08-04T11:57:13.710Z
ARD-3242,ac7c356b-bcdf-4700-b31f-c6d2c5b53ca7/ARD-3242.webp,https://ztplxqlthuqkuktbznbo.supabase.co/storage/v1/object/public/products/ac7c356b-bcdf-4700-b31f-c6d2c5b53ca7/ARD-3242.webp,uploaded_verified,201,200,E9B3593FF80C366BDB1F284E3E0992DD9F48A3F9D42C6D02AF8AB2241493B741,E9B3593FF80C366BDB1F284E3E0992DD9F48A3F9D42C6D02AF8AB2241493B741,true,,2026-08-04T11:57:13.753Z
ARD-3244,ac7c356b-bcdf-4700-b31f-c6d2c5b53ca7/ARD-3244.webp,https://ztplxqlthuqkuktbznbo.supabase.co/storage/v1/object/public/products/ac7c356b-bcdf-4700-b31f-c6d2c5b53ca7/ARD-3244.webp,uploaded_verified,201,200,81357500C8EA32101F3DD11A644D829592C1204F0333ACDAFD9C70C3F54CF7D3,81357500C8EA32101F3DD11A644D829592C1204F0333ACDAFD9C70C3F54CF7D3,true,,2026-08-04T11:57:13.781Z
ARD-3245,ac7c356b-bcdf-4700-b31f-c6d2c5b53ca7/ARD-3245.webp,https://ztplxqlthuqkuktbznbo.supabase.co/storage/v1/object/public/products/ac7c356b-bcdf-4700-b31f-c6d2c5b53ca7/ARD-3245.webp,uploaded_verified,201,200,3EE9E203044271A79D376322D2EB35CB728AA667F6A39061D16D7A23625693AF,3EE9E203044271A79D376322D2EB35CB728AA667F6A39061D16D7A23625693AF,true,,2026-08-04T11:57:13.825Z
ARD-3260,ac7c356b-bcdf-4700-b31f-c6d2c5b53ca7/ARD-3260.webp,https://ztplxqlthuqkuktbznbo.supabase.co/storage/v1/object/public/products/ac7c356b-bcdf-4700-b31f-c6d2c5b53ca7/ARD-3260.webp,uploaded_verified,201,200,BB7FB27873511D6B2B44DD23FD458665AC9C2ED331D4F97A6D7B1E1B92F7856C,BB7FB27873511D6B2B44DD23FD458665AC9C2ED331D4F97A6D7B1E1B92F7856C,true,,2026-08-04T11:57:13.864Z
ARD-3274,ac7c356b-bcdf-4700-b31f-c6d2c5b53ca7/ARD-3274.webp,https://ztplxqlthuqkuktbznbo.supabase.co/storage/v1/object/public/products/ac7c356b-bcdf-4700-b31f-c6d2c5b53ca7/ARD-3274.webp,uploaded_verified,201,200,D816C1BC49844C33AFC266CF57020D995873392E3871CFEF4C365F0C3C782022,D816C1BC49844C33AFC266CF57020D995873392E3871CFEF4C365F0C3C782022,true,,2026-08-04T11:57:13.946Z
ARD-3347,ac7c356b-bcdf-4700-b31f-c6d2c5b53ca7/ARD-3347.webp,https://ztplxqlthuqkuktbznbo.supabase.co/storage/v1/object/public/products/ac7c356b-bcdf-4700-b31f-c6d2c5b53ca7/ARD-3347.webp,uploaded_verified,201,200,E2E5EB2EBAFF46AC2F57A5D3DD7D5B92F23377655A8B15F91A9D1D7D2C0F2F8F,E2E5EB2EBAFF46AC2F57A5D3DD7D5B92F23377655A8B15F91A9D1D7D2C0F2F8F,true,,2026-08-04T11:57:13.940Z
ARD-3349,ac7c356b-bcdf-4700-b31f-c6d2c5b53ca7/ARD-3349.webp,https://ztplxqlthuqkuktbznbo.supabase.co/storage/v1/object/public/products/ac7c356b-bcdf-4700-b31f-c6d2c5b53ca7/ARD-3349.webp,uploaded_verified,201,200,E71B8E535EC3D658D1C4BB42BFDF587868D270487B8CA1061D9DB9013DE8C173,E71B8E535EC3D658D1C4BB42BFDF587868D270487B8CA1061D9DB9013DE8C173,true,,2026-08-04T11:57:13.977Z
ARD-3350,ac7c356b-bcdf-4700-b31f-c6d2c5b53ca7/ARD-3350.webp,https://ztplxqlthuqkuktbznbo.supabase.co/storage/v1/object/public/products/ac7c356b-bcdf-4700-b31f-c6d2c5b53ca7/ARD-3350.webp,uploaded_verified,201,200,E7AF185E11F1A2D985D231ADACD959D9CEA8E9BDD9878DF5ECB4C45C2D0382FA,E7AF185E11F1A2D985D231ADACD959D9CEA8E9BDD9878DF5ECB4C45C2D0382FA,true,,2026-08-04T11:57:13.988Z
ARD-3351,ac7c356b-bcdf-4700-b31f-c6d2c5b53ca7/ARD-3351.webp,https://ztplxqlthuqkuktbznbo.supabase.co/storage/v1/object/public/products/ac7c356b-bcdf-4700-b31f-c6d2c5b53ca7/ARD-3351.webp,uploaded_verified,201,200,3F31B8B6E643E40116C71362DF89E1AB06AA7C10AD708C4A5BB1C9C1626EF227,3F31B8B6E643E40116C71362DF89E1AB06AA7C10AD708C4A5BB1C9C1626EF227,true,,2026-08-04T11:57:14.140Z
ARD-3352,ac7c356b-bcdf-4700-b31f-c6d2c5b53ca7/ARD-3352.webp,https://ztplxqlthuqkuktbznbo.supabase.co/storage/v1/object/public/products/ac7c356b-bcdf-4700-b31f-c6d2c5b53ca7/ARD-3352.webp,uploaded_verified,201,200,8F69C673200D39F022E3097BD8B630A3425DE0658713B9211E1F36414E6917BC,8F69C673200D39F022E3097BD8B630A3425DE0658713B9211E1F36414E6917BC,true,,2026-08-04T11:57:14.202Z
ARD-3353,ac7c356b-bcdf-4700-b31f-c6d2c5b53ca7/ARD-3353.webp,https://ztplxqlthuqkuktbznbo.supabase.co/storage/v1/object/public/products/ac7c356b-bcdf-4700-b31f-c6d2c5b53ca7/ARD-3353.webp,uploaded_verified,201,200,6BD6A7EC31E60484A0AA8ADD2BC694F6B6292AD1CC64DAAF68C7F4A85D41A257,6BD6A7EC31E60484A0AA8ADD2BC694F6B6292AD1CC64DAAF68C7F4A85D41A257,true,,2026-08-04T11:57:14.154Z
ARD-3531,ac7c356b-bcdf-4700-b31f-c6d2c5b53ca7/ARD-3531.webp,https://ztplxqlthuqkuktbznbo.supabase.co/storage/v1/object/public/products/ac7c356b-bcdf-4700-b31f-c6d2c5b53ca7/ARD-3531.webp,uploaded_verified,201,200,384727D3B7A8B8A5AFB028032783AE837A07FA891F205637F8613BB4A02FC184,384727D3B7A8B8A5AFB028032783AE837A07FA891F205637F8613BB4A02FC184,true,,2026-08-04T11:57:14.131Z
ARD-3536,ac7c356b-bcdf-4700-b31f-c6d2c5b53ca7/ARD-3536.webp,https://ztplxqlthuqkuktbznbo.supabase.co/storage/v1/object/public/products/ac7c356b-bcdf-4700-b31f-c6d2c5b53ca7/ARD-3536.webp,uploaded_verified,201,200,ACE8BCEF574A0C6FD66ABAE8B4F7272686B5BC54063138F6F98CCFC892848003,ACE8BCEF574A0C6FD66ABAE8B4F7272686B5BC54063138F6F98CCFC892848003,true,,2026-08-04T11:57:14.265Z
ARD-3627,ac7c356b-bcdf-4700-b31f-c6d2c5b53ca7/ARD-3627.webp,https://ztplxqlthuqkuktbznbo.supabase.co/storage/v1/object/public/products/ac7c356b-bcdf-4700-b31f-c6d2c5b53ca7/ARD-3627.webp,uploaded_verified,201,200,669335365C6BDB07A49471B51F6995EE38D796A4204E58E9C2A816199339D35C,669335365C6BDB07A49471B51F6995EE38D796A4204E58E9C2A816199339D35C,true,,2026-08-04T11:57:14.371Z
ARD-3628,ac7c356b-bcdf-4700-b31f-c6d2c5b53ca7/ARD-3628.webp,https://ztplxqlthuqkuktbznbo.supabase.co/storage/v1/object/public/products/ac7c356b-bcdf-4700-b31f-c6d2c5b53ca7/ARD-3628.webp,uploaded_verified,201,200,93527DA84BEFEFFC95684B92F140E2E4FD9550111DC39E60D9A7BFFA1BA927B5,93527DA84BEFEFFC95684B92F140E2E4FD9550111DC39E60D9A7BFFA1BA927B5,true,,2026-08-04T11:57:14.320Z
ARD-3709,ac7c356b-bcdf-4700-b31f-c6d2c5b53ca7/ARD-3709.webp,https://ztplxqlthuqkuktbznbo.supabase.co/storage/v1/object/public/products/ac7c356b-bcdf-4700-b31f-c6d2c5b53ca7/ARD-3709.webp,uploaded_verified,201,200,0D2D5756EC289C668D2DFA021B35F98216EBB0754E4B50E757BB23AC75BFCA84,0D2D5756EC289C668D2DFA021B35F98216EBB0754E4B50E757BB23AC75BFCA84,true,,2026-08-04T11:57:14.335Z
ARD-3710,ac7c356b-bcdf-4700-b31f-c6d2c5b53ca7/ARD-3710.webp,https://ztplxqlthuqkuktbznbo.supabase.co/storage/v1/object/public/products/ac7c356b-bcdf-4700-b31f-c6d2c5b53ca7/ARD-3710.webp,uploaded_verified,201,200,7952DCDB8B6510C4B82F4E24322453B4E3C44DDC7E2F4E4F2285C7A926060A32,7952DCDB8B6510C4B82F4E24322453B4E3C44DDC7E2F4E4F2285C7A926060A32,true,,2026-08-04T11:57:14.413Z
ARD-3711,ac7c356b-bcdf-4700-b31f-c6d2c5b53ca7/ARD-3711.webp,https://ztplxqlthuqkuktbznbo.supabase.co/storage/v1/object/public/products/ac7c356b-bcdf-4700-b31f-c6d2c5b53ca7/ARD-3711.webp,uploaded_verified,201,200,20CF7744FF9B0C40A5943C1092E245890FFDA8FF0EA3ED888863AF81112F477D,20CF7744FF9B0C40A5943C1092E245890FFDA8FF0EA3ED888863AF81112F477D,true,,2026-08-04T11:57:14.462Z
ARD-3712,ac7c356b-bcdf-4700-b31f-c6d2c5b53ca7/ARD-3712.webp,https://ztplxqlthuqkuktbznbo.supabase.co/storage/v1/object/public/products/ac7c356b-bcdf-4700-b31f-c6d2c5b53ca7/ARD-3712.webp,uploaded_verified,201,200,543A5EE3EF91A7B735D7796C5F3ABFD78EF1E7EF34E3F64C425BAC8DFD4D9CD7,543A5EE3EF91A7B735D7796C5F3ABFD78EF1E7EF34E3F64C425BAC8DFD4D9CD7,true,,2026-08-04T11:57:14.495Z
ARD-3714,ac7c356b-bcdf-4700-b31f-c6d2c5b53ca7/ARD-3714.webp,https://ztplxqlthuqkuktbznbo.supabase.co/storage/v1/object/public/products/ac7c356b-bcdf-4700-b31f-c6d2c5b53ca7/ARD-3714.webp,uploaded_verified,201,200,DFAFABB24CDFB9EE654F8E47CE87834EAE17C73AFEE212F0201C29E15242FCC5,DFAFABB24CDFB9EE654F8E47CE87834EAE17C73AFEE212F0201C29E15242FCC5,true,,2026-08-04T11:57:14.503Z
ARD-3897,ac7c356b-bcdf-4700-b31f-c6d2c5b53ca7/ARD-3897.webp,https://ztplxqlthuqkuktbznbo.supabase.co/storage/v1/object/public/products/ac7c356b-bcdf-4700-b31f-c6d2c5b53ca7/ARD-3897.webp,uploaded_verified,201,200,A98C34B8EB20702B8D69B47FBD6FC96384525EAE4490FD61997FD6F5E2C13EA2,A98C34B8EB20702B8D69B47FBD6FC96384525EAE4490FD61997FD6F5E2C13EA2,true,,2026-08-04T11:57:14.560Z
ARD-4138,ac7c356b-bcdf-4700-b31f-c6d2c5b53ca7/ARD-4138.webp,https://ztplxqlthuqkuktbznbo.supabase.co/storage/v1/object/public/products/ac7c356b-bcdf-4700-b31f-c6d2c5b53ca7/ARD-4138.webp,uploaded_verified,201,200,6374DB77F2B112699B2E9D4ED8A301B9FCB3F7A1F2C2CC5DBDB12291BA43A903,6374DB77F2B112699B2E9D4ED8A301B9FCB3F7A1F2C2CC5DBDB12291BA43A903,true,,2026-08-04T11:57:14.714Z
ARD-4214,ac7c356b-bcdf-4700-b31f-c6d2c5b53ca7/ARD-4214.webp,https://ztplxqlthuqkuktbznbo.supabase.co/storage/v1/object/public/products/ac7c356b-bcdf-4700-b31f-c6d2c5b53ca7/ARD-4214.webp,uploaded_verified,201,200,8551EEFF47F061A65DDFD266CE98DE6433B924335C2F9C8193CCF155E5B4E3DA,8551EEFF47F061A65DDFD266CE98DE6433B924335C2F9C8193CCF155E5B4E3DA,true,,2026-08-04T11:57:14.680Z
ARD-4215,ac7c356b-bcdf-4700-b31f-c6d2c5b53ca7/ARD-4215.webp,https://ztplxqlthuqkuktbznbo.supabase.co/storage/v1/object/public/products/ac7c356b-bcdf-4700-b31f-c6d2c5b53ca7/ARD-4215.webp,uploaded_verified,201,200,86319C0F6DF7CEA3860026C1F3670D458C92C176B69DD5BE7542C375095D817E,86319C0F6DF7CEA3860026C1F3670D458C92C176B69DD5BE7542C375095D817E,true,,2026-08-04T11:57:14.723Z
ARD-4246,ac7c356b-bcdf-4700-b31f-c6d2c5b53ca7/ARD-4246.webp,https://ztplxqlthuqkuktbznbo.supabase.co/storage/v1/object/public/products/ac7c356b-bcdf-4700-b31f-c6d2c5b53ca7/ARD-4246.webp,uploaded_verified,201,200,07FA33CED0D93960D898396972BDFE1C7D408BF5AF48A99431218EEF4EC7A628,07FA33CED0D93960D898396972BDFE1C7D408BF5AF48A99431218EEF4EC7A628,true,,2026-08-04T11:57:14.733Z
ARD-4255,ac7c356b-bcdf-4700-b31f-c6d2c5b53ca7/ARD-4255.webp,https://ztplxqlthuqkuktbznbo.supabase.co/storage/v1/object/public/products/ac7c356b-bcdf-4700-b31f-c6d2c5b53ca7/ARD-4255.webp,uploaded_verified,201,200,2C08CC179004238FB47D1CCE62E5B8B92AEE37B5C5F7216272466021A5FAFE23,2C08CC179004238FB47D1CCE62E5B8B92AEE37B5C5F7216272466021A5FAFE23,true,,2026-08-04T11:57:14.815Z
ARD-4256,ac7c356b-bcdf-4700-b31f-c6d2c5b53ca7/ARD-4256.webp,https://ztplxqlthuqkuktbznbo.supabase.co/storage/v1/object/public/products/ac7c356b-bcdf-4700-b31f-c6d2c5b53ca7/ARD-4256.webp,uploaded_verified,201,200,06355D53CDC739CE5C76AB44823CA66BCA45D4FA4B8DC3D38376E397F10F03F6,06355D53CDC739CE5C76AB44823CA66BCA45D4FA4B8DC3D38376E397F10F03F6,true,,2026-08-04T11:57:14.894Z
ARD-4273,ac7c356b-bcdf-4700-b31f-c6d2c5b53ca7/ARD-4273.webp,https://ztplxqlthuqkuktbznbo.supabase.co/storage/v1/object/public/products/ac7c356b-bcdf-4700-b31f-c6d2c5b53ca7/ARD-4273.webp,uploaded_verified,201,200,68A7BD45E32DE8A72831CF3A4118423C7CBE3E4A8BA0113AADC104F04D8E2D87,68A7BD45E32DE8A72831CF3A4118423C7CBE3E4A8BA0113AADC104F04D8E2D87,true,,2026-08-04T11:57:14.900Z
ARD-4286,ac7c356b-bcdf-4700-b31f-c6d2c5b53ca7/ARD-4286.webp,https://ztplxqlthuqkuktbznbo.supabase.co/storage/v1/object/public/products/ac7c356b-bcdf-4700-b31f-c6d2c5b53ca7/ARD-4286.webp,uploaded_verified,201,200,E58DD31A93007482A75EF151E462F398B456DA9EFDB8F5BE63F5494BA2738E25,E58DD31A93007482A75EF151E462F398B456DA9EFDB8F5BE63F5494BA2738E25,true,,2026-08-04T11:57:14.884Z
ARD-4300,ac7c356b-bcdf-4700-b31f-c6d2c5b53ca7/ARD-4300.webp,https://ztplxqlthuqkuktbznbo.supabase.co/storage/v1/object/public/products/ac7c356b-bcdf-4700-b31f-c6d2c5b53ca7/ARD-4300.webp,uploaded_verified,201,200,85B869E4260033F366C765C744A8FD227BD7677023BA1CD4C78C600E022D4DBE,85B869E4260033F366C765C744A8FD227BD7677023BA1CD4C78C600E022D4DBE,true,,2026-08-04T11:57:14.952Z
ARD-4336,ac7c356b-bcdf-4700-b31f-c6d2c5b53ca7/ARD-4336.webp,https://ztplxqlthuqkuktbznbo.supabase.co/storage/v1/object/public/products/ac7c356b-bcdf-4700-b31f-c6d2c5b53ca7/ARD-4336.webp,uploaded_verified,201,200,E98E627072DB935590D8900CC6BB770A4879B379D7C1BE0FBE19246C513E95D4,E98E627072DB935590D8900CC6BB770A4879B379D7C1BE0FBE19246C513E95D4,true,,2026-08-04T11:57:15.183Z
ARD-4564,ac7c356b-bcdf-4700-b31f-c6d2c5b53ca7/ARD-4564.webp,https://ztplxqlthuqkuktbznbo.supabase.co/storage/v1/object/public/products/ac7c356b-bcdf-4700-b31f-c6d2c5b53ca7/ARD-4564.webp,uploaded_verified,201,200,C0FD76A4ADD2B009B29D098074EE8F6D6042A94D0C12F12C25BA0978FFFC23EE,C0FD76A4ADD2B009B29D098074EE8F6D6042A94D0C12F12C25BA0978FFFC23EE,true,,2026-08-04T11:57:15.081Z
ARD-463,ac7c356b-bcdf-4700-b31f-c6d2c5b53ca7/ARD-463.webp,https://ztplxqlthuqkuktbznbo.supabase.co/storage/v1/object/public/products/ac7c356b-bcdf-4700-b31f-c6d2c5b53ca7/ARD-463.webp,uploaded_verified,201,200,0B201B23A65150E6380E6124F246ED5ED688444FF47FD3D2C6911D84923D782D,0B201B23A65150E6380E6124F246ED5ED688444FF47FD3D2C6911D84923D782D,true,,2026-08-04T11:57:15.037Z
ARD-4637,ac7c356b-bcdf-4700-b31f-c6d2c5b53ca7/ARD-4637.webp,https://ztplxqlthuqkuktbznbo.supabase.co/storage/v1/object/public/products/ac7c356b-bcdf-4700-b31f-c6d2c5b53ca7/ARD-4637.webp,uploaded_verified,201,200,AC1D1A03D3BB5AB84111CAEF61F7E7BB8C955E072E99EE4ED3312B96B8477228,AC1D1A03D3BB5AB84111CAEF61F7E7BB8C955E072E99EE4ED3312B96B8477228,true,,2026-08-04T11:57:15.088Z
ARD-465,ac7c356b-bcdf-4700-b31f-c6d2c5b53ca7/ARD-465.webp,https://ztplxqlthuqkuktbznbo.supabase.co/storage/v1/object/public/products/ac7c356b-bcdf-4700-b31f-c6d2c5b53ca7/ARD-465.webp,uploaded_verified,201,200,1CA9E9ACA4DAD35083C7E47777E0D5083BFD78C1B5E2E87C58AA9AD3C0787713,1CA9E9ACA4DAD35083C7E47777E0D5083BFD78C1B5E2E87C58AA9AD3C0787713,true,,2026-08-04T11:57:15.278Z
ARD-466,ac7c356b-bcdf-4700-b31f-c6d2c5b53ca7/ARD-466.webp,https://ztplxqlthuqkuktbznbo.supabase.co/storage/v1/object/public/products/ac7c356b-bcdf-4700-b31f-c6d2c5b53ca7/ARD-466.webp,uploaded_verified,201,200,632F643F1774220339EDF2646F5A7796218588D35AB685AA9887A2519039CB11,632F643F1774220339EDF2646F5A7796218588D35AB685AA9887A2519039CB11,true,,2026-08-04T11:57:15.212Z
ARD-4660,ac7c356b-bcdf-4700-b31f-c6d2c5b53ca7/ARD-4660.webp,https://ztplxqlthuqkuktbznbo.supabase.co/storage/v1/object/public/products/ac7c356b-bcdf-4700-b31f-c6d2c5b53ca7/ARD-4660.webp,uploaded_verified,201,200,6BE3B3F8D46A740A67EC3F5AAEAEE74F3B42079A54535E1AAB8A73163AC90C35,6BE3B3F8D46A740A67EC3F5AAEAEE74F3B42079A54535E1AAB8A73163AC90C35,true,,2026-08-04T11:57:15.228Z
ARD-4664,ac7c356b-bcdf-4700-b31f-c6d2c5b53ca7/ARD-4664.webp,https://ztplxqlthuqkuktbznbo.supabase.co/storage/v1/object/public/products/ac7c356b-bcdf-4700-b31f-c6d2c5b53ca7/ARD-4664.webp,uploaded_verified,201,200,70410673D8A46950FEC4C4DB3C1B7FF9BD66EB4A60ED87951E8753F56CC30C88,70410673D8A46950FEC4C4DB3C1B7FF9BD66EB4A60ED87951E8753F56CC30C88,true,,2026-08-04T11:57:15.383Z
ARD-467,ac7c356b-bcdf-4700-b31f-c6d2c5b53ca7/ARD-467.webp,https://ztplxqlthuqkuktbznbo.supabase.co/storage/v1/object/public/products/ac7c356b-bcdf-4700-b31f-c6d2c5b53ca7/ARD-467.webp,uploaded_verified,201,200,4108F0D3AEFF4AE51F20CD7CA22DBD98B48A9E41DA8EA3776D3EAC74E741D794,4108F0D3AEFF4AE51F20CD7CA22DBD98B48A9E41DA8EA3776D3EAC74E741D794,true,,2026-08-04T11:57:15.362Z
ARD-4680,ac7c356b-bcdf-4700-b31f-c6d2c5b53ca7/ARD-4680.webp,https://ztplxqlthuqkuktbznbo.supabase.co/storage/v1/object/public/products/ac7c356b-bcdf-4700-b31f-c6d2c5b53ca7/ARD-4680.webp,uploaded_verified,201,200,A7965E8B3B582CCE21A0622E07BB29AA12C6A22D147E4972FA37A1ECAC8E76FB,A7965E8B3B582CCE21A0622E07BB29AA12C6A22D147E4972FA37A1ECAC8E76FB,true,,2026-08-04T11:57:15.360Z
ARD-4685,ac7c356b-bcdf-4700-b31f-c6d2c5b53ca7/ARD-4685.webp,https://ztplxqlthuqkuktbznbo.supabase.co/storage/v1/object/public/products/ac7c356b-bcdf-4700-b31f-c6d2c5b53ca7/ARD-4685.webp,uploaded_verified,201,200,219439A09C9ED7C49DEBC92B47107B65B2CF94DDA2B03EEA59530D23467959FA,219439A09C9ED7C49DEBC92B47107B65B2CF94DDA2B03EEA59530D23467959FA,true,,2026-08-04T11:57:15.438Z
ARD-4686,ac7c356b-bcdf-4700-b31f-c6d2c5b53ca7/ARD-4686.webp,https://ztplxqlthuqkuktbznbo.supabase.co/storage/v1/object/public/products/ac7c356b-bcdf-4700-b31f-c6d2c5b53ca7/ARD-4686.webp,uploaded_verified,201,200,F3DAAB3F9A265BF2684CBFC9F517DC279E57564A703255F3E8F27425A719F1DA,F3DAAB3F9A265BF2684CBFC9F517DC279E57564A703255F3E8F27425A719F1DA,true,,2026-08-04T11:57:15.502Z
ARD-4750,ac7c356b-bcdf-4700-b31f-c6d2c5b53ca7/ARD-4750.webp,https://ztplxqlthuqkuktbznbo.supabase.co/storage/v1/object/public/products/ac7c356b-bcdf-4700-b31f-c6d2c5b53ca7/ARD-4750.webp,uploaded_verified,201,200,AA2B33B4155A7EAA776DDE3769E3340194CA2290D9397355AE84A257DF58B00E,AA2B33B4155A7EAA776DDE3769E3340194CA2290D9397355AE84A257DF58B00E,true,,2026-08-04T11:57:15.480Z
ARD-4751,ac7c356b-bcdf-4700-b31f-c6d2c5b53ca7/ARD-4751.webp,https://ztplxqlthuqkuktbznbo.supabase.co/storage/v1/object/public/products/ac7c356b-bcdf-4700-b31f-c6d2c5b53ca7/ARD-4751.webp,uploaded_verified,201,200,67BAE9D4971718069E2D6A7A21B9635CF77665EE4DA1A0E476FD11CDE9F49A16,67BAE9D4971718069E2D6A7A21B9635CF77665EE4DA1A0E476FD11CDE9F49A16,true,,2026-08-04T11:57:15.545Z
ARD-4752,ac7c356b-bcdf-4700-b31f-c6d2c5b53ca7/ARD-4752.webp,https://ztplxqlthuqkuktbznbo.supabase.co/storage/v1/object/public/products/ac7c356b-bcdf-4700-b31f-c6d2c5b53ca7/ARD-4752.webp,uploaded_verified,201,200,6425746949CE934A3209C7FFA0EF2BAEFB03FFFD10707113E96CE7A18C38467E,6425746949CE934A3209C7FFA0EF2BAEFB03FFFD10707113E96CE7A18C38467E,true,,2026-08-04T11:57:15.563Z
ARD-4770,ac7c356b-bcdf-4700-b31f-c6d2c5b53ca7/ARD-4770.webp,https://ztplxqlthuqkuktbznbo.supabase.co/storage/v1/object/public/products/ac7c356b-bcdf-4700-b31f-c6d2c5b53ca7/ARD-4770.webp,uploaded_verified,201,200,154AEB7DA3DD65A46936EFB70CB99F5AC72C110A00FDA4AEE2C5DC4E5E20E980,154AEB7DA3DD65A46936EFB70CB99F5AC72C110A00FDA4AEE2C5DC4E5E20E980,true,,2026-08-04T11:57:15.637Z
ARD-479,ac7c356b-bcdf-4700-b31f-c6d2c5b53ca7/ARD-479.webp,https://ztplxqlthuqkuktbznbo.supabase.co/storage/v1/object/public/products/ac7c356b-bcdf-4700-b31f-c6d2c5b53ca7/ARD-479.webp,uploaded_verified,201,200,8BEE53E48E807D29227E84F907D267369F217BB3DBF393E6F0DACCA87797153D,8BEE53E48E807D29227E84F907D267369F217BB3DBF393E6F0DACCA87797153D,true,,2026-08-04T11:57:15.623Z
ARD-4792,ac7c356b-bcdf-4700-b31f-c6d2c5b53ca7/ARD-4792.webp,https://ztplxqlthuqkuktbznbo.supabase.co/storage/v1/object/public/products/ac7c356b-bcdf-4700-b31f-c6d2c5b53ca7/ARD-4792.webp,uploaded_verified,201,200,C59A9651B90D98994598AD72A8FBB6224A83A34B35015BC86A989BE251C0B5A2,C59A9651B90D98994598AD72A8FBB6224A83A34B35015BC86A989BE251C0B5A2,true,,2026-08-04T11:57:15.753Z
ARD-4807,ac7c356b-bcdf-4700-b31f-c6d2c5b53ca7/ARD-4807.webp,https://ztplxqlthuqkuktbznbo.supabase.co/storage/v1/object/public/products/ac7c356b-bcdf-4700-b31f-c6d2c5b53ca7/ARD-4807.webp,uploaded_verified,201,200,D880EBFF56F87844471AA1FE0A7E53FE2DAF1A1A0B5AA935AD5B986243130834,D880EBFF56F87844471AA1FE0A7E53FE2DAF1A1A0B5AA935AD5B986243130834,true,,2026-08-04T11:57:15.729Z
ARD-5036,ac7c356b-bcdf-4700-b31f-c6d2c5b53ca7/ARD-5036.webp,https://ztplxqlthuqkuktbznbo.supabase.co/storage/v1/object/public/products/ac7c356b-bcdf-4700-b31f-c6d2c5b53ca7/ARD-5036.webp,uploaded_verified,201,200,D06C3D98E655D82D57A7800AA3049B1B2271FE2E43356AAED270C9A4148ABC8C,D06C3D98E655D82D57A7800AA3049B1B2271FE2E43356AAED270C9A4148ABC8C,true,,2026-08-04T11:57:15.747Z
ARD-5058,ac7c356b-bcdf-4700-b31f-c6d2c5b53ca7/ARD-5058.webp,https://ztplxqlthuqkuktbznbo.supabase.co/storage/v1/object/public/products/ac7c356b-bcdf-4700-b31f-c6d2c5b53ca7/ARD-5058.webp,uploaded_verified,201,200,0EADFB4AAA73A1B75A577ED8B8866DA6E3AA62FA22B7B438BEBEDED86CDC3A77,0EADFB4AAA73A1B75A577ED8B8866DA6E3AA62FA22B7B438BEBEDED86CDC3A77,true,,2026-08-04T11:57:15.769Z
ARD-663,ac7c356b-bcdf-4700-b31f-c6d2c5b53ca7/ARD-663.webp,https://ztplxqlthuqkuktbznbo.supabase.co/storage/v1/object/public/products/ac7c356b-bcdf-4700-b31f-c6d2c5b53ca7/ARD-663.webp,uploaded_verified,201,200,1C5299745D09D44A3163B35687E04E0E61632804833E7C4685A7FB2CD50D85F8,1C5299745D09D44A3163B35687E04E0E61632804833E7C4685A7FB2CD50D85F8,true,,2026-08-04T11:57:15.865Z
ARD-715,ac7c356b-bcdf-4700-b31f-c6d2c5b53ca7/ARD-715.webp,https://ztplxqlthuqkuktbznbo.supabase.co/storage/v1/object/public/products/ac7c356b-bcdf-4700-b31f-c6d2c5b53ca7/ARD-715.webp,uploaded_verified,201,200,95D019BD58C38467FFB70F7D9D27D5B78AD29CC568702031D976A95E99A47A96,95D019BD58C38467FFB70F7D9D27D5B78AD29CC568702031D976A95E99A47A96,true,,2026-08-04T11:57:15.886Z
ARD-766,ac7c356b-bcdf-4700-b31f-c6d2c5b53ca7/ARD-766.webp,https://ztplxqlthuqkuktbznbo.supabase.co/storage/v1/object/public/products/ac7c356b-bcdf-4700-b31f-c6d2c5b53ca7/ARD-766.webp,uploaded_verified,201,200,136E526FD718BBF53893A8970B71163152AD18B8700EF5A5CCF79930B31FCCD9,136E526FD718BBF53893A8970B71163152AD18B8700EF5A5CCF79930B31FCCD9,true,,2026-08-04T11:57:15.894Z
ARD-775,ac7c356b-bcdf-4700-b31f-c6d2c5b53ca7/ARD-775.webp,https://ztplxqlthuqkuktbznbo.supabase.co/storage/v1/object/public/products/ac7c356b-bcdf-4700-b31f-c6d2c5b53ca7/ARD-775.webp,uploaded_verified,201,200,30294AA332041500AAFF06361074A78C0549BB5CC32CF49878698E220243C755,30294AA332041500AAFF06361074A78C0549BB5CC32CF49878698E220243C755,true,,2026-08-04T11:57:15.937Z
ARD-823,ac7c356b-bcdf-4700-b31f-c6d2c5b53ca7/ARD-823.webp,https://ztplxqlthuqkuktbznbo.supabase.co/storage/v1/object/public/products/ac7c356b-bcdf-4700-b31f-c6d2c5b53ca7/ARD-823.webp,uploaded_verified,201,200,66107F82113F7E6E82BDD34EBBF5790F718A10DF68A245FEE5807767E9549057,66107F82113F7E6E82BDD34EBBF5790F718A10DF68A245FEE5807767E9549057,true,,2026-08-04T11:57:16.017Z
ARD-92,ac7c356b-bcdf-4700-b31f-c6d2c5b53ca7/ARD-92.webp,https://ztplxqlthuqkuktbznbo.supabase.co/storage/v1/object/public/products/ac7c356b-bcdf-4700-b31f-c6d2c5b53ca7/ARD-92.webp,uploaded_verified,201,200,4161A2BFE482B79BE39BF866AACD135197EF99B7E8B663969AAD7278A4E342D8,4161A2BFE482B79BE39BF866AACD135197EF99B7E8B663969AAD7278A4E342D8,true,,2026-08-04T11:57:16.071Z
ARD-957,ac7c356b-bcdf-4700-b31f-c6d2c5b53ca7/ARD-957.webp,https://ztplxqlthuqkuktbznbo.supabase.co/storage/v1/object/public/products/ac7c356b-bcdf-4700-b31f-c6d2c5b53ca7/ARD-957.webp,uploaded_verified,201,200,7AFF2DA57E6E697EFFC767D272047F388BFB5ABE10AC13D3FC8A49A8009B24A5,7AFF2DA57E6E697EFFC767D272047F388BFB5ABE10AC13D3FC8A49A8009B24A5,true,,2026-08-04T11:57:16.031Z
ARD-958,ac7c356b-bcdf-4700-b31f-c6d2c5b53ca7/ARD-958.webp,https://ztplxqlthuqkuktbznbo.supabase.co/storage/v1/object/public/products/ac7c356b-bcdf-4700-b31f-c6d2c5b53ca7/ARD-958.webp,uploaded_verified,201,200,5C73D21111F12E4E353A66784542C4C66BB54FB48A27150D011463EE37F0AD01,5C73D21111F12E4E353A66784542C4C66BB54FB48A27150D011463EE37F0AD01,true,,2026-08-04T11:57:16.185Z
ARD-959,ac7c356b-bcdf-4700-b31f-c6d2c5b53ca7/ARD-959.webp,https://ztplxqlthuqkuktbznbo.supabase.co/storage/v1/object/public/products/ac7c356b-bcdf-4700-b31f-c6d2c5b53ca7/ARD-959.webp,uploaded_verified,201,200,5EB325EF1934E5327106B47C477193FD4D26D577943253C06303696420EF3D1B,5EB325EF1934E5327106B47C477193FD4D26D577943253C06303696420EF3D1B,true,,2026-08-04T11:57:16.315Z
ARD-970,ac7c356b-bcdf-4700-b31f-c6d2c5b53ca7/ARD-970.webp,https://ztplxqlthuqkuktbznbo.supabase.co/storage/v1/object/public/products/ac7c356b-bcdf-4700-b31f-c6d2c5b53ca7/ARD-970.webp,uploaded_verified,201,200,6169B26AEC46D1CDCAC11F2AED42AAE8A24F3E0ABC0B29F798AA005F88BC603B,6169B26AEC46D1CDCAC11F2AED42AAE8A24F3E0ABC0B29F798AA005F88BC603B,true,,2026-08-04T11:57:16.165Z
