priority,merchant_sku,product_name,source_product_url,image_source_url,source_type,identity_match,review_status,downloaded_at,normalized_file,mime,width,height,bytes,sha256,notes
1,ARD-2389,"معطر دبدوب مني باريس Eau Blue",".tmp-product-import/ard-al-khaleej/bulk2200/normalized/ARD-2389.webp",".tmp-product-import/ard-al-khaleej/bulk2200/normalized/ARD-2389.webp",local_file,YES,APPROVED,2026-08-14T17:00:00Z,ac7c356b-bcdf-4700-b31f-c6d2c5b53ca7/bulk2200/ARD-2389-C2F5E48D.webp,image/webp,1200,1200,109276,C2F5E48DCD4BC7C3B9AFAC06F958CB19E59DFADCCE63FDC18A1444DCCB92BE0D,"ARD-2389.jpg"
2,ARD-2399,"معطر دبدوب مني باريس La Nina",".tmp-product-import/ard-al-khaleej/bulk2200/normalized/ARD-2399.webp",".tmp-product-import/ard-al-khaleej/bulk2200/normalized/ARD-2399.webp",local_file,YES,APPROVED,2026-08-14T17:00:00Z,ac7c356b-bcdf-4700-b31f-c6d2c5b53ca7/bulk2200/ARD-2399-8CAD9A97.webp,image/webp,1200,1200,81430,8CAD9A97F1610AA72A9B8ED0D09FB5BF314EF340ADC1B05C86E7300640B119E9,"ARD-2399.jpg"
3,ARD-1828,"عطر يقين 100 مل",".tmp-product-import/ard-al-khaleej/bulk2200/normalized/ARD-1828.webp",".tmp-product-import/ard-al-khaleej/bulk2200/normalized/ARD-1828.webp",local_file,YES,APPROVED,2026-08-14T17:00:00Z,ac7c356b-bcdf-4700-b31f-c6d2c5b53ca7/bulk2200/ARD-1828-96F7B9B5.webp,image/webp,1200,1200,202744,96F7B9B53118FFE0F562227FF6822664558716B4F45E4D00A3F0A87FFA9CC80A,"ARD-1828.jpg"
4,ARD-2046,"عطر اهل الفخر 100 مل",".tmp-product-import/ard-al-khaleej/bulk2200/normalized/ARD-2046.webp",".tmp-product-import/ard-al-khaleej/bulk2200/normalized/ARD-2046.webp",local_file,YES,APPROVED,2026-08-14T17:00:00Z,ac7c356b-bcdf-4700-b31f-c6d2c5b53ca7/bulk2200/ARD-2046-01270F77.webp,image/webp,1200,1200,192702,01270F77DA9518A5476EB9715488E493A47C7EB486F9756BE99372ECA3B70672,"ARD-2046.jpg"
5,ARD-2513,"عطر حياتي انت",".tmp-product-import/ard-al-khaleej/bulk2200/normalized/ARD-2513.webp",".tmp-product-import/ard-al-khaleej/bulk2200/normalized/ARD-2513.webp",local_file,YES,APPROVED,2026-08-14T17:00:00Z,ac7c356b-bcdf-4700-b31f-c6d2c5b53ca7/bulk2200/ARD-2513-878B9266.webp,image/webp,1200,1200,138184,878B92665189CD5BA11BD206392553E167A622BE88D5EC73933A3A6C385EC53B,"ARD-2513.jpg"
6,ARD-2337,"عطر روز كولد",".tmp-product-import/ard-al-khaleej/bulk2200/normalized/ARD-2337.webp",".tmp-product-import/ard-al-khaleej/bulk2200/normalized/ARD-2337.webp",local_file,YES,APPROVED,2026-08-14T17:00:00Z,ac7c356b-bcdf-4700-b31f-c6d2c5b53ca7/bulk2200/ARD-2337-49CBF2F7.webp,image/webp,1200,1200,7958,49CBF2F78E2C02B1BFC430A9AB719436DBFAF9152D4A1A268302305EE3E8C332,"ARD-2337.jpg"
7,ARD-2826,"عطر الفخر 100 مل",".tmp-product-import/ard-al-khaleej/bulk2200/normalized/ARD-2826.webp",".tmp-product-import/ard-al-khaleej/bulk2200/normalized/ARD-2826.webp",local_file,YES,APPROVED,2026-08-14T17:00:00Z,ac7c356b-bcdf-4700-b31f-c6d2c5b53ca7/bulk2200/ARD-2826-3866C2FD.webp,image/webp,1200,1200,58464,3866C2FDF679702ACDE9351664AE03E2DA09285A347D4874FC78AE85F3ADD0F8,"ARD-2826.jpg"
8,ARD-4883,"بودي مست بديع العود نوبل بلوش 250 مل",".tmp-product-import/ard-al-khaleej/bulk2200/normalized/ARD-4883.webp",".tmp-product-import/ard-al-khaleej/bulk2200/normalized/ARD-4883.webp",local_file,YES,APPROVED,2026-08-14T17:00:00Z,ac7c356b-bcdf-4700-b31f-c6d2c5b53ca7/bulk2200/ARD-4883-31A633D3.webp,image/webp,1200,1200,104276,31A633D38F68B64F867D86A804A3F07D149F5B58692AC15CFAEA6EF60498C5EF,"ARD-4883.jpg"
9,ARD-5049,"عطر هوس فور هم كوبرا 100 مل",".tmp-product-import/ard-al-khaleej/bulk2200/normalized/ARD-5049.webp",".tmp-product-import/ard-al-khaleej/bulk2200/normalized/ARD-5049.webp",local_file,YES,APPROVED,2026-08-14T17:00:00Z,ac7c356b-bcdf-4700-b31f-c6d2c5b53ca7/bulk2200/ARD-5049-D91B94E1.webp,image/webp,1200,1200,78496,D91B94E1FAAC00C764E015B4D34AB5DE02E86A480530931AE072A181875DF03A,"ARD-5049.jpg"
